rollout/ep_rew_mean,time/iterations,time/time_elapsed,time/fps,rollout/ep_len_mean,time/total_timesteps,train/clip_range,train/clip_fraction,train/explained_variance,train/learning_rate,train/policy_gradient_loss,train/value_loss,train/entropy_loss,train/approx_kl,train/loss,train/n_updates,train/std
-1.72374239,1,18,110,5.54,2048,,,,,,,,,,,
-0.77271422,2,38,105,6.25,4096,0.2,0.184814453125,-0.12809765338897705,0.0003,-0.024346974195213988,6.036170829087496,-2.815703083574772,0.018343508,2.0287375450134277,10,0.9789314866065979
-0.69159324,3,59,104,6.69,6144,0.2,0.193701171875,0.2752988338470459,0.0003,-0.03430981784476898,4.373695560544729,-2.7565284341573717,0.018162899,2.4575140476226807,20,0.9466444253921509
0.34651374999999995,4,79,103,7.2,8192,0.2,0.153759765625,0.3757472634315491,0.0003,-0.027325811868649907,3.994696244597435,-2.681512779742479,0.015670886,3.049306869506836,30,0.9104509353637695
0.6820312900000002,5,99,102,6.8,10240,0.2,0.130859375,0.3560279607772827,0.0003,-0.024091004572983365,5.666701878607273,-2.614763142168522,0.01350222,3.352186679840088,40,0.8847974538803101
0.30631565000000005,6,121,101,7.34,12288,0.2,0.1974609375,0.40905851125717163,0.0003,-0.030595019958855118,4.928237100690604,-2.550505445897579,0.018117521,3.4555020332336426,50,0.8534348607063293
1.9261056499999998,7,143,100,7.54,14336,0.2,0.154638671875,0.43957382440567017,0.0003,-0.02561268313002074,5.850523141771555,-2.4951534286141395,0.014955291,2.339827299118042,60,0.8394989967346191
1.66620476,8,166,98,7.34,16384,0.2,0.151318359375,0.38930386304855347,0.0003,-0.02552484959596768,7.873441059887409,-2.443391840904951,0.014956808,4.245961666107178,70,0.8109716176986694
2.66192793,9,190,96,7.43,18432,0.2,0.15859375,0.42660123109817505,0.0003,-0.027058624170604163,8.324383349716664,-2.3736844949424265,0.016662035,4.865459442138672,80,0.7846307754516602
3.26736155,10,212,96,7.98,20480,0.2,0.147119140625,0.40797585248947144,0.0003,-0.023175992852338824,9.907096368819476,-2.3099287264049053,0.016897738,5.041259288787842,90,0.7623668313026428
3.9285184600000003,11,233,96,7.65,22528,0.2,0.157421875,0.38299036026000977,0.0003,-0.025148051856376696,14.058586253225803,-2.2511245094239714,0.017758481,6.959158420562744,100,0.7397575378417969
3.73873111,12,255,96,7.58,24576,0.2,0.162255859375,0.34963279962539673,0.0003,-0.028680687652376947,15.73373359888792,-2.1773585863411427,0.018708557,6.132918834686279,110,0.7105604410171509
5.853645070000002,13,277,95,8.17,26624,0.2,0.169384765625,0.3382933735847473,0.0003,-0.022057973650225902,20.62035784572363,-2.1129950948059557,0.014423059,6.310715675354004,120,0.693712592124939
7.20311733,14,300,95,8.8,28672,0.2,0.167529296875,0.33775049448013306,0.0003,-0.025839047657791527,23.00504149198532,-2.0633806861937045,0.018221121,6.838044166564941,130,0.6758670806884766
6.43082187,15,322,95,8.4,30720,0.2,0.1974609375,0.3820807933807373,0.0003,-0.030185895634349435,27.002390199899672,-2.006468055397272,0.019245977,15.113958358764648,140,0.6578469276428223
7.5620771599999985,16,344,95,8.14,32768,0.2,0.142236328125,0.33938974142074585,0.0003,-0.02265440324699739,32.856060716509816,-1.9529326532036066,0.013897618,20.60118293762207,150,0.6409176588058472
9.21838474,17,366,94,8.78,34816,0.2,0.147216796875,0.36358028650283813,0.0003,-0.025212032921263016,34.4124032497406,-1.8811165444552898,0.017330997,11.307750701904297,160,0.6142655611038208
9.01556741,18,390,94,9.34,36864,0.2,0.1802734375,0.33721619844436646,0.0003,-0.025870049931108953,38.4892451941967,-1.8047667432576417,0.019193372,23.79574966430664,170,0.5939904451370239
10.678509510000001,19,415,93,9.6,38912,0.2,0.174755859375,0.4322124123573303,0.0003,-0.023413966481166427,41.82652092576027,-1.7372220788151025,0.016960481,22.18514633178711,180,0.5753239393234253
11.60313809,20,440,93,9.19,40960,0.2,0.155712890625,0.3707423210144043,0.0003,-0.02451226978591876,48.075551974773404,-1.6718088425695896,0.017118234,31.3773250579834,190,0.5587313175201416
13.28840832,21,466,92,9.51,43008,0.2,0.1646484375,0.35274016857147217,0.0003,-0.021567498888180124,52.53975073695183,-1.6135732151567936,0.01686282,25.053585052490234,200,0.5446872711181641
11.93121224,22,492,91,10.12,45056,0.2,0.158349609375,0.3696046471595764,0.0003,-0.023711377289146185,49.90695115327835,-1.5486431479454041,0.016234627,25.621505737304688,210,0.5253087878227234
15.039622579999998,23,516,91,10.23,47104,0.2,0.207861328125,0.4451637268066406,0.0003,-0.025471532542724162,50.92833997011185,-1.4704135436564685,0.0204833,25.116661071777344,220,0.5043471455574036
13.292336380000002,24,541,90,9.72,49152,0.2,0.150390625,0.3778001070022583,0.0003,-0.022522522893268615,59.389537727832796,-1.4035909183323383,0.016943917,35.413875579833984,230,0.491313099861145
16.279478320000003,25,566,90,10.26,51200,0.2,0.165576171875,0.3813517093658447,0.0003,-0.02108909332746407,58.111077916622165,-1.3378176547586917,0.02215404,21.885944366455078,240,0.4743725657463074
16.998333619999997,26,591,90,10.4,53248,0.2,0.17861328125,0.4207097291946411,0.0003,-0.025272565137129277,59.46353833675384,-1.2625102106481791,0.021790486,20.987709045410156,250,0.4584049582481384
21.2672843,27,615,89,11.34,55296,0.2,0.190771484375,0.3994472622871399,0.0003,-0.025564035403658637,65.49876967668533,-1.196986974030733,0.01845685,37.55063247680664,260,0.4463265836238861
19.70369727,28,639,89,11.75,57344,0.2,0.17236328125,0.40215080976486206,0.0003,-0.01942502137972042,63.879399597644806,-1.1341879963874817,0.022592736,34.530330657958984,270,0.4336701035499573
22.801020689999994,29,663,89,11.68,59392,0.2,0.201904296875,0.4834614396095276,0.0003,-0.019687429620535112,61.090960228443144,-1.0684550154954195,0.026597172,28.429298400878906,280,0.4198035001754761
23.935016719999993,30,686,89,12.24,61440,0.2,0.206494140625,0.46418672800064087,0.0003,-0.02599684288725257,66.63917762041092,-1.006861738488078,0.025245037,25.301923751831055,290,0.41031914949417114
24.533006930000003,31,710,89,13.05,63488,0.2,0.20888671875,0.49281859397888184,0.0003,-0.023109578400180908,63.67287856340408,-0.9466173691675067,0.023080941,31.821348190307617,300,0.39831042289733887
26.98795302,32,735,89,12.55,65536,0.2,0.19208984375,0.5382781028747559,0.0003,-0.0178079576959135,63.303654563426974,-0.8778154630213976,0.021502214,27.69561004638672,310,0.3838414251804352
27.464481369999998,33,759,89,12.48,67584,0.2,0.22197265625,0.5038226842880249,0.0003,-0.02006929762719665,72.65258430242538,-0.8132837504148483,0.021979345,38.396934509277344,320,0.3729535639286041
28.36948915,34,782,88,12.83,69632,0.2,0.19091796875,0.5130600333213806,0.0003,-0.019533956304076127,69.85019899606705,-0.7583256019279361,0.02200805,31.804309844970703,330,0.36480069160461426
28.516324880000003,35,806,88,12.86,71680,0.2,0.19912109375,0.578081488609314,0.0003,-0.023141595850756858,62.28105081915855,-0.7076568257063627,0.021856518,34.16987228393555,340,0.3566038906574249
31.259574569999998,36,829,88,13.5,73728,0.2,0.232373046875,0.6195015907287598,0.0003,-0.02253010011918377,53.668048763275145,-0.6444054933264851,0.026130963,22.779098510742188,350,0.34387683868408203
31.461842159999996,37,854,88,13.44,75776,0.2,0.24365234375,0.6184661388397217,0.0003,-0.021570820835768244,55.303622806072234,-0.5763629820197821,0.029473498,25.7810115814209,360,0.33416882157325745
32.30327833,38,877,88,13.78,77824,0.2,0.25537109375,0.6712672710418701,0.0003,-0.022512063004251105,49.56467905640602,-0.5197893953882158,0.036913533,26.241931915283203,370,0.32647350430488586
31.629239580000004,39,901,88,13.79,79872,0.2,0.28232421875,0.6701829433441162,0.0003,-0.021131645704736003,47.125785779953006,-0.47272499995306133,0.045633428,19.214080810546875,380,0.3197903335094452
33.88925425,40,924,88,14.31,81920,0.2,0.2154296875,0.6591171026229858,0.0003,-0.016393671896366868,57.59297248125076,-0.4277519404888153,0.026182799,23.887174606323242,390,0.313904732465744
34.68204056,41,944,88,13.78,83968,0.2,0.266748046875,0.6688476800918579,0.0003,-0.022088025358243613,55.565307372808455,-0.37195285139605405,0.037230648,30.45423126220703,400,0.3039916753768921
33.56418772,42,965,89,13.72,86016,0.2,0.281396484375,0.701378583908081,0.0003,-0.014240517994039692,52.59719572067261,-0.313838099502027,0.029488225,22.538618087768555,410,0.2964818775653839
35.05249208,43,986,89,13.76,88064,0.2,0.24453125,0.6832553148269653,0.0003,-0.014447144034784287,53.56013303399086,-0.2736658501438797,0.026140513,22.743688583374023,420,0.29145416617393494
35.41704041,44,1008,89,14.02,90112,0.2,0.26884765625,0.7080709934234619,0.0003,-0.015529366978444158,48.140091955661774,-0.22032285770401358,0.034726545,15.519735336303711,430,0.28168898820877075
36.706708,45,1030,89,15.67,92160,0.2,0.278125,0.6983259916305542,0.0003,-0.018424678905284965,50.624309277534486,-0.166021878272295,0.034811318,31.58001708984375,440,0.2764005959033966
36.843695909999994,46,1052,89,14.84,94208,0.2,0.3173828125,0.7395003437995911,0.0003,-0.01670786165050231,43.71478097438812,-0.1300517303869128,0.04674235,13.266948699951172,450,0.27267634868621826
38.51794168,47,1074,89,14.98,96256,0.2,0.302734375,0.7193477153778076,0.0003,-0.01336269988823915,50.08918375372887,-0.08765737228095531,0.039558984,23.468385696411133,460,0.26563024520874023
38.02556884,48,1095,89,17.06,98304,0.2,0.2912109375,0.7514881491661072,0.0003,-0.019728214226779527,47.04227820634842,-0.04011605568230152,0.03776791,26.467098236083984,470,0.26113349199295044
38.55959289,49,1119,89,15.08,100352,0.2,0.310693359375,0.7867375016212463,0.0003,-0.019664746716443915,40.97431720495224,-0.009549787640571595,0.04036429,19.598379135131836,480,0.2583228051662445
40.1887823,50,1143,89,15.38,102400,0.2,0.3388671875,0.7931605577468872,0.0003,-0.013326429095468485,40.89472393393517,0.029651779681444168,0.049444363,10.170683860778809,490,0.2529040575027466
40.58297913,51,1167,89,15.43,104448,0.2,0.313818359375,0.8484771847724915,0.0003,-0.01417255474225385,28.41961301267147,0.05548054166138172,0.049297903,17.020994186401367,500,0.25188329815864563
38.57695482,52,1190,89,14.98,106496,0.2,0.33662109375,0.8437871932983398,0.0003,-0.012070118583505974,30.609598642587663,0.08788451217114926,0.05793019,24.510683059692383,510,0.2475031018257141
39.62250041,53,1212,89,15.11,108544,0.2,0.2962890625,0.7881351113319397,0.0003,-0.016179475754324813,42.758134230971336,0.12570294328033924,0.03474424,20.39958381652832,520,0.24330274760723114
40.873636510000004,54,1233,89,15.64,110592,0.2,0.344287109375,0.8165827989578247,0.0003,-0.010745830670930445,35.16495876908302,0.1435259386897087,0.04674949,19.368824005126953,530,0.2439824938774109
40.52164141,55,1256,89,15.54,112640,0.2,0.33779296875,0.8479949831962585,0.0003,-0.01184397884790087,30.115435421466827,0.1567779377102852,0.063632354,8.948348999023438,540,0.24066896736621857
41.27378161000001,56,1281,89,15.82,114688,0.2,0.327392578125,0.8566781282424927,0.0003,-0.019743714545620607,29.16859647333622,0.18705788291990758,0.047635127,11.03138256072998,550,0.2377195805311203
41.96992707999999,57,1305,89,15.37,116736,0.2,0.36142578125,0.8881524801254272,0.0003,-0.018507632383261807,23.12267982810736,0.21721833012998104,0.05956801,10.528829574584961,560,0.23380619287490845
43.411130310000004,58,1328,89,17.14,118784,0.2,0.346337890625,0.8836374282836914,0.0003,-0.011790511251456337,22.278527481853963,0.24477010779082775,0.05075973,3.4063284397125244,570,0.23195800185203552
42.92319034,59,1352,89,16.36,120832,0.2,0.306982421875,0.9141724705696106,0.0003,-0.01976570550177712,16.238708768785,0.2719800814986229,0.060121197,7.087385654449463,580,0.2275124192237854
42.458228319999996,60,1373,89,17.86,122880,0.2,0.3423828125,0.8639963269233704,0.0003,-0.013239037414314226,28.407067430019378,0.32559479512274264,0.058810174,27.434778213500977,590,0.22194981575012207
43.69644340000001,61,1395,89,18.29,124928,0.2,0.332763671875,0.8864057064056396,0.0003,-0.014274547536479077,26.202008244395255,0.36551975682377813,0.050031163,18.239107131958008,600,0.2200254499912262
44.29977522,62,1416,89,16.42,126976,0.2,0.391650390625,0.9129932522773743,0.0003,-0.006328377843601629,20.157893092930316,0.39754055198282,0.07563634,12.775472640991211,610,0.21694990992546082
43.980467929999996,63,1437,89,18.09,129024,0.2,0.395556640625,0.943312406539917,0.0003,-0.012099903805938084,12.03461812660098,0.42704879101365806,0.10162929,3.8710567951202393,620,0.2154562920331955
44.5763427,64,1460,89,16.74,131072,0.2,0.376318359375,0.9136998653411865,0.0003,-0.01649929966952186,18.028508870303632,0.45553826093673705,0.069542974,6.2442731857299805,630,0.21182064712047577
43.276588919999995,65,1482,89,17.27,133120,0.2,0.332763671875,0.945412814617157,0.0003,-0.017663482307398226,12.252538754791022,0.4814654741436243,0.063692525,7.559574604034424,640,0.21040858328342438
44.87546671999999,66,1504,89,18.76,135168,0.2,0.339404296875,0.8971065282821655,0.0003,-0.00879617195460014,24.529199761152267,0.5035968793556094,0.0560077,20.427509307861328,650,0.20721203088760376
45.04517785999999,67,1530,89,18.3,137216,0.2,0.346533203125,0.9489253163337708,0.0003,-0.01876685150928097,12.114132402092219,0.5264477159827947,0.055641927,5.6754350662231445,660,0.2060367614030838
42.33787986,68,1550,89,20.04,139264,0.2,0.3427734375,0.9355267286300659,0.0003,-0.018939750510617158,16.157002115994693,0.5450329154729843,0.080224074,10.219229698181152,670,0.20429374277591705
45.425907699999996,69,1571,89,17.94,141312,0.2,0.344189453125,0.8553639054298401,0.0003,-0.008889380692562555,34.374298967421055,0.5620505655184388,0.04988963,15.158275604248047,680,0.20264746248722076
45.85823963000001,70,1593,89,18.76,143360,0.2,0.3548828125,0.942435085773468,0.0003,-0.023657364421524107,12.530425538867712,0.5789668425917626,0.10517353,2.6548917293548584,690,0.19967138767242432
44.23996608,71,1614,90,19.09,145408,0.2,0.371533203125,0.9419386982917786,0.0003,-0.018234971779747866,13.172947113215923,0.6033231504261494,0.06654071,3.8446831703186035,700,0.1985676884651184
45.013787029999996,72,1636,90,17.68,147456,0.2,0.350244140625,0.9277477264404297,0.0003,-0.01589564857131336,17.99479612112045,0.6284720925614238,0.06554441,8.58733081817627,710,0.19459354877471924
45.54764128,73,1657,90,18.75,149504,0.2,0.35947265625,0.9198812246322632,0.0003,-0.013216213097621221,21.568113707005978,0.6586679752916098,0.051403373,12.4704008102417,720,0.19301913678646088
43.547746669999995,74,1679,90,17.62,151552,0.2,0.390869140625,0.9573646187782288,0.0003,-0.017262985002889763,9.929431346058845,0.6724280348047614,0.08449145,2.334883451461792,730,0.19113591313362122
46.09133055,75,1700,90,18.3,153600,0.2,0.344189453125,0.8967769145965576,0.0003,-0.009544430683308746,25.619374184310438,0.6941851140931249,0.04330109,29.16919708251953,740,0.18840454518795013
46.922083210000004,76,1722,90,23.93,155648,0.2,0.38583984375,0.9646203517913818,0.0003,-0.008612952145631425,7.84247720092535,0.7158362640067935,0.09860792,2.319322109222412,750,0.18849389255046844
45.89261232,77,1743,90,17.36,157696,0.2,0.423388671875,0.981214165687561,0.0003,-0.017251409824530127,4.780297319591045,0.7266315056011081,0.09992741,0.9935594201087952,760,0.18705445528030396
45.73610529999999,78,1764,90,19.69,159744,0.2,0.38779296875,0.9710415005683899,0.0003,-0.013778044817445333,6.5103396534919735,0.7388167280703783,0.058470197,1.7096467018127441,770,0.1869415044784546
46.681269920000005,79,1785,90,20.15,161792,0.2,0.387109375,0.962601363658905,0.0003,-0.017232996749226005,8.855534605681896,0.7411592308431864,0.10999266,3.0019173622131348,780,0.18702436983585358
46.265025189999996,80,1807,90,19.72,163840,0.2,0.38447265625,0.9705415368080139,0.0003,-0.023055996641051024,6.564962759241462,0.7578985963016749,0.12577373,2.859808921813965,790,0.18508899211883545
47.447524720000004,81,1830,90,20.7,165888,0.2,0.35830078125,0.9738944172859192,0.0003,-0.02154116095698555,6.493890685588122,0.7802136132493616,0.06956783,3.3042445182800293,800,0.18481364846229553
47.33935891,82,1854,90,20.01,167936,0.2,0.376318359375,0.9859657287597656,0.0003,-0.015329292371461634,3.4624075789004563,0.7936225213110447,0.088602625,1.006644368171692,810,0.18292027711868286
47.181494109999996,83,1878,90,21.42,169984,0.2,0.3951171875,0.9873075485229492,0.0003,-0.018161681707715614,3.33441785313189,0.8169901007786393,0.09446421,2.0235774517059326,820,0.18239276111125946
46.30922472999999,84,1904,90,18.9,172032,0.2,0.38330078125,0.9856340885162354,0.0003,-0.015058669661812019,3.9078605111688374,0.8440963141620159,0.07912792,3.3115603923797607,830,0.17939777672290802
46.85592226000001,85,1928,90,22.81,174080,0.2,0.322314453125,0.9726971983909607,0.0003,-0.019871156640874688,6.957317354530096,0.8720327967777848,0.060401395,2.834754705429077,840,0.178621307015419
46.74563358000001,86,1948,90,20.92,176128,0.2,0.411279296875,0.9747251868247986,0.0003,-0.01133588084630901,7.678872648999095,0.8984756670892239,0.11322148,2.2020761966705322,850,0.17596401274204254
47.455587759999986,87,1969,90,20.52,178176,0.2,0.372265625,0.9719640016555786,0.0003,-0.01773033570498228,7.6540753118693825,0.914705092087388,0.07584289,2.722733497619629,860,0.1749308854341507
46.71012841999999,88,1990,90,20.78,180224,0.2,0.415380859375,0.9869908690452576,0.0003,-0.017520014301408083,3.432631992176175,0.9286726828664541,0.09622228,2.4194865226745605,870,0.1739039123058319
47.825541030000004,89,2011,90,21.57,182272,0.2,0.40322265625,0.968895435333252,0.0003,-0.009818160788563545,8.555558602511883,0.9654340099543333,0.09772612,18.47631072998047,880,0.16971305012702942
47.669352849999996,90,2033,90,22.95,184320,0.2,0.3908203125,0.9860031604766846,0.0003,-0.013907593619660475,3.9814941179007293,0.992711441963911,0.10374968,4.3149847984313965,890,0.1683875471353531
46.62685488,91,2054,90,23.26,186368,0.2,0.412890625,0.9828463196754456,0.0003,-0.01322144451260101,5.163680674135685,1.0037695273756981,0.12672645,4.557653427124023,900,0.16822129487991333
46.72156204,92,2075,90,19.51,188416,0.2,0.3736328125,0.9555494785308838,0.0003,-0.018802570219850167,13.007554565370082,1.0185305312275887,0.09690476,2.118481159210205,910,0.16689661145210266
46.78229391000001,93,2096,90,20.66,190464,0.2,0.400146484375,0.9377086162567139,0.0003,-0.012124987260176568,18.787986870110036,1.034111139178276,0.096676566,2.4016940593719482,920,0.16645117104053497
48.020346739999994,94,2117,90,19.24,192512,0.2,0.40078125,0.9649266600608826,0.0003,-0.012764925384544767,10.947120058164,1.0561436988413333,0.11200081,12.586005210876465,930,0.16410444676876068
47.53015603000001,95,2138,90,21.79,194560,0.2,0.41142578125,0.975450336933136,0.0003,-0.01606745864264667,7.008646259456873,1.0898587126284838,0.09892456,11.795093536376953,940,0.16077294945716858
48.142573490000004,96,2160,90,21.56,196608,0.2,0.397900390625,0.9628859758377075,0.0003,-0.02106103720725514,11.01001921519637,1.1243679456412792,0.08675833,3.477821111679077,950,0.1583043932914734
48.58060298,97,2183,90,22.83,198656,0.2,0.39462890625,0.9800091981887817,0.0003,-0.01544345177098876,5.557392948493361,1.1567784063518047,0.11667939,5.259887218475342,960,0.1567336916923523
48.312135129999994,98,2207,90,20.97,200704,0.2,0.431005859375,0.9806409478187561,0.0003,-0.004924092882720288,5.189172518998385,1.194942105934024,0.09918291,3.710136890411377,970,0.15326407551765442
48.649405349999995,99,2233,90,24.75,202752,0.2,0.44150390625,0.976063072681427,0.0003,-0.01439401534080389,7.0081820648163555,1.2164413120597601,0.16707924,1.190106987953186,980,0.15238367021083832
47.62636508999999,100,2257,90,18.83,204800,0.2,0.434228515625,0.9873689413070679,0.0003,-0.013625679670076352,3.8393172666430475,1.2290366169065237,0.12591591,1.4115415811538696,990,0.15270191431045532
47.886866819999995,101,2283,90,21.47,206848,0.2,0.364453125,0.9488983154296875,0.0003,-0.016705382526561154,15.488960904628039,1.240159049257636,0.0752524,3.5802667140960693,1000,0.15227586030960083
49.19262039999999,102,2309,90,22.0,208896,0.2,0.380224609375,0.9681711792945862,0.0003,-0.010655810619937256,10.071420139074325,1.2686471045017242,0.07744896,4.247135162353516,1010,0.15008245408535004
49.5905206,103,2333,90,18.87,210944,0.2,0.4103515625,0.9809129238128662,0.0003,-0.008088330719328952,5.400511690229178,1.2923748146742582,0.12318855,4.951882362365723,1020,0.1495736986398697
49.99133961999999,104,2358,90,20.42,212992,0.2,0.395166015625,0.9700550436973572,0.0003,-0.011146454628033098,7.265574702620507,1.307721656933427,0.11504194,3.227301836013794,1030,0.14869344234466553
49.07923326,105,2384,90,21.61,215040,0.2,0.385498046875,0.9815497398376465,0.0003,-0.020458834136661608,4.46769802570343,1.3255466792732478,0.13670793,2.3685972690582275,1040,0.14829549193382263
49.43318723,106,2408,90,20.12,217088,0.2,0.389599609375,0.9776082634925842,0.0003,-0.006174897454911843,6.906304751336575,1.343012510240078,0.09993361,3.3086206912994385,1050,0.14739839732646942
49.592607820000005,107,2433,90,21.92,219136,0.2,0.4251953125,0.9807322025299072,0.0003,-7.568483415525407e-05,5.82700148448348,1.3626290284097196,0.25671086,2.2340641021728516,1060,0.14670027792453766
49.23795568,108,2457,90,17.45,221184,0.2,0.421630859375,0.9733914732933044,0.0003,-0.00886522704968229,9.09486638456583,1.379358634352684,0.12745152,3.1614294052124023,1070,0.1450512707233429
50.163284399999995,109,2480,89,19.78,223232,0.2,0.401318359375,0.9632415175437927,0.0003,0.0012648989955778233,11.05325790271163,1.4077430479228497,0.106990404,2.9965078830718994,1080,0.1438957005739212
49.40783080000001,110,2504,89,18.66,225280,0.2,0.4220703125,0.9744113087654114,0.0003,-0.0030252621756517327,8.050071059912444,1.4379448156803847,0.11721815,16.60943603515625,1090,0.14117640256881714
49.47075022999999,111,2529,89,21.21,227328,0.2,0.422021484375,0.979134202003479,0.0003,-0.004345967466360889,5.926390862837434,1.4631574925035238,0.11893931,2.426176071166992,1100,0.13994568586349487
49.60268229999999,112,2554,89,21.85,229376,0.2,0.42666015625,0.9675384759902954,0.0003,-0.001542444500955753,10.584930633753538,1.4755830697715282,0.11874285,6.589996337890625,1110,0.1396387368440628
50.64495392000001,113,2577,89,21.93,231424,0.2,0.41767578125,0.9753457903862,0.0003,-0.000635808972583618,8.478514751046896,1.4911508563905955,0.08694041,2.3602287769317627,1120,0.1383133828639984
50.375848489999996,114,2602,89,22.62,233472,0.2,0.4197265625,0.9816051721572876,0.0003,-0.010518668990698643,5.914355927705765,1.519462800770998,0.15860263,2.636143922805786,1130,0.13605235517024994
50.360204030000006,115,2625,89,20.52,235520,0.2,0.401953125,0.962437093257904,0.0003,-0.007579405927390326,11.697450242936611,1.5475953929126263,0.107979074,2.2842929363250732,1140,0.13533055782318115
50.40715829,116,2650,89,20.24,237568,0.2,0.40732421875,0.9789088368415833,0.0003,0.001403067068895325,6.217438462376594,1.5712707307189704,0.12207465,2.1365742683410645,1150,0.13437263667583466
49.93970239,117,2675,89,20.71,239616,0.2,0.415234375,0.9817182421684265,0.0003,-0.013838561085867696,5.676213249564171,1.5996057484298944,0.107978195,3.7487404346466064,1160,0.1316942572593689
49.72629546000001,118,2698,89,19.9,241664,0.2,0.444482421875,0.9857311248779297,0.0003,0.006929159074206837,4.703578587993979,1.6120845291763544,0.13259847,2.343661308288574,1170,0.1323283463716507
51.02849554,119,2724,89,18.68,243712,0.2,0.396875,0.9702535271644592,0.0003,-0.008388088979700115,9.295925108343363,1.6089468959718942,0.08520706,8.057127952575684,1180,0.13301192224025726
51.132494260000016,120,2748,89,20.14,245760,0.2,0.42626953125,0.9766533970832825,0.0003,0.0046902454982046034,7.102793915569782,1.618928474932909,0.1064007,1.9671939611434937,1190,0.13248655200004578
51.58243442,121,2771,89,21.03,247808,0.2,0.456298828125,0.9815866947174072,0.0003,-0.002082176941621583,5.91104731336236,1.6224241770803929,0.15337764,2.9607136249542236,1200,0.13242752850055695
51.659289449999996,122,2796,89,21.99,249856,0.2,0.418994140625,0.9757109880447388,0.0003,-0.0031573878732160665,8.193295105546714,1.6261748507618905,0.116419815,2.0520236492156982,1210,0.13125747442245483
50.452215149999994,123,2821,89,19.38,251904,0.2,0.410595703125,0.982127845287323,0.0003,-0.00362509154365398,6.443816514313221,1.6533681470900774,0.10570767,2.9600343704223633,1220,0.12862509489059448
51.52739318,124,2849,89,18.35,253952,0.2,0.40625,0.9617735743522644,0.0003,-0.010413432706263848,12.743518075346946,1.686273055523634,0.09469041,4.662964820861816,1230,0.12703941762447357
47.44888895,125,2874,89,16.41,256000,0.2,0.4365234375,0.9714111685752869,0.0003,0.0016258928342722356,8.619189751893282,1.7070326566696168,0.15548913,6.874072551727295,1240,0.12659303843975067
51.9801736,126,2900,88,18.73,258048,0.2,0.373583984375,0.863659679889679,0.0003,-0.012224666512338445,36.73267349898815,1.7144901685416698,0.09869067,18.9703311920166,1250,0.12639205157756805
50.56150541,127,2927,88,18.17,260096,0.2,0.42412109375,0.9695785641670227,0.0003,-0.006620646179362666,6.955481783300638,1.7264498859643935,0.15228185,4.386752128601074,1260,0.12569503486156464
51.93748133,128,2955,88,17.34,262144,0.2,0.432666015625,0.952614426612854,0.0003,0.007777650370553601,15.056324960291386,1.7367495846003294,0.13483575,4.155812740325928,1270,0.12602120637893677
52.50669685,129,2989,88,18.37,264192,0.2,0.4515625,0.9694445729255676,0.0003,0.006250607591937296,8.167354966700078,1.739687929302454,0.14000402,2.730703115463257,1280,0.12622468173503876
52.75153997999999,130,3016,88,19.23,266240,0.2,0.451904296875,0.9702098369598389,0.0003,0.007527960081642959,9.050285644084216,1.7477877367287875,0.12288125,3.0634522438049316,1290,0.12480933964252472
52.17846555000001,131,3043,88,18.54,268288,0.2,0.4701171875,0.9792238473892212,0.0003,0.0024237508449004965,6.149670816212892,1.7724313136190175,0.16846624,2.5169014930725098,1300,0.12280859053134918
52.433977799999994,132,3072,87,20.78,270336,0.2,0.41396484375,0.9765312075614929,0.0003,0.0005497817270224914,6.950410626083612,1.7841656472533942,0.1008033,2.6506989002227783,1310,0.12284888327121735
52.44036596,133,3099,87,17.69,272384,0.2,0.425537109375,0.9807416796684265,0.0003,0.0013933206369983963,6.673617164045572,1.782458484172821,0.10752882,2.6854043006896973,1320,0.12449895590543747
51.85221589,134,3129,87,17.63,274432,0.2,0.427783203125,0.9728836417198181,0.0003,0.0033961075692786834,7.904125704616308,1.795158452913165,0.19779535,4.992205619812012,1330,0.12250953167676926
52.16215560000001,135,3157,87,19.72,276480,0.2,0.392333984375,0.9577302932739258,0.0003,-0.0014937609332264401,12.451309353113174,1.815784801915288,0.10198032,3.7960519790649414,1340,0.12173773348331451
51.99499929999999,136,3185,87,19.25,278528,0.2,0.42265625,0.97242271900177,0.0003,0.0006340165942674503,9.180366160720586,1.8300051070749759,0.111275315,2.41548490524292,1350,0.12183356285095215
51.92213253999999,137,3213,87,18.81,280576,0.2,0.403173828125,0.970923125743866,0.0003,0.0033924076560651883,9.540040510892869,1.8380550127476454,0.11368837,3.2765626907348633,1360,0.1209159791469574
53.198516960000006,138,3241,87,19.04,282624,0.2,0.436376953125,0.961432933807373,0.0003,0.00760464901686646,12.173305827379227,1.8428576681762934,0.1195012,15.974441528320312,1370,0.1211501806974411
51.95534169999999,139,3268,87,17.08,284672,0.2,0.454736328125,0.9788806438446045,0.0003,0.0008802273310720921,6.530459591001272,1.8489969410002232,0.12710926,2.8123562335968018,1380,0.12000218033790588
52.58776306,140,3297,86,17.19,286720,0.2,0.4080078125,0.956640362739563,0.0003,-0.0019511512771714478,11.356022961437702,1.8781928960233927,0.07071964,2.839090585708618,1390,0.11864958703517914
51.534030230000006,141,3326,86,20.57,288768,0.2,0.44306640625,0.9516545534133911,0.0003,0.00035715103440452366,12.274034320563079,1.8867713451385497,0.14271688,11.051344871520996,1400,0.11947783082723618
52.49233112000001,142,3355,86,17.62,290816,0.2,0.43662109375,0.9650511145591736,0.0003,0.002371858108381275,12.690600289404392,1.8854798275977374,0.11059351,2.5366392135620117,1410,0.11950826644897461
52.83798294,143,3383,86,17.8,292864,0.2,0.42080078125,0.9616034030914307,0.0003,0.0027257813155301845,10.499362272769213,1.8881622668355704,0.08990151,7.0695061683654785,1420,0.11900018155574799
52.37887665999999,144,3411,86,22.5,294912,0.2,0.4447265625,0.9733691811561584,0.0003,-0.0006491571490187198,7.789113741368055,1.8958109375089407,0.162367,2.2872915267944336,1430,0.11985952407121658
50.08355241,145,3439,86,17.89,296960,0.2,0.4626953125,0.9842219352722168,0.0003,0.012252902283216826,5.582911109179259,1.8812355246394872,0.12954372,1.8219252824783325,1440,0.12064649164676666
51.47783356000001,146,3468,86,20.32,299008,0.2,0.410595703125,0.91068035364151,0.0003,0.008967533028044272,27.100877623260022,1.876914370432496,0.06601906,17.54683494567871,1450,0.12054093927145004
53.148500190000014,147,3498,86,20.0,301056,0.2,0.389306640625,0.9762786030769348,0.0003,-0.0025361992156831548,7.7123164102435116,1.8958424992859364,0.09870198,3.009514570236206,1460,0.11900755017995834
53.29536219,148,3526,85,17.9,303104,0.2,0.457666015625,0.9800533056259155,0.0003,0.003856679837917909,6.58658658862114,1.9097865335643291,0.17865525,3.288200616836548,1470,0.11863785982131958
52.895393129999995,149,3556,85,17.6,305152,0.2,0.468603515625,0.9688318371772766,0.0003,0.011833714245585724,9.251517789065838,1.9224601466208697,0.22728208,2.6305601596832275,1480,0.11892318725585938
53.377831099999995,150,3584,85,18.52,307200,0.2,0.41904296875,0.9617340564727783,0.0003,0.005555412423564121,11.734240561723709,1.9297616798430681,0.10687661,3.3347644805908203,1490,0.11880124360322952
53.13420486000001,151,3612,85,18.78,309248,0.2,0.439306640625,0.9672330021858215,0.0003,0.009061529822065494,10.818103823065758,1.9199712805449962,0.15149617,5.327366352081299,1500,0.12011784315109253
53.17177307000001,152,3641,85,18.39,311296,0.2,0.42421875,0.9682808518409729,0.0003,-7.144452101783826e-05,10.822916770726442,1.9067898966372012,0.10395633,2.7935540676116943,1510,0.12041550874710083
53.71634319999999,153,3669,85,18.23,313344,0.2,0.42841796875,0.9688277244567871,0.0003,0.015130442871304694,9.890559960901737,1.9044301260262728,0.09960364,16.88469123840332,1520,0.12083786725997925
52.51795540999999,154,3699,85,17.8,315392,0.2,0.41591796875,0.9791855216026306,0.0003,0.004817714556702412,6.140593536198139,1.9082456808537245,0.18496662,2.630697727203369,1530,0.12028627097606659
53.65614312999999,155,3727,85,19.73,317440,0.2,0.43896484375,0.9502131342887878,0.0003,0.014440591243328527,15.434677897393703,1.918029049038887,0.122505724,3.8145194053649902,1540,0.12071254849433899
53.57975707999998,156,3756,85,17.84,319488,0.2,0.4564453125,0.9851779341697693,0.0003,0.012718047588714398,4.965521709620953,1.9215082943439483,0.12130721,1.8629735708236694,1550,0.12099165469408035
53.70907848000001,157,3785,84,18.77,321536,0.2,0.429931640625,0.981878936290741,0.0003,0.007109779640450143,5.454478672891855,1.9257680751383304,0.12868045,2.29270339012146,1560,0.1206054762005806
53.42424946,158,3813,84,18.43,323584,0.2,0.4474609375,0.9733427166938782,0.0003,0.002413138942210935,8.787334714084864,1.9392179675400256,0.16767618,15.89228630065918,1570,0.1201549842953682
53.929531309999994,159,3843,84,19.71,325632,0.2,0.41083984375,0.9688120484352112,0.0003,0.005041258085111622,10.236882715672255,1.9460414368659258,0.106979445,2.4034550189971924,1580,0.11982911825180054
52.69264834,160,3871,84,18.74,327680,0.2,0.44716796875,0.9853273630142212,0.0003,0.003677214795607142,4.703343918174506,1.9584087122231721,0.16779178,2.051614284515381,1590,0.11841475963592529
53.090016039999995,161,3900,84,18.37,329728,0.2,0.40029296875,0.9780083894729614,0.0003,0.001057035179110244,6.989796332269907,1.9785477347671985,0.07620892,3.658977746963501,1600,0.11721669882535934
53.61444743999999,162,3928,84,20.88,331776,0.2,0.431005859375,0.9642388224601746,0.0003,0.004000015699421056,11.006714898347855,1.9915307451039552,0.09639122,2.664534568786621,1610,0.11681842058897018
53.85087613,163,3956,84,17.51,333824,0.2,0.460302734375,0.985369086265564,0.0003,0.011622330894169863,4.9347685649991035,2.0028055980801582,0.13227087,2.2998242378234863,1620,0.11688508093357086
53.63347420000001,164,3982,84,18.82,335872,0.2,0.469384765625,0.9678511619567871,0.0003,0.01357256429764675,9.916986424475908,2.015908647328615,0.1375315,2.228823184967041,1630,0.11604759842157364
54.246427319999995,165,4008,84,19.86,337920,0.2,0.44853515625,0.9826459288597107,0.0003,-0.002104675477312412,5.333820656687021,2.027835201472044,0.14957432,1.8377505540847778,1640,0.11395522952079773
54.11442317,166,4036,84,21.02,339968,0.2,0.436962890625,0.9811158776283264,0.0003,0.0023769655046635306,6.1468389220535755,2.0471616730093958,0.20697173,3.0755765438079834,1650,0.11271694302558899
53.29604612000001,167,4063,84,18.9,342016,0.2,0.469677734375,0.9863413572311401,0.0003,0.013991378888022155,4.70064241848886,2.0565907053649424,0.18998608,2.2438011169433594,1660,0.11319303512573242
53.237613530000004,168,4089,84,18.06,344064,0.2,0.43076171875,0.9782593846321106,0.0003,-0.002191009525267873,6.9967084467411045,2.081193994730711,0.098855555,3.2625019550323486,1670,0.11143820732831955
54.162980960000006,169,4117,84,17.38,346112,0.2,0.4435546875,0.9679442644119263,0.0003,0.008345465885940938,10.386459432542324,2.1135888203978537,0.13805604,10.628423690795898,1680,0.1104707345366478
54.50705477,170,4145,83,21.22,348160,0.2,0.454052734375,0.9786809086799622,0.0003,0.011182116242707707,6.6983758009970185,2.1166472382843495,0.14222804,2.6656241416931152,1690,0.11039774864912033
53.947691230000004,171,4173,83,19.72,350208,0.2,0.450341796875,0.9844984412193298,0.0003,0.00851779179793084,5.598873310908675,2.1296958230435847,0.19662836,3.056544780731201,1700,0.10873454809188843
54.29072525000001,172,4200,83,20.33,352256,0.2,0.424951171875,0.979181706905365,0.0003,-0.0008072394637565594,6.960306868702173,2.1478222370147706,0.11392418,3.3665835857391357,1710,0.106808602809906
53.49819469,173,4227,83,18.12,354304,0.2,0.470166015625,0.9759848713874817,0.0003,0.011543270239781123,8.910567638278007,2.1732081092894076,0.16772008,2.199331521987915,1720,0.10602927953004837
54.95028657999999,174,4254,83,18.63,356352,0.2,0.4583984375,0.9514681696891785,0.0003,0.005157801555469632,15.715203364193439,2.1885706439614294,0.15492445,9.389058113098145,1730,0.10486893355846405
54.96326825,175,4282,83,19.6,358400,0.2,0.4796875,0.9881269931793213,0.0003,0.01562045027676504,3.482019120454788,2.1973110258579256,0.14659633,1.7503527402877808,1740,0.10461150854825974
53.96098316,176,4309,83,19.62,360448,0.2,0.5041015625,0.9897127747535706,0.0003,0.015408070244302508,3.381602140888572,2.196000073850155,0.16737773,2.1622185707092285,1750,0.10457146167755127
54.92306838,177,4337,83,18.18,362496,0.2,0.435693359375,0.9732698202133179,0.0003,-0.002041600515076425,9.270457972586154,2.1960878260433674,0.09847396,3.279170036315918,1760,0.10448218137025833
54.52678749,178,4364,83,20.01,364544,0.2,0.451953125,0.9821296334266663,0.0003,0.008496998670307222,5.270194775611162,2.1964908726513386,0.16714573,1.9661921262741089,1770,0.10511694103479385
54.64416982000001,179,4392,83,20.25,366592,0.2,0.516552734375,0.9694805145263672,0.0003,0.009433664800599217,8.925137450546027,2.1958609364926813,0.24718016,1.6823002099990845,1780,0.10372443497180939
54.15878909,180,4419,83,17.41,368640,0.2,0.459619140625,0.9842391014099121,0.0003,0.0027276310924207793,5.102979979664087,2.201382314413786,0.17745936,2.7248618602752686,1790,0.10367879271507263
54.67168772,181,4447,83,19.14,370688,0.2,0.4470703125,0.9641714692115784,0.0003,0.005834016342851101,10.021270870417357,2.198146875947714,0.12007533,1.5564696788787842,1800,0.10410553216934204
54.55765010000001,182,4473,83,19.29,372736,0.2,0.45517578125,0.9801827669143677,0.0003,-0.011410884214274119,5.646372433006763,2.192592046409845,0.27590618,2.256467342376709,1810,0.10414672642946243
53.848460240000016,183,4501,83,18.11,374784,0.2,0.49013671875,0.9767084121704102,0.0003,0.015225489695149008,7.87594065591693,2.1895100571215154,0.18035585,1.2141810655593872,1820,0.10523159801959991
53.72059687,184,4530,83,18.9,376832,0.2,0.4353515625,0.9784227609634399,0.0003,0.0034438744449289517,6.7842049188911915,2.1860577657818796,0.110733286,2.70749831199646,1830,0.10394102334976196
54.07847720999999,185,4558,83,20.55,378880,0.2,0.44501953125,0.9692893028259277,0.0003,0.004746316152159124,10.025014759600163,2.1867720261216164,0.12164572,4.037635326385498,1840,0.10358263552188873
54.27447706000001,186,4585,83,17.46,380928,0.2,0.438427734375,0.9745581746101379,0.0003,-0.003116862183378544,9.950454990565778,2.179241768270731,0.13533884,4.5568132400512695,1850,0.1043776273727417
53.400031049999996,187,4613,83,17.97,382976,0.2,0.438671875,0.9710403084754944,0.0003,0.0013181218295358122,7.928029107302427,2.1809750594198705,0.10208553,4.228886127471924,1860,0.10420053452253342
54.35141632,188,4641,82,18.57,385024,0.2,0.4388671875,0.9732499122619629,0.0003,0.00912360794027336,8.097549264132976,2.192410969734192,0.09308195,3.065497636795044,1870,0.10375554859638214
54.54296033000001,189,4668,82,19.73,387072,0.2,0.471142578125,0.9823228120803833,0.0003,0.002000855545338709,5.618679082021117,2.1937497451901438,0.12552877,1.600123643875122,1880,0.10350149869918823
53.68033531999998,190,4695,82,20.4,389120,0.2,0.46435546875,0.9890539050102234,0.0003,0.0030092695815255865,3.7581882856786253,2.214167147129774,0.16757962,2.3353865146636963,1890,0.10294561088085175
52.81314734999999,191,4721,82,17.69,391168,0.2,0.475634765625,0.9767317175865173,0.0003,-0.004106595788471168,8.639547842368483,2.2363386251032353,0.16796017,1.6393818855285645,1900,0.10205920040607452
53.90278539999999,192,4746,82,19.87,393216,0.2,0.45498046875,0.9270978569984436,0.0003,0.0016512027454155032,26.344426883757116,2.2471883833408355,0.12740688,2.205592393875122,1910,0.10175402462482452
54.17049323000002,193,4766,82,19.33,395264,0.2,0.486474609375,0.9694068431854248,0.0003,0.008485588988696691,10.791096787154675,2.2511615850031377,0.16070569,2.562530994415283,1920,0.10078564286231995
53.47158362000001,194,4786,83,17.6,397312,0.2,0.47568359375,0.9770812392234802,0.0003,0.002649435613420792,7.732474707067013,2.253390321880579,0.12283784,3.618849754333496,1930,0.10034123063087463
53.390932920000004,195,4806,83,18.72,399360,0.2,0.454248046875,0.9657742381095886,0.0003,0.010415618134720717,11.237409164011478,2.2595886811614037,0.15978345,3.348813533782959,1940,0.10002574324607849
53.95022562000001,196,4827,83,18.61,401408,0.2,0.465771484375,0.9629900455474854,0.0003,0.009932311947341076,12.249746161699296,2.24537797793746,0.16638519,35.147098541259766,1950,0.10150085389614105
54.6457258,197,4849,83,18.06,403456,0.2,0.465283203125,0.9628278613090515,0.0003,0.006624672324687708,12.696735110878944,2.2287937067449093,0.11548477,5.8242034912109375,1960,0.10165439546108246
52.37450217000001,198,4874,83,19.53,405504,0.2,0.493505859375,0.9816807508468628,0.0003,0.005037337819521781,5.612344237044454,2.231812061369419,0.1769934,2.609212636947632,1970,0.10152648389339447
53.92641004000001,199,4901,83,19.66,407552,0.2,0.456787109375,0.9438879489898682,0.0003,0.0019306847025291063,21.036060981452465,2.24501344487071,0.13143097,5.797518730163574,1980,0.10000216215848923
53.84391914,200,4927,83,19.32,409600,0.2,0.489111328125,0.9729149341583252,0.0003,0.003099103928252589,9.796229468286038,2.247581651061773,0.23106766,3.5756256580352783,1990,0.10099612176418304
52.64493113,201,4953,83,17.91,411648,0.2,0.467431640625,0.9628491997718811,0.0003,0.0068903660125215534,13.445575475692749,2.2400478936731814,0.11481237,4.134909152984619,2000,0.10080763697624207
54.16396374,202,4982,83,22.01,413696,0.2,0.44453125,0.9395552277565002,0.0003,0.0005740963941207155,19.558553418517114,2.2404808275401593,0.14970094,5.019223213195801,2010,0.10170005261898041
54.34737533,203,5010,82,20.13,415744,0.2,0.523974609375,0.9753255248069763,0.0003,0.022653351387998556,8.758156641200184,2.229896829277277,0.3520468,1.5443886518478394,2020,0.10153567045927048
53.3859044,204,5037,82,18.11,417792,0.2,0.440478515625,0.9857110977172852,0.0003,0.008872969766525785,4.467547917738557,2.238722936809063,0.15473834,2.5229270458221436,2030,0.10142512619495392
54.434431109999984,205,5064,82,18.03,419840,0.2,0.4640625,0.9565356969833374,0.0003,0.009046655193378684,13.363359183073044,2.2514121130108835,0.10617818,8.087881088256836,2040,0.10055159777402878
53.93660470999998,206,5092,82,18.3,421888,0.2,0.46806640625,0.9797999858856201,0.0003,0.005613698074012063,5.95263149663806,2.265373878926039,0.12594096,2.0166172981262207,2050,0.09977070987224579
53.280679029999995,207,5119,82,18.22,423936,0.2,0.442626953125,0.9744290113449097,0.0003,0.01382272963237483,7.97668120265007,2.2761661440134047,0.112111926,3.13032603263855,2060,0.09946674108505249
53.68052015999999,208,5143,82,19.41,425984,0.2,0.4494140625,0.9687587022781372,0.0003,0.008991317138134036,10.370318406075238,2.3002418898046018,0.121969864,4.815638542175293,2070,0.09830442816019058
53.74916033999999,209,5168,82,18.93,428032,0.2,0.457958984375,0.9801506400108337,0.0003,0.005958744513918646,6.87263013124466,2.319248965382576,0.17558213,4.900290489196777,2080,0.0981840044260025
54.70492269,210,5192,82,21.41,430080,0.2,0.456201171875,0.9764677286148071,0.0003,-0.0037194865886704064,7.91498661339283,2.314996903389692,0.16150905,3.5897130966186523,2090,0.09812471270561218
54.53922115000001,211,5217,82,19.46,432128,0.2,0.486376953125,0.9871734380722046,0.0003,0.005076831302721985,4.975143398344517,2.304780042916536,0.12075004,2.1151418685913086,2100,0.0982111394405365
54.45419695000001,212,5242,82,19.09,434176,0.2,0.478662109375,0.9798023700714111,0.0003,0.0008256802684627473,6.905638679862022,2.304810032248497,0.16571903,2.5442185401916504,2110,0.09742455929517746
51.64604049,213,5266,82,19.89,436224,0.2,0.4580078125,0.9837456345558167,0.0003,0.017243510639673332,5.458760623633862,2.3267332136631014,0.18351981,1.7208735942840576,2120,0.09677498787641525
54.043238,214,5290,82,20.12,438272,0.2,0.453173828125,0.9562448859214783,0.0003,0.011096123399329371,14.921939949691296,2.342513380944729,0.09197299,10.557193756103516,2130,0.09622925519943237
54.48361619,215,5315,82,19.68,440320,0.2,0.512255859375,0.9787972569465637,0.0003,0.004221984502510168,6.684888117015362,2.3391057789325713,0.6092546,2.56386137008667,2140,0.09640000015497208
54.4461205,216,5340,82,18.72,442368,0.2,0.4814453125,0.9805550575256348,0.0003,0.00014073232596274466,7.333550519123674,2.341726432740688,0.27436325,2.4582014083862305,2150,0.09560278058052063
54.28398935,217,5367,82,18.29,444416,0.2,0.506103515625,0.9783273935317993,0.0003,0.010570655696210452,7.591686357930302,2.344683308899403,0.16781504,3.7091896533966064,2160,0.09595643728971481
54.193846160000014,218,5395,82,18.39,446464,0.2,0.45751953125,0.9851238131523132,0.0003,0.006238759148982353,4.071484216675162,2.327485328912735,0.123197,2.3117363452911377,2170,0.09597299993038177
53.25461937,219,5422,82,18.85,448512,0.2,0.482666015625,0.9796056151390076,0.0003,0.006294641637941823,7.028155250847339,2.3126836590468884,0.1666367,2.5769269466400146,2180,0.09664645045995712
55.17702795,220,5446,82,18.68,450560,0.2,0.46875,0.9549726247787476,0.0003,0.008382034755777567,15.34191319346428,2.295584447681904,0.12678361,12.164250373840332,2190,0.09724348783493042
55.241136,221,5471,82,18.85,452608,0.2,0.481640625,0.9864838123321533,0.0003,0.005339123545854818,3.836319411545992,2.2948917649686336,0.28602207,1.3823264837265015,2200,0.09641487896442413
55.73124096000001,222,5497,82,20.22,454656,0.2,0.47158203125,0.9887868762016296,0.0003,-0.001912703899142798,3.4646751038730144,2.3153489299118517,0.13320097,0.9970126748085022,2210,0.09542998671531677
54.601160109999995,223,5522,82,18.61,456704,0.2,0.53583984375,0.9930285811424255,0.0003,0.01623651998670539,2.236303589679301,2.315152961015701,0.19646108,0.9251565933227539,2220,0.09619137644767761
54.54431949,224,5546,82,18.06,458752,0.2,0.4521484375,0.9768573045730591,0.0003,0.0045072263448673764,7.249985572695732,2.325163020193577,0.09773517,1.8493772745132446,2230,0.09433041512966156
55.011469000000005,225,5571,82,19.25,460800,0.2,0.43359375,0.9779126048088074,0.0003,-0.0009860426871455275,6.564844767749309,2.334236712008715,0.12174016,3.6487860679626465,2240,0.09486301243305206
54.13033196000002,226,5596,82,19.3,462848,0.2,0.48388671875,0.9901798963546753,0.0003,0.0008346895469003357,3.2890976671129466,2.3160916693508624,0.10344076,1.4645404815673828,2250,0.0954783707857132
54.878043800000015,227,5622,82,18.92,464896,0.2,0.424462890625,0.9864673018455505,0.0003,0.00844088245939929,4.5703731380403045,2.306116884201765,0.086669825,1.5615012645721436,2260,0.09537544846534729
54.83779358999999,228,5646,82,18.22,466944,0.2,0.458642578125,0.9894272685050964,0.0003,0.015476029558340088,3.3122479863464833,2.3178111135959627,0.09448451,0.9010959267616272,2270,0.09565599262714386
54.891479950000004,229,5671,82,18.16,468992,0.2,0.450341796875,0.9872992038726807,0.0003,0.005234370315156412,3.8200316157191994,2.3201816782355307,0.16257489,2.7798070907592773,2280,0.09567779302597046
55.17099088999999,230,5697,82,18.07,471040,0.2,0.436376953125,0.9837183952331543,0.0003,-0.003533143270760775,5.0385234616696835,2.3129344053566454,0.11167633,0.6807856559753418,2290,0.0953897088766098
54.28920997,231,5723,82,17.55,473088,0.2,0.453466796875,0.989341139793396,0.0003,0.007766627851378871,3.0683756032958627,2.313749635964632,0.14506969,1.1907591819763184,2300,0.09514568746089935
54.81902458,232,5748,82,19.06,475136,0.2,0.44013671875,0.9693699479103088,0.0003,0.004476957314182073,8.932788791134953,2.320397422462702,0.09631038,19.198205947875977,2310,0.09493878483772278
54.42190767,233,5773,82,19.0,477184,0.2,0.440576171875,0.9857701659202576,0.0003,-0.00040872052049962805,4.501351410150528,2.31978926807642,0.14146423,2.464797019958496,2320,0.09546737372875214
54.480057210000005,234,5798,82,18.86,479232,0.2,0.449951171875,0.9818044900894165,0.0003,0.016599787218729033,6.131033600866795,2.3267149321734903,0.10333438,2.894066572189331,2330,0.09508833289146423
54.74145863999999,235,5828,82,18.17,481280,0.2,0.43642578125,0.9719315767288208,0.0003,0.0024892080342397093,9.441527689993382,2.328339997678995,0.09505591,19.41640853881836,2340,0.09637059271335602
