rollout/ep_rew_mean,time/time_elapsed,time/fps,time/iterations,time/total_timesteps,rollout/ep_len_mean,train/entropy_loss,train/clip_fraction,train/value_loss,train/approx_kl,train/clip_range,train/n_updates,train/explained_variance,train/loss,train/learning_rate,train/std,train/policy_gradient_loss
1.0517384693877552,14,569,1,8192,166.30612244897958,,,,,,,,,,,
1.6589945268817203,33,493,2,16384,175.56989247311827,-2.869134914316237,0.060888671875,0.7688193474663422,0.007269329,0.2,10,-0.2289104461669922,0.173029363155365,0.0003,1.0228036642074585,-0.0076887132187039246
3.1371104300000003,51,476,3,24576,196.41,-2.8658002289012074,0.0796875,1.3981297662947327,0.007588366,0.2,20,0.6553924679756165,0.7557640075683594,0.0003,1.0107264518737793,-0.010163278690561129
5.145371750000001,71,459,4,32768,219.79,-2.8565134264528753,0.06573486328125,2.0592682261485606,0.0072540855,0.2,30,0.5653476715087891,0.7956594228744507,0.0003,1.0075523853302002,-0.009357522295977106
8.341016259999998,90,451,5,40960,255.16,-2.843426001444459,0.0546875,4.222104826476425,0.0058314987,0.2,40,0.4433937668800354,1.5962954759597778,0.0003,0.9993675947189331,-0.008844880021206336
11.520913740000001,109,450,6,49152,286.79,-2.827226806804538,0.05328369140625,8.457577346637844,0.0061337436,0.2,50,0.4133387804031372,3.827929973602295,0.0003,0.9912153482437134,-0.008305719218333252
14.540823389999998,127,448,7,57344,318.41,-2.8115207528695465,0.05767822265625,12.892212706059217,0.0063804854,0.2,60,0.2967870831489563,5.096450328826904,0.0003,0.9836556315422058,-0.008361759338367847
17.814875970000003,147,444,8,65536,352.57,-2.8048475896939635,0.058935546875,11.075811842270195,0.0067296177,0.2,70,0.3519226908683777,4.483389377593994,0.0003,0.982398509979248,-0.00848878136748681
21.681336889999997,167,440,9,73728,396.62,-2.783497653901577,0.0670654296875,15.67229080721736,0.0067901798,0.2,80,0.31542545557022095,5.3545122146606445,0.0003,0.9703142642974854,-0.008830057051818585
23.571633470000002,185,440,10,81920,418.43,-2.7599393336102365,0.0815673828125,10.022076932154595,0.007994661,0.2,90,0.5324567556381226,4.485134601593018,0.0003,0.960428774356842,-0.009865820384584367
27.216344529999997,204,441,11,90112,458.71,-2.7558980874717234,0.078955078125,18.525599291548133,0.007817943,0.2,100,0.5577936172485352,6.179114818572998,0.0003,0.960283637046814,-0.009856715232490387
30.293318070000005,221,443,12,98304,492.47,-2.746769357472658,0.09554443359375,6.393098724633456,0.010456478,0.2,110,0.7208846807479858,2.9003098011016846,0.0003,0.9536148905754089,-0.011502940954596853
34.09169795,238,446,13,106496,531.78,-2.7269370118156075,0.0819580078125,10.231848018988966,0.008403427,0.2,120,0.7137761116027832,3.9681804180145264,0.0003,0.9422256946563721,-0.00979841727657913
36.92532536,255,448,14,114688,560.76,-2.7063743775710463,0.087158203125,5.624893659260124,0.008698285,0.2,130,0.8335874080657959,1.4168057441711426,0.0003,0.9370652437210083,-0.010053313065509429
39.056596320000004,272,451,15,122880,581.8,-2.7071806568652392,0.0815673828125,11.877101109735667,0.0080145355,0.2,140,0.7954778075218201,5.30267858505249,0.0003,0.9372837543487549,-0.007617695098997501
39.57281184,290,451,16,131072,585.32,-2.706391274370253,0.08475341796875,16.46756779253483,0.0077823843,0.2,150,0.7788170576095581,4.793123722076416,0.0003,0.9362159371376038,-0.011205998078185075
42.77316892000001,307,452,17,139264,620.34,-2.688605685159564,0.12088623046875,5.809955322556197,0.012054763,0.2,160,0.8586947917938232,3.7717130184173584,0.0003,0.9222478270530701,-0.012902113816016936
44.35449147,324,453,18,147456,636.97,-2.6768255598843096,0.101220703125,4.361745421309024,0.009227636,0.2,170,0.903769314289093,1.6760003566741943,0.0003,0.9218854904174805,-0.011457911089200934
45.23544532,342,454,19,155648,647.87,-2.6602916948497297,0.12044677734375,5.923183437529952,0.012279954,0.2,180,0.8821303844451904,1.0558680295944214,0.0003,0.9129016399383545,-0.009939822526939679
46.60745563,360,455,20,163840,663.65,-2.6372329758480193,0.1016357421875,3.254314710153267,0.010038277,0.2,190,0.9412976503372192,1.195870041847229,0.0003,0.9008837938308716,-0.009807234488471294
47.35460034999999,377,456,21,172032,674.58,-2.6346679823473096,0.0969970703125,2.743085799831897,0.010235747,0.2,200,0.9427105188369751,0.7899340391159058,0.0003,0.9026064872741699,-0.012468292092671618
49.28865441000001,394,456,22,180224,697.66,-2.612566358782351,0.10635986328125,1.8055170943727716,0.009819986,0.2,210,0.9682978987693787,1.0525661706924438,0.0003,0.891552209854126,-0.009567405415873509
52.10535949999999,411,457,23,188416,732.03,-2.5986896308138965,0.1044921875,1.6144950930029154,0.010426668,0.2,220,0.9649351835250854,0.35048043727874756,0.0003,0.8836764097213745,-0.01071019910978066
54.57065327,428,458,24,196608,763.69,-2.5831542000174523,0.076904296875,3.016215357556939,0.00892281,0.2,230,0.9524943828582764,1.1592305898666382,0.0003,0.8784834146499634,-0.009255719118482376
56.54230091999999,447,458,25,204800,787.92,-2.5546579362824557,0.0937744140625,3.3072596229612827,0.010266732,0.2,240,0.9391136169433594,0.8206170201301575,0.0003,0.8625451326370239,-0.011099532764274046
58.10991834000001,464,458,26,212992,806.75,-2.5324564347043634,0.111962890625,3.4590707771014424,0.011141,0.2,250,0.9345251321792603,1.130308747291565,0.0003,0.8561041355133057,-0.012459124613178574
60.26332853000001,481,459,27,221184,828.42,-2.516635965183377,0.1138427734375,1.703943900973536,0.013007674,0.2,260,0.9621871709823608,0.872875988483429,0.0003,0.8500743508338928,-0.013564628331096173
61.89728478999999,499,458,28,229376,846.93,-2.4976705841720106,0.0784912109375,7.712095582392067,0.009356746,0.2,270,0.8501536846160889,2.7223496437072754,0.0003,0.8395775556564331,-0.01257751326993457
62.19129922,515,460,29,237568,850.55,-2.4753481009975076,0.106005859375,5.768547347374261,0.011483307,0.2,280,0.8905144929885864,0.6706744432449341,0.0003,0.8295989632606506,-0.012120914562183316
63.166727400000006,530,463,30,245760,857.93,-2.461292246542871,0.091552734375,5.470894168596715,0.0102149015,0.2,290,0.9107350707054138,2.0590734481811523,0.0003,0.8285633325576782,-0.011545708158973867
65.42631391,546,464,31,253952,882.69,-2.4504683395847677,0.12825927734375,2.259715944994241,0.013183622,0.2,300,0.9566155076026917,0.6448312997817993,0.0003,0.8216238021850586,-0.011261854173790197
66.22031197999999,561,466,32,262144,889.89,-2.434251718223095,0.10584716796875,5.49697676487267,0.012271877,0.2,310,0.9045823216438293,1.5184224843978882,0.0003,0.8117934465408325,-0.012463454967473808
66.7103106,576,468,33,270336,895.05,-2.417963077686727,0.1274169921875,2.9088769282680005,0.014984829,0.2,320,0.9545602798461914,1.0421217679977417,0.0003,0.8084479570388794,-0.015717194482385823
68.7824138,592,470,34,278528,916.11,-2.3970487266778946,0.1328857421875,3.6060724335722627,0.012937517,0.2,330,0.9564646482467651,1.7029069662094116,0.0003,0.7987039685249329,-0.012161000932064781
70.95153336,607,472,35,286720,933.57,-2.3627484435215593,0.10516357421875,7.930628366023302,0.012171011,0.2,340,0.8524916172027588,2.3132143020629883,0.0003,0.7816978693008423,-0.013649994206934935
72.14936313,622,473,36,294912,946.97,-2.328782835230231,0.09276123046875,15.881339225918055,0.010759925,0.2,350,0.7169709205627441,6.057256698608398,0.0003,0.7695801854133606,-0.013798076233797474
72.64016122,638,474,37,303104,951.53,-2.303751975297928,0.1448486328125,6.240312034264207,0.017673403,0.2,360,0.8645358085632324,2.1171276569366455,0.0003,0.7658807039260864,-0.014246822676250303
73.74425577000001,654,475,38,311296,966.58,-2.2942917801439764,0.162255859375,4.106613680301234,0.015724655,0.2,370,0.9232165217399597,0.6734097003936768,0.0003,0.7600439190864563,-0.010610180931507784
76.38023917999999,670,476,39,319488,996.42,-2.2877675788477063,0.09825439453125,10.465836808364838,0.0116318995,0.2,380,0.7699781656265259,2.625889778137207,0.0003,0.7586452960968018,-0.011490707121902232
78.97019462,685,477,40,327680,1026.62,-2.264457808621228,0.116162109375,10.481008630711585,0.012944153,0.2,390,0.6879323124885559,9.13353443145752,0.0003,0.7448540925979614,-0.010180191393465066
81.87217306000001,701,478,41,335872,1058.79,-2.2397923888638616,0.0906982421875,12.62098598089069,0.011727475,0.2,400,0.7277317643165588,2.5192105770111084,0.0003,0.740534782409668,-0.013081192494246352
84.34340987000002,719,477,42,344064,1084.44,-2.227234768308699,0.1203857421875,12.974982291087509,0.015016191,0.2,410,0.3488636612892151,2.140376091003418,0.0003,0.7317579984664917,-0.014601595258136512
87.77723929,737,477,43,352256,1123.35,-2.2044791612774133,0.13369140625,10.556716114096343,0.01362594,0.2,420,0.706150233745575,2.1068618297576904,0.0003,0.7268149852752686,-0.010769861667358781
89.64718153,754,477,44,360448,1145.34,-2.1784798188135026,0.1187744140625,15.2535696702078,0.0150647545,0.2,430,0.7278014421463013,4.911864757537842,0.0003,0.7134943008422852,-0.014690617010091955
89.89656551,771,477,45,368640,1147.12,-2.143881099112332,0.14727783203125,16.97174236793071,0.016323384,0.2,440,0.6932601928710938,6.368756294250488,0.0003,0.7043128609657288,-0.012211213830778434
92.48750055,788,477,46,376832,1174.88,-2.119678098522127,0.12635498046875,13.002927521429957,0.013661042,0.2,450,0.7800037860870361,1.926448941230774,0.0003,0.6948819160461426,-0.012096223224398272
95.0963277,804,478,47,385024,1203.66,-2.076877025514841,0.15482177734375,12.715976328775287,0.018678857,0.2,460,0.8123144507408142,6.995858669281006,0.0003,0.6766040325164795,-0.015439058153060615
93.20593783,819,479,48,393216,1184.93,-2.0421589482575655,0.13544921875,20.837941428087653,0.01706424,0.2,470,0.6896349787712097,8.145349502563477,0.0003,0.6694572567939758,-0.01196107856794697
93.14690145,834,480,49,401408,1187.99,-2.043007389642298,0.1630126953125,9.407848936645314,0.016282178,0.2,480,0.8555606007575989,3.650930166244507,0.0003,0.6747400760650635,-0.012374870203711908
93.66999123,852,480,50,409600,1196.39,-2.018842494674027,0.1454833984375,11.177168503031135,0.01694886,0.2,490,0.7993519902229309,3.1638376712799072,0.0003,0.6591033339500427,-0.014246558441300294
96.5208994,871,479,51,417792,1228.98,-2.0091249251738192,0.10740966796875,14.66201615817845,0.0134986155,0.2,500,0.7409490346908569,2.3579657077789307,0.0003,0.6620752811431885,-0.011222581448146229
97.83150227,889,478,52,425984,1243.12,-1.9985207304358483,0.113427734375,23.9629726620391,0.013933497,0.2,510,0.6435844898223877,8.990400314331055,0.0003,0.6563889980316162,-0.013732601850460924
98.86947900999999,906,478,53,434176,1252.1,-1.9970232974737883,0.18218994140625,6.447812973242253,0.020910855,0.2,520,0.823426365852356,0.9580933451652527,0.0003,0.6560156345367432,-0.013385405611552414
102.51260232,923,478,54,442368,1288.1,-1.9778824902139605,0.0937744140625,22.996279755607247,0.011197304,0.2,530,0.6581231355667114,5.4085001945495605,0.0003,0.645391583442688,-0.012568235275466577
96.68318864000001,940,478,55,450560,1218.55,-1.9481539212167263,0.12408447265625,24.260916025564075,0.016459275,0.2,540,0.6003701686859131,5.3636674880981445,0.0003,0.6398957967758179,-0.010398114940289815
93.89827106000001,957,479,56,458752,1184.81,-1.9527167116291821,0.18475341796875,6.606028277240694,0.024786454,0.2,550,0.8426482677459717,2.4293417930603027,0.0003,0.6430591940879822,-0.013522620890580584
89.56785767,972,480,57,466944,1133.59,-1.949457314517349,0.125244140625,19.196176782809196,0.013024335,0.2,560,0.7610268592834473,4.738335609436035,0.0003,0.6431199312210083,-0.01073380818188525
89.90065890999999,988,480,58,475136,1135.43,-1.9695916244760157,0.20789794921875,2.753256255434826,0.02866045,0.2,570,0.9454131126403809,0.7696293592453003,0.0003,0.6494779586791992,-0.01579559510173567
87.86730342000001,1004,481,59,483328,1111.4,-1.9460623383522033,0.1125244140625,15.113535683974623,0.014343848,0.2,580,0.7072434425354004,3.2488341331481934,0.0003,0.6320749521255493,-0.011929837684874656
90.45982407999998,1019,482,60,491520,1140.67,-1.9046014877036215,0.12618408203125,15.78176000714302,0.017716698,0.2,590,0.7587751150131226,5.695550918579102,0.0003,0.6266923546791077,-0.0156836271929933
91.48000626000001,1035,482,61,499712,1152.72,-1.874917106796056,0.14075927734375,17.281377641670407,0.018375408,0.2,600,0.5767915844917297,4.125556468963623,0.0003,0.6143999695777893,-0.015874526574043556
93.78512699999999,1053,482,62,507904,1177.6,-1.843600183725357,0.16385498046875,17.705707323551177,0.020613339,0.2,610,0.32804232835769653,8.803150177001953,0.0003,0.6053609848022461,-0.014393085022129526
98.92091041999998,1069,482,63,516096,1233.73,-1.8230178240686654,0.1572509765625,15.482775183953345,0.021018622,0.2,620,0.35055798292160034,3.6961510181427,0.0003,0.6002480387687683,-0.015547340221019113
102.48784724000001,1085,483,64,524288,1274.5,-1.7903241547755897,0.2018798828125,11.436412144452333,0.022297306,0.2,630,0.019758284091949463,1.9182697534561157,0.0003,0.5908766388893127,-0.01054345960583305
105.85608937999997,1102,482,65,532480,1306.86,-1.77674494786188,0.24747314453125,2.0406206021085382,0.02728767,0.2,640,-0.40717625617980957,0.31459474563598633,0.0003,0.5843638777732849,-0.013663019133309718
109.78334865,1120,482,66,540672,1348.53,-1.7604613007977605,0.0625,25.39430189318955,0.0072610215,0.2,650,0.3162474036216736,6.250032424926758,0.0003,0.5878812074661255,-0.011291485872607154
110.99561946000001,1135,483,67,548864,1359.48,-1.7677011461928487,0.074365234375,25.704132106527688,0.012782918,0.2,660,0.16648268699645996,13.490249633789062,0.0003,0.5866720676422119,-0.010001781851315172
111.6650736,1151,483,68,557056,1363.0,-1.7611803468316793,0.10145263671875,30.151963298395277,0.01373166,0.2,670,0.20152431726455688,8.448966026306152,0.0003,0.5849387645721436,-0.009494170674224733
114.84416879999998,1166,484,69,565248,1395.07,-1.7765388215892017,0.15018310546875,26.516675909794866,0.021834046,0.2,680,0.5817302465438843,19.380828857421875,0.0003,0.5939278602600098,-0.012004461304422875
116.74179564,1182,484,70,573440,1415.99,-1.7877965071238577,0.12943115234375,38.944201938807964,0.016126856,0.2,690,0.4916369915008545,12.830216407775879,0.0003,0.5956786870956421,-0.014343713525886415
117.36239124,1198,485,71,581632,1425.32,-1.7522677755914629,0.23973388671875,15.864538850169629,0.028574781,0.2,700,0.4176211953163147,14.970580101013184,0.0003,0.5786048173904419,-0.011470781698335486
119.99707854,1213,485,72,589824,1457.19,-1.7290596935898066,0.16942138671875,15.952692901156842,0.01984439,0.2,710,0.46484100818634033,2.4542737007141113,0.0003,0.5766202211380005,-0.009681034048480797
123.94132672000002,1230,486,73,598016,1504.73,-1.7063088558614254,0.21922607421875,8.671750858239829,0.028218161,0.2,720,0.5792292952537537,0.6948702335357666,0.0003,0.5663026571273804,-0.012043330746382707
129.10914387,1245,486,74,606208,1566.72,-1.671986570674926,0.1334228515625,16.90566050596535,0.016555555,0.2,730,0.6129148602485657,2.2356607913970947,0.0003,0.5565097332000732,-0.010393880755145801
133.0508226,1262,486,75,614400,1615.65,-1.6465095743536948,0.213720703125,13.335234059207142,0.025312139,0.2,740,0.5705740451812744,10.09774112701416,0.0003,0.5505454540252686,-0.0053836620772926835
135.65414474000002,1278,487,76,622592,1646.89,-1.6238854929804802,0.13831787109375,40.470300735533236,0.016918376,0.2,750,0.41749417781829834,19.912630081176758,0.0003,0.5450482368469238,-0.011779433897891068
138.88673446999996,1293,487,77,630784,1684.87,-1.598309452459216,0.15770263671875,34.87644316479564,0.019818453,0.2,760,0.3194742798805237,16.329368591308594,0.0003,0.535502552986145,-0.008003906889643985
144.02196629,1308,488,78,638976,1745.56,-1.582939773797989,0.150634765625,41.5149913456291,0.016500343,0.2,770,0.3173863887786865,12.585198402404785,0.0003,0.5349528193473816,-0.006596363550306706
147.06490537000002,1324,488,79,647168,1780.26,-1.5722296030260623,0.268896484375,9.073745075240732,0.03758776,0.2,780,0.4916049838066101,13.32942008972168,0.0003,0.5300101041793823,-0.007809117097349372
148.46308238,1340,488,80,655360,1798.04,-1.5629970090463758,0.16207275390625,40.524062564224,0.016850047,0.2,790,0.18733203411102295,16.085567474365234,0.0003,0.5314988493919373,-0.006090925071839592
149.97970828,1355,489,81,663552,1813.03,-1.5678485593758524,0.13895263671875,43.9449000608176,0.016297514,0.2,800,0.3148652911186218,9.152969360351562,0.0003,0.533752977848053,-0.005182145394792314
148.27972968,1370,489,82,671744,1793.72,-1.5654422840103508,0.13731689453125,51.80357803590596,0.013651058,0.2,810,0.45483309030532837,27.073972702026367,0.0003,0.5291305780410767,-0.007857822309961193
150.24670234,1387,490,83,679936,1814.19,-1.5539030791260302,0.17783203125,49.98078071959317,0.023777943,0.2,820,0.4407479166984558,24.884227752685547,0.0003,0.5264337658882141,-0.007854994200533838
150.15087166,1402,490,84,688128,1809.68,-1.5595223862677812,0.195166015625,34.50868223495782,0.021178065,0.2,830,0.23404407501220703,9.308016777038574,0.0003,0.5270953178405762,-0.010939058854637551
141.25285061,1420,490,85,696320,1709.76,-1.526830020174384,0.1720703125,60.545905251055956,0.020768054,0.2,840,0.19413864612579346,16.286222457885742,0.0003,0.5163223147392273,-0.008864491072472447
143.05636115,1439,489,86,704512,1730.3,-1.5086271773092448,0.17652587890625,57.92528341189027,0.018627685,0.2,850,0.40367716550827026,21.513198852539062,0.0003,0.5158438682556152,-0.00873965314403904
142.29935448000003,1457,489,87,712704,1722.82,-1.4818809907883406,0.2508056640625,17.88093619272113,0.026935622,0.2,860,0.2477666139602661,2.9650332927703857,0.0003,0.5055807828903198,-0.006233064227126306
144.79799707,1475,488,88,720896,1753.06,-1.4724036634899675,0.15799560546875,32.22333335224539,0.019621484,0.2,870,0.39667677879333496,4.6098408699035645,0.0003,0.5085734724998474,-0.011317444709675328
146.14973549000004,1494,487,89,729088,1775.3,-1.4697949393652379,0.21815185546875,27.0977954659611,0.024836823,0.2,880,-0.07571685314178467,6.503918647766113,0.0003,0.504507303237915,-0.008712315098273393
147.85709822000004,1513,487,90,737280,1796.0,-1.4609296656213702,0.210400390625,31.45456387102604,0.029648498,0.2,890,0.16673964262008667,13.270391464233398,0.0003,0.500567615032196,-0.010125807412077848
146.62249310000004,1528,487,91,745472,1787.42,-1.4327196525409818,0.25150146484375,10.35174160366878,0.03222611,0.2,900,0.49884170293807983,3.0811116695404053,0.0003,0.49549436569213867,-0.007872995088109746
147.64874918000004,1544,487,92,753664,1801.46,-1.4335487889125944,0.0977294921875,54.75657692924142,0.010034055,0.2,910,0.21807867288589478,13.582620620727539,0.0003,0.49832260608673096,-0.010553522451482422
148.07620731000003,1559,488,93,761856,1808.17,-1.429511141218245,0.17147216796875,35.362946783192456,0.020372123,0.2,920,0.17298978567123413,4.326828479766846,0.0003,0.4928795099258423,-0.011259848036934273
148.41148462,1575,488,94,770048,1811.92,-1.4182104655541479,0.25257568359375,18.801294828858225,0.0291121,0.2,930,0.12246537208557129,6.059151649475098,0.0003,0.4914882779121399,-0.005915814407126163
146.65731046000002,1591,489,95,778240,1790.61,-1.4259889545850455,0.16854248046875,25.738799816928804,0.021995176,0.2,940,0.21080082654953003,4.023723602294922,0.0003,0.49859631061553955,-0.00815303082417813
146.77205721,1606,489,96,786432,1790.61,-1.445133871678263,0.16221923828125,48.71096610799432,0.019668266,0.2,950,0.11061733961105347,6.457402229309082,0.0003,0.5027135610580444,-0.011747736585311941
143.68339492999996,1621,489,97,794624,1753.46,-1.441963739413768,0.27606201171875,2.474191291537136,0.02832022,0.2,960,-0.8755524158477783,0.754136323928833,0.0003,0.4962161183357239,-0.011750600958839641
142.11217794,1637,490,98,802816,1737.58,-1.4272510414011776,0.06904296875,60.28697978444397,0.009558387,0.2,970,0.31042975187301636,9.896286964416504,0.0003,0.4955953359603882,-0.009969536685093771
140.02692472,1653,490,99,811008,1710.95,-1.4205136568285526,0.06402587890625,45.34337938688695,0.008681461,0.2,980,0.34078001976013184,17.713581085205078,0.0003,0.4929220676422119,-0.008630249172983894
136.3523329,1668,490,100,819200,1668.43,-1.4224537284113468,0.18115234375,20.198245359770954,0.021768853,0.2,990,0.6805508136749268,5.9207258224487305,0.0003,0.49624133110046387,-0.008657566707915976
138.10530718,1684,491,101,827392,1690.11,-1.424279106594622,0.0894287109375,97.52862166315317,0.010169614,0.2,1000,0.4346967339515686,18.903173446655273,0.0003,0.4932391047477722,-0.009375172522959474
138.56558395000002,1700,491,102,835584,1697.5,-1.4047102155163884,0.21419677734375,24.84428516663611,0.028237388,0.2,1010,0.34681326150894165,18.549156188964844,0.0003,0.48714974522590637,-0.007389023847281351
139.01363821,1715,491,103,843776,1703.86,-1.4007524377666414,0.1558837890625,27.931281714513897,0.01922375,0.2,1020,0.5136693716049194,10.605291366577148,0.0003,0.4877523183822632,-0.009465106825518887
138.34983384999998,1731,492,104,851968,1700.34,-1.395740660186857,0.189990234375,58.76319135650992,0.019631201,0.2,1030,0.05903792381286621,34.609046936035156,0.0003,0.4866204559803009,-0.010059602741421259
139.13186954,1747,492,105,860160,1713.03,-1.3903796727769078,0.1616455078125,36.507120572775605,0.019729104,0.2,1040,0.24760007858276367,6.666785717010498,0.0003,0.48642170429229736,-0.008282004434113333
141.30816796,1763,492,106,868352,1742.47,-1.3782828533090652,0.18707275390625,53.155060255527495,0.023817826,0.2,1050,0.13887077569961548,7.911540985107422,0.0003,0.481134831905365,-0.012261176444371812
140.49614531999998,1781,492,107,876544,1736.73,-1.3537951484322548,0.21513671875,34.518145779520275,0.028097423,0.2,1060,0.3189496397972107,5.292541980743408,0.0003,0.47600728273391724,-0.012888282866970257
139.02601584999996,1799,491,108,884736,1724.71,-1.3391168397851287,0.22578125,35.13700163960457,0.02859525,0.2,1070,-0.22225427627563477,5.879550457000732,0.0003,0.4718581438064575,-0.008866305957053556
139.80571844999997,1818,490,109,892928,1738.36,-1.3258792156353594,0.24666748046875,19.91463740710169,0.030588794,0.2,1080,0.2970429062843323,10.738704681396484,0.0003,0.4708191752433777,-0.009339515139799914
136.56819430999997,1837,490,110,901120,1701.85,-1.3166000769473611,0.24100341796875,9.995445628743619,0.02971782,0.2,1090,0.30896246433258057,4.522334575653076,0.0003,0.4678013324737549,-0.010018460730134394
136.57107119,1856,489,111,909312,1704.86,-1.316506835259497,0.1412841796875,21.733849139511584,0.015999861,0.2,1100,0.3695365786552429,7.056591510772705,0.0003,0.4706035256385803,-0.010468187825972563
138.78615592999998,1875,489,112,917504,1733.54,-1.3151893868111073,0.23101806640625,11.056906396429985,0.028167795,0.2,1110,0.574797511100769,7.306972026824951,0.0003,0.46714645624160767,-0.009028897075768327
138.14656041,1894,488,113,925696,1731.46,-1.3022061305120587,0.121630859375,24.0553367421031,0.017479435,0.2,1120,0.21551811695098877,12.93320083618164,0.0003,0.4641672968864441,-0.012436405361404468
140.23068136999999,1912,488,114,933888,1758.51,-1.278010274283588,0.26907958984375,10.072790663409979,0.02866302,0.2,1130,0.2934238910675049,3.4372520446777344,0.0003,0.458577036857605,-0.00987650982242485
139.07703806,1931,487,115,942080,1746.47,-1.2682669691741466,0.2419677734375,5.343973383493721,0.027791224,0.2,1140,0.5092432498931885,0.49201130867004395,0.0003,0.4593443274497986,-0.010062227457274276
136.07158456000002,1950,487,116,950272,1713.11,-1.2701054670847953,0.121044921875,15.244678521715105,0.014892812,0.2,1150,0.7459681034088135,2.0925517082214355,0.0003,0.46080660820007324,-0.010011607260457822
134.70279102,1970,486,117,958464,1701.87,-1.2720828142948448,0.10433349609375,41.61457392089069,0.01444845,0.2,1160,0.6581593751907349,21.87346839904785,0.0003,0.46018582582473755,-0.014509637398805352
136.3270047,1988,486,118,966656,1724.87,-1.2585627005435527,0.16446533203125,28.40050581097603,0.022386622,0.2,1170,0.35272330045700073,6.6691365242004395,0.0003,0.4541704058647156,-0.0095568440326133
137.44853415,2007,485,119,974848,1741.95,-1.2477583140134811,0.1847900390625,22.977584425359964,0.027766015,0.2,1180,0.42089664936065674,6.0161871910095215,0.0003,0.45772820711135864,-0.010782831427422934
137.92462110999998,2026,485,120,983040,1750.32,-1.2661536294966935,0.2209716796875,31.233902124874295,0.026145402,0.2,1190,0.28637027740478516,5.556357383728027,0.0003,0.45890647172927856,-0.009928939910878398
139.4174607,2044,484,121,991232,1773.31,-1.2580672611482442,0.210888671875,24.863366507180036,0.02716614,0.2,1200,0.2413489818572998,6.850096702575684,0.0003,0.45452916622161865,-0.006859553634694748
142.40541053000004,2061,484,122,999424,1808.88,-1.2327023663558065,0.174951171875,42.456296837329866,0.020861285,0.2,1210,0.26788467168807983,13.337784767150879,0.0003,0.4490988552570343,-0.0085151813682387
141.90127892,2079,484,123,1007616,1808.36,-1.2187018028460443,0.25677490234375,28.459231049194933,0.02735069,0.2,1220,-0.07467126846313477,3.847194194793701,0.0003,0.4456508457660675,-0.008712476209439046
143.32035428999998,2098,484,124,1015808,1829.62,-1.1974028112366795,0.16605224609375,41.228380172327164,0.019283285,0.2,1230,0.32576805353164673,16.26380729675293,0.0003,0.44310516119003296,-0.013818816508501187
143.53478847,2117,483,125,1024000,1837.9,-1.1814616391435266,0.26910400390625,11.463203144818545,0.03441324,0.2,1240,0.2975078225135803,1.2009221315383911,0.0003,0.4384675920009613,-0.00792419384997629
146.46506691,2135,483,126,1032192,1876.01,-1.1821827105246485,0.17144775390625,15.604705848544835,0.025911424,0.2,1250,0.39556610584259033,2.6657795906066895,0.0003,0.4415768086910248,-0.009746907329827081
147.82648677999998,2153,483,127,1040384,1892.99,-1.185954758990556,0.214599609375,16.060595715697854,0.027130414,0.2,1260,0.48036354780197144,1.4264217615127563,0.0003,0.4409056007862091,-0.01141522077305126
149.62530483999998,2172,482,128,1048576,1916.47,-1.200234424509108,0.23428955078125,8.919736734591424,0.026514504,0.2,1270,0.342029869556427,2.8793344497680664,0.0003,0.4426249563694,-0.006838886762488982
152.88295308999997,2190,482,129,1056768,1955.8,-1.1961038391105832,0.1541259765625,24.461967010051012,0.018935725,0.2,1280,0.48406732082366943,3.9577524662017822,0.0003,0.4425382912158966,-0.014966443108824024
156.84490042,2208,482,130,1064960,2002.12,-1.176125999353826,0.1458740234375,34.83276538215578,0.017398942,0.2,1290,0.29842138290405273,14.69961929321289,0.0003,0.43407171964645386,-0.011846576389871188
158.07132186,2226,482,131,1073152,2014.83,-1.1589160202071072,0.2408447265625,26.14434012323618,0.026149655,0.2,1300,0.32278430461883545,22.35342788696289,0.0003,0.4347762167453766,-0.01043943977838353
156.65658614,2245,481,132,1081344,1999.38,-1.143500539008528,0.27222900390625,5.903812311496585,0.036929257,0.2,1310,0.3446947932243347,0.6958155632019043,0.0003,0.42766785621643066,-0.008713961459579877
155.65758950999998,2263,481,133,1089536,1986.35,-1.1349418773315847,0.1462158203125,39.080655803717676,0.020952217,0.2,1320,0.2051539421081543,6.105313777923584,0.0003,0.430766224861145,-0.009891741820320021
158.05266353999997,2280,481,134,1097728,2015.33,-1.1333690787665547,0.1638916015625,52.78262804597616,0.018287336,0.2,1330,0.1486765742301941,15.384099960327148,0.0003,0.4288221597671509,-0.008421091450145468
161.73484732999998,2298,481,135,1105920,2058.12,-1.1291819690726697,0.28070068359375,2.350870756432414,0.034401983,0.2,1340,-0.5839208364486694,0.5197513699531555,0.0003,0.4252249598503113,-0.013229636775395192
161.00878902,2318,480,136,1114112,2050.57,-1.1126790746115147,0.18023681640625,13.078040136303752,0.022267062,0.2,1350,-0.09249019622802734,0.5654474496841431,0.0003,0.4261089265346527,-0.007539773418466211
160.95142697,2336,480,137,1122304,2048.15,-1.1130553300492465,0.15540771484375,32.042817757185546,0.018076688,0.2,1360,-0.23549771308898926,3.574474573135376,0.0003,0.4227965474128723,-0.012520270966160752
162.6260262,2355,479,138,1130496,2063.94,-1.093501072190702,0.21146240234375,33.436941413674504,0.028028304,0.2,1370,0.02849423885345459,1.9728397130966187,0.0003,0.4184160828590393,-0.010604404874538887
162.67792212999998,2372,479,139,1138688,2063.94,-1.0751143403351306,0.21876220703125,22.040872166957705,0.033621404,0.2,1380,-0.20309817790985107,1.1143144369125366,0.0003,0.41381531953811646,-0.009119372641544032
164.39372031,2391,479,140,1146880,2084.08,-1.0648967088200152,0.25958251953125,3.269711015513167,0.03295254,0.2,1390,-3.2018022537231445,0.7229468822479248,0.0003,0.41254913806915283,-0.012613251773564116
164.96055512000004,2410,479,141,1155072,2090.44,-1.023465422540903,0.2453857421875,0.8884258528240025,0.03125023,0.2,1400,-0.9730914831161499,0.25384074449539185,0.0003,0.4027358889579773,-0.017614460333606984
168.72960231000002,2429,478,142,1163264,2137.94,-1.0167240075767041,0.09488525390625,44.76161383818835,0.012294113,0.2,1410,0.03563129901885986,67.78422546386719,0.0003,0.4070737957954407,-0.010079890513952704
172.64625703000002,2451,477,143,1171456,2180.99,-1.0043312591966242,0.18897705078125,7.357941651064903,0.022837032,0.2,1420,0.5735452175140381,0.6024630665779114,0.0003,0.3986527621746063,-0.01036430811682294
169.51642961999997,2470,477,144,1179648,2141.85,-0.9803781404159964,0.259423828125,1.9653005806496366,0.034632258,0.2,1430,-3.656127452850342,0.29567795991897583,0.0003,0.39434748888015747,-0.013572530268538685
172.68980113,2489,477,145,1187840,2176.61,-0.9700949074234814,0.0734375,32.47380833188072,0.012029852,0.2,1440,0.26027172803878784,2.189338207244873,0.0003,0.39737167954444885,-0.009218036158927134
173.18408548,2508,476,146,1196032,2179.72,-0.9807612109463661,0.2023193359375,18.85160804372281,0.029813495,0.2,1450,-0.35424351692199707,8.560871124267578,0.0003,0.3969736695289612,-0.01126125096980104
173.61160443000006,2530,475,147,1204224,2183.41,-0.9853111686185002,0.205615234375,37.315632303245366,0.02689379,0.2,1460,0.29656898975372314,4.631411075592041,0.0003,0.39856159687042236,-0.00837417598004322
176.58786081999997,2551,475,148,1212416,2218.44,-0.9818364340346306,0.236083984375,14.62731150155887,0.032036692,0.2,1470,0.36759793758392334,0.8306660652160645,0.0003,0.39582738280296326,-0.005513522354976885
174.60635008,2576,473,149,1220608,2195.59,-0.9557344623375684,0.20625,33.569668711721896,0.026864914,0.2,1480,0.2931433916091919,1.5277074575424194,0.0003,0.38829973340034485,-0.008513403692086285
172.40149133,2597,473,150,1228800,2163.47,-0.9441035022959113,0.18389892578125,56.91817173436284,0.021730755,0.2,1490,-0.03520393371582031,9.634675979614258,0.0003,0.38997238874435425,-0.009987677117987915
170.25544937999996,2617,472,151,1236992,2136.44,-0.9535906474571675,0.16151123046875,97.91844361796976,0.017813375,0.2,1500,0.018149197101593018,24.69847297668457,0.0003,0.3923184871673584,-0.013178361913742265
170.85543779,2638,471,152,1245184,2140.84,-0.9616963696666062,0.22100830078125,39.73934755064547,0.047638014,0.2,1510,0.019821226596832275,6.281098365783691,0.0003,0.3942822217941284,-0.00782198852575675
170.97288311999998,2659,471,153,1253376,2138.14,-0.9457875934895128,0.29119873046875,33.86406244682148,0.035823517,0.2,1520,-0.19952094554901123,4.888355731964111,0.0003,0.38672250509262085,-0.0057868553947628245
172.12749272999997,2680,470,154,1261568,2147.09,-0.9258358075283468,0.2292236328125,21.70318529959768,0.03301312,0.2,1530,0.3134647607803345,3.109295606613159,0.0003,0.3844074010848999,-0.008397733040328603
172.62186187999995,2700,470,155,1269760,2153.2,-0.9208049703389406,0.17572021484375,37.38685123026371,0.018818043,0.2,1540,0.5141617655754089,6.033544063568115,0.0003,0.3852621614933014,-0.010477284707303625
171.69380267,2724,469,156,1277952,2139.7,-0.9100111321546137,0.2661865234375,24.63905682358891,0.036051285,0.2,1550,0.6068152785301208,7.737989902496338,0.0003,0.38324224948883057,-0.00593086183143896
170.88974872999998,2746,468,157,1286144,2127.69,-0.9145847062580288,0.17657470703125,38.34021565541625,0.021426901,0.2,1560,0.4857572913169861,3.842921733856201,0.0003,0.38698330521583557,-0.010345965746910223
173.66990956,2767,467,158,1294336,2158.2,-0.9240964856930077,0.16214599609375,56.903305392339824,0.020766892,0.2,1570,0.402767539024353,12.334188461303711,0.0003,0.38737690448760986,-0.012673385176458395
172.99051886,2787,467,159,1302528,2148.79,-0.9339097478426993,0.2589599609375,39.07330206595361,0.03152239,0.2,1580,0.3932042717933655,8.035569190979004,0.0003,0.3899150490760803,-0.009534503869872424
170.46170593000002,2808,466,160,1310720,2114.21,-0.9368874172214419,0.21339111328125,39.66240774616599,0.026696093,0.2,1590,0.4837072491645813,8.291956901550293,0.0003,0.38781240582466125,-0.009682074431111687
171.50068663000002,2830,465,161,1318912,2122.84,-0.9345327148679644,0.23514404296875,41.56872721016407,0.032301456,0.2,1600,0.47703081369400024,4.472372055053711,0.0003,0.38619786500930786,-0.015003232271737943
172.29571648000004,2850,465,162,1327104,2130.35,-0.9256318593397737,0.29366455078125,22.812209464237093,0.038120613,0.2,1610,-0.17149603366851807,1.2367057800292969,0.0003,0.3850301504135132,-0.011241059601161396
173.26668030000002,2871,464,163,1335296,2138.54,-0.8773891258053481,0.30042724609375,1.6258293712045997,0.03704039,0.2,1620,0.006036520004272461,0.3389904201030731,0.0003,0.3741838335990906,-0.016180336010074826
175.62236868,2894,464,164,1343488,2165.2,-0.8429756443481893,0.208837890625,8.512037449516356,0.027872367,0.2,1630,0.2038288116455078,2.1592371463775635,0.0003,0.36860501766204834,-0.010739925423149544
172.09809163000003,2916,463,165,1351680,2120.35,-0.8179847050458193,0.2737060546875,0.812696346163284,0.032330725,0.2,1640,0.20966941118240356,0.20248515903949738,0.0003,0.36548879742622375,-0.017371980399184396
166.34175427000002,2937,462,166,1359872,2051.03,-0.8123330713715404,0.0900146484375,31.887576416507365,0.0122809615,0.2,1650,0.3074713349342346,3.7815897464752197,0.0003,0.36653006076812744,-0.012446121354332717
161.25215382,2959,462,167,1368064,1989.16,-0.8258912243880332,0.0677978515625,34.33515063263476,0.011149745,0.2,1660,0.5376273393630981,2.726254463195801,0.0003,0.37040257453918457,-0.010808830487803789
162.41716341999995,2981,461,168,1376256,2000.87,-0.8279188205488026,0.09949951171875,42.21211063191295,0.015590319,0.2,1670,0.7053370475769043,13.519989967346191,0.0003,0.3665563762187958,-0.0106579989709644
166.13570784,3002,461,169,1384448,2041.27,-0.8122819134965539,0.23978271484375,24.962401749379932,0.032932088,0.2,1680,-0.16248023509979248,6.392333984375,0.0003,0.3644099831581116,-0.009020217757824866
161.23945281,3024,460,170,1392640,1985.56,-0.7953633856959641,0.225048828125,36.551059667021036,0.031583063,0.2,1690,0.17586970329284668,5.475120544433594,0.0003,0.36083295941352844,-0.0070872735537705015
161.81053056,3046,459,171,1400832,1995.34,-0.7875706108752638,0.157861328125,41.17478313185275,0.024455953,0.2,1700,0.5646727085113525,8.529228210449219,0.0003,0.36221373081207275,-0.01141991491385852
158.1746043,3068,459,172,1409024,1951.57,-0.7865991149563343,0.26998291015625,14.697414516657592,0.03301646,0.2,1710,0.4795317053794861,3.317513942718506,0.0003,0.3583648204803467,-0.008844488161230402
163.18472493000002,3090,458,173,1417216,2009.6,-0.7763775732368231,0.2504638671875,41.109466440603136,0.030167675,0.2,1720,-0.01971888542175293,5.064276218414307,0.0003,0.35819560289382935,-0.009882142458081944
164.70445529,3112,458,174,1425408,2030.23,-0.754304681578651,0.27635498046875,23.23464785553515,0.03222762,0.2,1730,-0.17035531997680664,12.354863166809082,0.0003,0.35288017988204956,-0.010233917598361586
164.84495660999997,3134,457,175,1433600,2029.88,-0.7384043802972883,0.26275634765625,36.48859975673258,0.03401038,0.2,1740,0.0676613450050354,22.43549156188965,0.0003,0.3513633906841278,-0.008661138872776064
167.51356536,3157,456,176,1441792,2063.36,-0.7472656415775418,0.2087646484375,44.29767838343978,0.031071953,0.2,1750,0.15507125854492188,7.454893589019775,0.0003,0.3553529977798462,-0.01164579791484357
169.19770035000002,3178,456,177,1449984,2083.44,-0.7603774604387581,0.33641357421875,11.650828272663057,0.047576547,0.2,1760,0.2732095718383789,0.8541280031204224,0.0003,0.35370880365371704,-0.005255841353937285
165.73144134000003,3199,455,178,1458176,2044.6,-0.7489576642401516,0.11722412109375,29.28847265522927,0.015587304,0.2,1770,0.12052386999130249,14.152892112731934,0.0003,0.3565651774406433,-0.008093782663127057
163.79016849,3221,455,179,1466368,2025.18,-0.759256140794605,0.20194091796875,22.02169181574136,0.031945854,0.2,1780,0.5044105052947998,2.140453815460205,0.0003,0.35671502351760864,-0.00961393225206848
163.71410757,3242,454,180,1474560,2027.45,-0.7515670707914979,0.2657470703125,19.411989187449215,0.03459597,0.2,1790,0.4693681597709656,1.3530539274215698,0.0003,0.3532702326774597,-0.007711000797462475
162.88580359000002,3264,454,181,1482752,2018.64,-0.7232370887883007,0.280908203125,10.402693036478013,0.039602473,0.2,1800,0.4335072636604309,1.8297024965286255,0.0003,0.34615558385849,-0.009611834514362271
164.47688073999998,3286,453,182,1490944,2042.76,-0.6699682618491352,0.25584716796875,9.838231915421783,0.03634379,0.2,1810,0.22668719291687012,2.0464282035827637,0.0003,0.3376174867153168,-0.014491321580135264
165.57200479,3308,453,183,1499136,2060.98,-0.6432215651031583,0.2354736328125,16.334622464794666,0.031721428,0.2,1820,0.41576582193374634,2.5714080333709717,0.0003,0.3338283598423004,-0.008493128705595154
165.59104342000003,3329,452,184,1507328,2064.29,-0.6171435465104878,0.33238525390625,1.6709409406408668,0.042753544,0.2,1830,-0.7220765352249146,0.29288607835769653,0.0003,0.3291575014591217,-0.009527307285679854
167.05707321000003,3351,452,185,1515520,2086.92,-0.5994477653410286,0.16708984375,26.619933973252774,0.023317501,0.2,1840,0.10123592615127563,1.9564392566680908,0.0003,0.3289773464202881,-0.009596486769260082
169.04943915,3372,451,186,1523712,2112.98,-0.6031556833535433,0.1967529296875,17.660484874621034,0.028427927,0.2,1850,-0.015705585479736328,1.9122583866119385,0.0003,0.3305206894874573,-0.004855511714049498
168.24537983,3394,451,187,1531904,2104.16,-0.5956358348950743,0.315380859375,1.7365280994446948,0.04488208,0.2,1860,-0.790973424911499,0.29242825508117676,0.0003,0.3257100582122803,-0.009756572005426279
166.22280533,3415,450,188,1540096,2081.55,-0.5713300358969718,0.14925537109375,25.567527355067433,0.016280778,0.2,1870,0.5338618159294128,3.9632484912872314,0.0003,0.3234657645225525,-0.009806208657391836
163.75678145,3437,450,189,1548288,2052.94,-0.5722764691803605,0.13514404296875,19.941728241369127,0.018651662,0.2,1880,0.5383545756340027,2.308042049407959,0.0003,0.32578223943710327,-0.009945025816068664
159.73092167000001,3459,449,190,1556480,2007.35,-0.5777199416421354,0.1478271484375,52.18001298755407,0.020727074,0.2,1890,0.6363306045532227,15.968252182006836,0.0003,0.3249853551387787,-0.01036528862086925
164.97776756,3480,449,191,1564672,2067.34,-0.5700489507988096,0.18614501953125,36.330726428329946,0.029200684,0.2,1900,0.6848950386047363,35.49696350097656,0.0003,0.3224015533924103,-0.012327760022526491
165.71411662999998,3502,449,192,1572864,2076.76,-0.559727056697011,0.29803466796875,14.562144399806858,0.04753761,0.2,1910,-0.12861645221710205,3.4715471267700195,0.0003,0.3220413327217102,-0.007662028716367786
169.0158639,3522,448,193,1581056,2117.22,-0.5549693164881319,0.18475341796875,24.58191983960569,0.028315948,0.2,1920,0.5720939040184021,4.80966854095459,0.0003,0.3213222324848175,-0.01389144065342407
167.63460984999998,3543,448,194,1589248,2103.07,-0.5384184520225972,0.266552734375,17.380236281547695,0.0395661,0.2,1930,0.32467347383499146,1.823713779449463,0.0003,0.31765472888946533,-0.00427387760973943
167.25383423999995,3563,448,195,1597440,2100.32,-0.5276664615143091,0.27357177734375,21.074114000331612,0.033539373,0.2,1940,0.48452436923980713,5.399687767028809,0.0003,0.31729477643966675,-0.004724292340847569
170.12652659,3583,448,196,1605632,2132.8,-0.5353719852399081,0.19107666015625,41.71344546228647,0.031868935,0.2,1950,0.2408939003944397,8.064945220947266,0.0003,0.318572461605072,-0.011229696937334666
168.23151980999998,3603,447,197,1613824,2106.0,-0.5303208845667541,0.26461181640625,19.867432670667768,0.04060977,0.2,1960,0.7386014461517334,3.0119926929473877,0.0003,0.3180888295173645,-0.008059719342236349
167.50914129,3624,447,198,1622016,2098.98,-0.5345232392661273,0.17860107421875,55.76720832251012,0.022808395,0.2,1970,0.5381634831428528,27.60380744934082,0.0003,0.31898850202560425,-0.011036702275669085
166.56989937000003,3644,447,199,1630208,2086.18,-0.5357241299469024,0.3332275390625,8.362464524898678,0.04511253,0.2,1980,0.5996440649032593,3.8282766342163086,0.0003,0.31520184874534607,-0.008988495702578803
166.83105801,3665,447,200,1638400,2088.3,-0.49981609554961326,0.2354248046875,14.116218408662826,0.038693346,0.2,1990,0.5035892724990845,4.22207498550415,0.0003,0.311844140291214,-0.008117656921876914
171.65091683999998,3685,446,201,1646592,2148.54,-0.4732325490098447,0.3298095703125,15.877369516063482,0.05148633,0.2,2000,0.2669406533241272,1.8735458850860596,0.0003,0.3066546320915222,-0.006572436183432728
174.94091136999998,3705,446,202,1654784,2191.16,-0.4469719965476543,0.3028076171875,1.818148089107126,0.03904543,0.2,2010,0.45855748653411865,0.5715116262435913,0.0003,0.30296555161476135,-0.007979207472635608
173.32202811000002,3726,446,203,1662976,2171.41,-0.4286407228559256,0.245703125,17.88278932967223,0.033404097,0.2,2020,0.46153587102890015,1.9784839153289795,0.0003,0.30226489901542664,-0.01395914576787618
174.80981051000003,3746,446,204,1671168,2191.65,-0.42683239984326066,0.270458984375,3.6098193363286555,0.040943924,0.2,2030,0.44143110513687134,0.35912075638771057,0.0003,0.30055245757102966,-0.012130681285816536
175.94307159999997,3767,445,205,1679360,2209.7,-0.41735000517219306,0.22103271484375,5.736693096207455,0.03022667,0.2,2040,0.5974768400192261,6.030949115753174,0.0003,0.3004171848297119,-0.010477031393020298
172.98558170000004,3788,445,206,1687552,2176.03,-0.43016682178713384,0.26436767578125,19.76414367542602,0.033371042,0.2,2050,-0.14376699924468994,0.9505693912506104,0.0003,0.30266132950782776,-0.008135127594050573
169.67320736000002,3809,445,207,1695744,2138.46,-0.4223314162809402,0.11627197265625,88.83873427957296,0.012409057,0.2,2060,-0.030001163482666016,37.993221282958984,0.0003,0.30021899938583374,-0.01112851730631519
168.04743412,3829,444,208,1703936,2119.85,-0.4155083965044469,0.2197021484375,59.194206488505,0.036214635,0.2,2070,0.08789724111557007,22.76113510131836,0.0003,0.30042171478271484,-0.006261385904326744
168.72321299000004,3850,444,209,1712128,2130.69,-0.42730976166203616,0.3279052734375,16.253506748192013,0.044978365,0.2,2080,-0.024335384368896484,3.4525256156921387,0.0003,0.30174610018730164,-0.003355499869758205
163.75055670999998,3870,444,210,1720320,2071.19,-0.44310548580251635,0.3064697265625,11.473914007516578,0.044000883,0.2,2090,-0.12064981460571289,1.4077612161636353,0.0003,0.303910493850708,-0.005737402447812201
161.13407059,3891,444,211,1728512,2044.73,-0.45636130319908264,0.15689697265625,58.186998643167314,0.0180359,0.2,2100,-0.021926283836364746,25.112470626831055,0.0003,0.3064606785774231,-0.010879390120499011
160.40976961,3913,443,212,1736704,2043.16,-0.4688041575718671,0.21243896484375,53.190107219666245,0.026993766,0.2,2110,0.005687832832336426,47.67871856689453,0.0003,0.30820560455322266,-0.00802812825240835
160.82339935,3933,443,213,1744896,2056.43,-0.44854564242996275,0.27593994140625,25.984893415588886,0.03989318,0.2,2120,-0.05837559700012207,7.345444679260254,0.0003,0.3006765842437744,-0.009786626074128436
160.02177448,3953,443,214,1753088,2051.78,-0.41755882049910725,0.2408447265625,24.486805433407426,0.047510605,0.2,2130,0.20244795083999634,24.570125579833984,0.0003,0.3000393509864807,-0.011392692113440716
162.11511724,3975,443,215,1761280,2084.54,-0.42289987821131947,0.276416015625,41.15191238541156,0.038474474,0.2,2140,-0.20367920398712158,8.212177276611328,0.0003,0.29978495836257935,-0.0027535309296581544
164.08533656,3995,442,216,1769472,2116.2,-0.4227323230355978,0.32244873046875,41.21157026346773,0.04245411,0.2,2150,-0.046195268630981445,18.544069290161133,0.0003,0.30072182416915894,-0.004841427348947036
164.44678283000002,4015,442,217,1777664,2128.39,-0.4277116165496409,0.3000244140625,34.598711665533486,0.038022064,0.2,2160,-0.258725643157959,6.880488872528076,0.0003,0.3023292124271393,-0.00658967659346672
164.60603763999998,4037,442,218,1785856,2134.98,-0.42196509302593765,0.3358642578125,10.064959278376772,0.04927563,0.2,2170,0.02644568681716919,1.0071197748184204,0.0003,0.30040648579597473,-0.0020032958671436065
165.94016878,4057,442,219,1794048,2155.1,-0.40283818105235697,0.24810791015625,22.53864221200347,0.03947708,0.2,2180,0.12735027074813843,3.2908074855804443,0.0003,0.2960534691810608,-0.01036597421980332
163.66406193999998,4078,441,220,1802240,2136.08,-0.3569635319523513,0.31907958984375,0.8787481508799828,0.044134937,0.2,2190,-0.25039851665496826,0.21940940618515015,0.0003,0.28878054022789,-0.0118843140451645
166.51790775,4099,441,221,1810432,2173.96,-0.3300131408497691,0.1471923828125,18.31595729943365,0.022067552,0.2,2200,0.3178192973136902,3.565608501434326,0.0003,0.28825604915618896,-0.007037161524385738
170.58744355000002,4119,441,222,1818624,2227.22,-0.3278416344895959,0.2153564453125,23.747600597329438,0.025016781,0.2,2210,-0.2721203565597534,12.70177936553955,0.0003,0.2882700264453888,-0.003737358871694596
170.54868213,4140,441,223,1826816,2229.11,-0.31849905624985697,0.3138916015625,1.0369939617114141,0.039919928,0.2,2220,0.29998743534088135,0.1471092849969864,0.0003,0.2851911783218384,-0.009083814469340723
172.65208544000004,4160,441,224,1835008,2259.85,-0.3003691790625453,0.26824951171875,0.7915007278323174,0.035664607,0.2,2230,0.5331745147705078,0.16816534101963043,0.0003,0.282524049282074,-0.020178964649676345
174.18342103999998,4181,440,225,1843200,2285.55,-0.29578996878117325,0.13687744140625,35.26908109951764,0.018187419,0.2,2240,0.3135402202606201,8.597539901733398,0.0003,0.2832700312137604,-0.010977510861266637
173.88829647,4202,440,226,1851392,2285.55,-0.3020294268615544,0.182470703125,52.961574853211644,0.021137618,0.2,2250,-0.07887077331542969,3.4583840370178223,0.0003,0.2844424247741699,-0.008599384849367198
175.0281898,4223,440,227,1859584,2305.15,-0.27633759584277867,0.32144775390625,1.4797887342516334,0.043614827,0.2,2260,-0.5387765169143677,0.30232298374176025,0.0003,0.27851974964141846,-0.008771122306779944
173.48915047999998,4244,440,228,1867776,2292.08,-0.2411796656437218,0.2757568359375,0.8208914793096482,0.033892624,0.2,2270,0.5681784152984619,0.22554749250411987,0.0003,0.27355045080184937,-0.015252946268083179
169.52600337,4265,439,229,1875968,2247.34,-0.22161177042871713,0.16024169921875,28.738735756929962,0.022617934,0.2,2280,0.5027973651885986,9.67052936553955,0.0003,0.2722749710083008,-0.009966890939904261
167.51465731,4286,439,230,1884160,2221.71,-0.21518304953351616,0.1659423828125,21.37929796325043,0.024215803,0.2,2290,0.42090821266174316,2.1657023429870605,0.0003,0.2717464566230774,-0.01095787955164269
165.34608798000002,4305,439,231,1892352,2196.4,-0.2094792254269123,0.18275146484375,49.545068338140844,0.027337424,0.2,2300,0.24412614107131958,54.979408264160156,0.0003,0.2701045572757721,-0.013989200918877032
163.88595561999998,4324,439,232,1900544,2177.38,-0.1998515217565,0.321826171875,18.6636550296098,0.04304712,0.2,2310,0.04973495006561279,1.540429949760437,0.0003,0.2695338726043701,-0.01094394276442472
168.37647605,4342,439,233,1908736,2233.31,-0.18262685220688582,0.20174560546875,19.97909238021821,0.037746605,0.2,2320,0.5676331520080566,4.7815680503845215,0.0003,0.26649874448776245,-0.0054751733569901265
169.57746851000005,4357,439,234,1916928,2250.7,-0.1611043789424002,0.343505859375,2.9284200654365122,0.049159355,0.2,2330,0.5291895270347595,0.3874250054359436,0.0003,0.26207393407821655,-0.009937593538961665
169.67427833000002,4371,440,235,1925120,2254.02,-0.12588418945670127,0.27099609375,4.781182864587754,0.03854218,0.2,2340,0.7130173444747925,0.6764145493507385,0.0003,0.2576683759689331,-0.010472367903093981
170.84811742,4386,440,236,1933312,2273.01,-0.10590310748666525,0.2178466796875,30.057548843882977,0.030013356,0.2,2350,0.4639720320701599,2.686108350753784,0.0003,0.25834178924560547,-0.009284021190433122
169.67121508000002,4401,441,237,1941504,2256.26,-0.0990755676291883,0.310107421875,7.395584878511727,0.043734387,0.2,2360,0.4486958980560303,2.8373396396636963,0.0003,0.2555564045906067,-0.008093817325607234
172.96034584,4417,441,238,1949696,2297.75,-0.07975226864218712,0.2952392578125,24.58172216787934,0.04570602,0.2,2370,0.29655712842941284,22.231128692626953,0.0003,0.2535807192325592,-0.00451846688574733
175.88909741999998,4432,441,239,1957888,2334.72,-0.058677132800221445,0.22606201171875,31.611841752380133,0.037250306,0.2,2380,0.4695405960083008,10.784814834594727,0.0003,0.25013354420661926,-0.007400757769028132
168.35440772999993,4448,441,240,1966080,2241.04,-0.05680882837623358,0.3447509765625,18.103736207261683,0.046008535,0.2,2390,0.35259783267974854,2.00858998298645,0.0003,0.25110578536987305,-0.004671158221390215
161.66373904,4468,441,241,1974272,2169.72,-0.05692136650905013,0.12044677734375,96.75459730029107,0.012115574,0.2,2400,0.14486396312713623,26.58573341369629,0.0003,0.25087881088256836,-0.009445192473503995
160.48101345999999,4488,441,242,1982464,2156.52,-0.052214496117085216,0.1793212890625,72.27067942842841,0.028750576,0.2,2410,0.14295929670333862,19.5872859954834,0.0003,0.24983979761600494,-0.0058421996876859335
158.3201051,4507,441,243,1990656,2128.04,-0.06716271052137017,0.3237060546875,38.537195552885535,0.044438753,0.2,2420,0.22825205326080322,12.363131523132324,0.0003,0.25215423107147217,-0.0010147701348614646
155.84586836999998,4527,441,244,1998848,2097.51,-0.06332628158852457,0.33062744140625,33.08560720477253,0.06592998,0.2,2430,0.17223554849624634,3.204033851623535,0.0003,0.25038209557533264,-0.0028768862430297304
155.66777531999998,4547,441,245,2007040,2097.6,-0.048166482150554656,0.31209716796875,38.3330613553524,0.04142866,0.2,2440,-0.013645529747009277,23.861087799072266,0.0003,0.24910500645637512,-0.005984579661344469
