split,track,twin,same_n_points,max_centreline_diff_m,max_curvature_diff,same_map_frame,same_length,twin_half_width_median_m,target_half_width_m,half_width_median_m,half_width_error_m,half_width_min_m,half_width_max_m
vw_train,vw_synthetic_track_0,synthetic_track_0,True,0.0,0.0,True,True,1.4737,1.05,1.0505,0.0005,1.03,1.0935
vw_train,vw_synthetic_track_1,synthetic_track_1,True,0.0,0.0,True,True,1.4735,0.825,0.8279,0.0029,0.8063,0.8493
vw_train,vw_synthetic_track_2,synthetic_track_2,True,0.0,0.0,True,True,1.4735,1.275,1.2774,0.0024,1.2569,1.3417
vw_train,vw_synthetic_track_3,synthetic_track_3,True,0.0,0.0,True,True,1.4734,0.7125,0.7164,0.0039,0.6934,0.7405
vw_train,vw_synthetic_track_4,synthetic_track_4,True,0.0,0.0,True,True,1.4734,1.1625,1.1612,-0.0013,1.1413,1.2187
vw_train,vw_synthetic_track_5,synthetic_track_5,True,0.0,0.0,True,True,1.4731,0.9375,0.9384,0.0009,0.9181,0.9688
vw_train,vw_synthetic_track_6,synthetic_track_6,True,0.0,0.0,True,True,1.4727,1.3875,1.3891,0.0016,1.3684,1.4248
vw_train,vw_synthetic_track_7,synthetic_track_7,True,0.0,0.0,True,True,1.4733,0.65625,0.6562,-0.0,0.6346,0.7187
vw_train,vw_synthetic_track_8,synthetic_track_8,True,0.0,0.0,True,True,1.4729,1.10625,1.1065,0.0003,1.0874,1.1561
vw_train,vw_synthetic_track_9,synthetic_track_9,True,0.0,0.0,True,True,1.4734,0.88125,0.8829,0.0017,0.8615,0.9073
vw_train,vw_synthetic_track_10,synthetic_track_10,True,0.0,0.0,True,True,1.4736,1.33125,1.3359,0.0047,1.315,1.3645
vw_train,vw_synthetic_track_11,synthetic_track_11,True,0.0,0.0,True,True,1.4728,0.76875,0.7721,0.0033,0.7468,0.8045
vw_train,vw_synthetic_track_12,synthetic_track_12,True,0.0,0.0,True,True,1.4738,1.21875,1.2188,0.0001,1.2011,1.2579
vw_train,vw_synthetic_track_13,synthetic_track_13,True,0.0,0.0,True,True,1.4735,0.99375,0.9933,-0.0005,0.9723,1.0312
vw_train,vw_synthetic_track_14,synthetic_track_14,True,0.0,0.0,True,True,1.4731,1.44375,1.4453,0.0015,1.4122,1.4717
vw_train,vw_synthetic_track_15,synthetic_track_15,True,0.0,0.0,True,True,1.4735,0.628125,0.6298,0.0017,0.6059,0.6681
vw_train,vw_synthetic_track_16,synthetic_track_16,True,0.0,0.0,True,True,1.4735,1.078125,1.079,0.0009,1.058,1.1091
vw_train,vw_synthetic_track_17,synthetic_track_17,True,0.0,0.0,True,True,1.4722,0.853125,0.8503,-0.0028,0.8323,0.906
vw_train,vw_synthetic_track_18,synthetic_track_18,True,0.0,0.0,True,True,1.4726,1.303125,1.3027,-0.0004,1.2833,1.3436
vw_train,vw_synthetic_track_19,synthetic_track_19,True,0.0,0.0,True,True,1.4742,0.740625,0.742,0.0014,0.7188,0.7812
vw_train,vw_synthetic_track_20,synthetic_track_20,True,0.0,0.0,True,True,1.4738,1.190625,1.1916,0.001,1.1689,1.2256
vw_train,vw_synthetic_track_21,synthetic_track_21,True,0.0,0.0,True,True,1.474,0.965625,0.9669,0.0013,0.9438,1.0305
vw_train,vw_synthetic_track_22,synthetic_track_22,True,0.0,0.0,True,True,1.4736,1.415625,1.4152,-0.0004,1.3943,1.4684
vw_train,vw_synthetic_track_23,synthetic_track_23,True,0.0,0.0,True,True,1.4732,0.684375,0.6856,0.0012,0.663,0.7206
vw_train,vw_synthetic_track_24,synthetic_track_24,True,0.0,0.0,True,True,1.4735,1.134375,1.1361,0.0017,1.1115,1.1609
vw_train,vw_synthetic_track_25,synthetic_track_25,True,0.0,0.0,True,True,1.4743,0.909375,0.908,-0.0014,0.8878,0.9686
vw_train,vw_synthetic_track_26,synthetic_track_26,True,0.0,0.0,True,True,1.4731,1.359375,1.3588,-0.0006,1.3417,1.4059
vw_train,vw_synthetic_track_27,synthetic_track_27,True,0.0,0.0,True,True,1.4735,0.796875,0.797,0.0001,0.7775,0.8437
vw_train,vw_synthetic_track_28,synthetic_track_28,True,0.0,0.0,True,True,1.4735,1.246875,1.2486,0.0017,1.2278,1.2861
vw_train,vw_synthetic_track_29,synthetic_track_29,True,0.0,0.0,True,True,1.4729,1.021875,1.024,0.0021,1.005,1.0406
vw_train,vw_synthetic_track_30,synthetic_track_30,True,0.0,0.0,True,True,1.4731,1.471875,1.4708,-0.0011,1.4541,1.5304
vw_train,vw_synthetic_track_31,synthetic_track_31,True,0.0,0.0,True,True,1.4727,0.614062,0.6136,-0.0005,0.5928,0.6562
vw_train,vw_synthetic_track_32,synthetic_track_32,True,0.0,0.0,True,True,1.4731,1.064062,1.0658,0.0017,1.0462,1.0938
vw_train,vw_synthetic_track_33,synthetic_track_33,True,0.0,0.0,True,True,1.4742,0.839063,0.8424,0.0033,0.8178,0.8648
vw_train,vw_synthetic_track_34,synthetic_track_34,True,0.0,0.0,True,True,1.4731,1.289062,1.2884,-0.0007,1.2699,1.3436
vw_train,vw_synthetic_track_35,synthetic_track_35,True,0.0,0.0,True,True,1.4728,0.726562,0.7247,-0.0019,0.7061,0.7812
vw_train,vw_synthetic_track_36,synthetic_track_36,True,0.0,0.0,True,True,1.4739,1.176562,1.178,0.0014,1.1566,1.2187
vw_train,vw_synthetic_track_37,synthetic_track_37,True,0.0,0.0,True,True,1.4728,0.951562,0.9548,0.0032,0.9284,0.9827
vw_train,vw_synthetic_track_38,synthetic_track_38,True,0.0,0.0,True,True,1.4737,1.401563,1.4042,0.0026,1.3567,1.4253
vw_train,vw_synthetic_track_39,synthetic_track_39,True,0.0,0.0,True,True,1.4736,0.670312,0.6699,-0.0004,0.6485,0.7187
vw_train,vw_synthetic_track_40,synthetic_track_40,True,0.0,0.0,True,True,1.473,1.120313,1.1245,0.0042,1.0984,1.1587
vw_train,vw_synthetic_track_41,synthetic_track_41,True,0.0,0.0,True,True,1.4735,0.895312,0.8964,0.0011,0.8746,0.935
vw_train,vw_synthetic_track_42,synthetic_track_42,True,0.0,0.0,True,True,1.4738,1.345312,1.3439,-0.0014,1.328,1.4059
vw_train,vw_synthetic_track_43,synthetic_track_43,True,0.0,0.0,True,True,1.4736,0.782813,0.782,-0.0008,0.762,0.8227
vw_train,vw_synthetic_track_44,synthetic_track_44,True,0.0,0.0,True,True,1.4738,1.232813,1.2326,-0.0002,1.2173,1.281
vw_train,vw_synthetic_track_45,synthetic_track_45,True,0.0,0.0,True,True,1.4733,1.007812,1.0102,0.0024,0.9882,1.0339
vw_train,vw_synthetic_track_46,synthetic_track_46,True,0.0,0.0,True,True,1.4737,1.457812,1.4604,0.0025,1.4399,1.4799
vw_train,vw_synthetic_track_47,synthetic_track_47,True,0.0,0.0,True,True,1.4737,0.642188,0.6469,0.0047,0.6189,0.6738
vw_train,vw_synthetic_track_48,synthetic_track_48,True,0.0,0.0,True,True,1.473,1.092188,1.0934,0.0012,1.0719,1.1357
vw_train,vw_synthetic_track_49,synthetic_track_49,True,0.0,0.0,True,True,1.4733,0.867188,0.8676,0.0004,0.8466,0.9061
vw_train,vw_synthetic_track_50,synthetic_track_50,True,0.0,0.0,True,True,1.4725,1.317187,1.3229,0.0057,1.2993,1.3441
vw_train,vw_synthetic_track_51,synthetic_track_51,True,0.0,0.0,True,True,1.4728,0.754687,0.758,0.0033,0.732,0.7812
vw_train,vw_synthetic_track_52,synthetic_track_52,True,0.0,0.0,True,True,1.4736,1.204687,1.206,0.0013,1.1876,1.2495
vw_train,vw_synthetic_track_53,synthetic_track_53,True,0.0,0.0,True,True,1.4722,0.979688,0.9773,-0.0024,0.9592,1.0312
vw_train,vw_synthetic_track_54,synthetic_track_54,True,0.0,0.0,True,True,1.4726,1.429688,1.429,-0.0007,1.4062,1.4688
vw_train,vw_synthetic_track_55,synthetic_track_55,True,0.0,0.0,True,True,1.4734,0.698437,0.702,0.0036,0.6798,0.7225
vw_train,vw_synthetic_track_56,synthetic_track_56,True,0.0,0.0,True,True,1.474,1.148438,1.1518,0.0034,1.1292,1.2175
vw_train,vw_synthetic_track_57,synthetic_track_57,True,0.0,0.0,True,True,1.4734,0.923437,0.9244,0.001,0.9031,0.9687
vw_train,vw_synthetic_track_58,synthetic_track_58,True,0.0,0.0,True,True,1.4738,1.373438,1.3778,0.0044,1.3565,1.4062
vw_train,vw_synthetic_track_59,synthetic_track_59,True,0.0,0.0,True,True,1.4741,0.810937,0.8114,0.0005,0.7812,0.8489
vw_train,vw_synthetic_track_60,synthetic_track_60,True,0.0,0.0,True,True,1.4732,1.260938,1.262,0.0011,1.2411,1.2915
vw_train,vw_synthetic_track_61,synthetic_track_61,True,0.0,0.0,True,True,1.4741,1.035937,1.0342,-0.0017,1.0179,1.0937
vw_train,vw_synthetic_track_62,synthetic_track_62,True,0.0,0.0,True,True,1.4736,1.485937,1.4866,0.0007,1.4688,1.5305
vw_train,vw_synthetic_track_63,synthetic_track_63,True,0.0,0.0,True,True,1.4733,0.607031,0.6066,-0.0004,0.5852,0.6562
vw_train,vw_synthetic_track_64,synthetic_track_64,True,0.0,0.0,True,True,1.4731,1.057031,1.0615,0.0044,1.0361,1.0938
vw_train,vw_synthetic_track_65,synthetic_track_65,True,0.0,0.0,True,True,1.4737,0.832031,0.8335,0.0014,0.8146,0.8613
vw_train,vw_synthetic_track_66,synthetic_track_66,True,0.0,0.0,True,True,1.4731,1.282031,1.2812,-0.0008,1.2656,1.3413
vw_train,vw_synthetic_track_67,synthetic_track_67,True,0.0,0.0,True,True,1.4729,0.719531,0.7188,-0.0007,0.6973,0.78
vw_train,vw_synthetic_track_68,synthetic_track_68,True,0.0,0.0,True,True,1.4736,1.169531,1.169,-0.0005,1.1501,1.2186
vw_train,vw_synthetic_track_69,synthetic_track_69,True,0.0,0.0,True,True,1.4734,0.944531,0.9452,0.0006,0.9224,0.9791
vw_train,vw_synthetic_track_70,synthetic_track_70,True,0.0,0.0,True,True,1.4732,1.394531,1.3963,0.0018,1.3791,1.4233
vw_train,vw_synthetic_track_71,synthetic_track_71,True,0.0,0.0,True,True,1.4723,0.663281,0.6611,-0.0022,0.6462,0.7187
vw_train,vw_synthetic_track_72,synthetic_track_72,True,0.0,0.0,True,True,1.4731,1.113281,1.1134,0.0002,1.0938,1.156
vw_train,vw_synthetic_track_73,synthetic_track_73,True,0.0,0.0,True,True,1.4735,0.888281,0.8898,0.0015,0.8703,0.9173
vw_train,vw_synthetic_track_74,synthetic_track_74,True,0.0,0.0,True,True,1.4743,1.338281,1.3392,0.0009,1.3241,1.3799
vw_train,vw_synthetic_track_75,synthetic_track_75,True,0.0,0.0,True,True,1.4737,0.775781,0.7761,0.0003,0.7506,0.8064
vw_train,vw_synthetic_track_76,synthetic_track_76,True,0.0,0.0,True,True,1.4728,1.225781,1.2243,-0.0015,1.207,1.2786
vw_train,vw_synthetic_track_77,synthetic_track_77,True,0.0,0.0,True,True,1.4739,1.000781,1.0044,0.0036,0.9813,1.0312
vw_train,vw_synthetic_track_78,synthetic_track_78,True,0.0,0.0,True,True,1.4741,1.450781,1.4533,0.0025,1.4309,1.4791
vw_train,vw_synthetic_track_79,synthetic_track_79,True,0.0,0.0,True,True,1.474,0.635156,0.6352,0.0,0.6173,0.6675
vw_train,vw_synthetic_track_80,synthetic_track_80,True,0.0,0.0,True,True,1.4733,1.085156,1.0849,-0.0003,1.0634,1.1154
vw_train,vw_synthetic_track_81,synthetic_track_81,True,0.0,0.0,True,True,1.4739,0.860156,0.8592,-0.001,0.8403,0.9062
vw_train,vw_synthetic_track_82,synthetic_track_82,True,0.0,0.0,True,True,1.4738,1.310156,1.3119,0.0017,1.2909,1.3438
vw_train,vw_synthetic_track_83,synthetic_track_83,True,0.0,0.0,True,True,1.4733,0.747656,0.749,0.0013,0.7255,0.7812
vw_train,vw_synthetic_track_84,synthetic_track_84,True,0.0,0.0,True,True,1.473,1.197656,1.2017,0.004,1.1802,1.2251
vw_train,vw_synthetic_track_85,synthetic_track_85,True,0.0,0.0,True,True,1.474,0.972656,0.9714,-0.0013,0.9486,1.0285
vw_train,vw_synthetic_track_86,synthetic_track_86,True,0.0,0.0,True,True,1.4733,1.422656,1.424,0.0013,1.4062,1.4685
vw_train,vw_synthetic_track_87,synthetic_track_87,True,0.0,0.0,True,True,1.4735,0.691406,0.6935,0.002,0.6716,0.7208
vw_train,vw_synthetic_track_88,synthetic_track_88,True,0.0,0.0,True,True,1.473,1.141406,1.1424,0.001,1.1234,1.1689
vw_train,vw_synthetic_track_89,synthetic_track_89,True,0.0,0.0,True,True,1.4731,0.916406,0.9154,-0.001,0.8978,0.9687
vw_train,vw_synthetic_track_90,synthetic_track_90,True,0.0,0.0,True,True,1.4727,1.366406,1.3679,0.0015,1.3472,1.4062
vw_train,vw_synthetic_track_91,synthetic_track_91,True,0.0,0.0,True,True,1.4729,0.803906,0.8036,-0.0003,0.782,0.8432
vw_train,vw_synthetic_track_92,synthetic_track_92,True,0.0,0.0,True,True,1.4729,1.253906,1.2579,0.004,1.2376,1.2817
vw_train,vw_synthetic_track_93,synthetic_track_93,True,0.0,0.0,True,True,1.4728,1.028906,1.0291,0.0002,1.0099,1.0936
vw_train,vw_synthetic_track_94,synthetic_track_94,True,0.0,0.0,True,True,1.4728,1.478906,1.4779,-0.001,1.4614,1.5308
vw_train,vw_synthetic_track_95,synthetic_track_95,True,0.0,0.0,True,True,1.4739,0.621094,0.622,0.0009,0.6007,0.6562
vw_train,vw_synthetic_track_96,synthetic_track_96,True,0.0,0.0,True,True,1.4731,1.071094,1.0729,0.0018,1.0474,1.0953
vw_train,vw_synthetic_track_97,synthetic_track_97,True,0.0,0.0,True,True,1.4733,0.846094,0.8449,-0.0012,0.8246,0.9062
vw_train,vw_synthetic_track_98,synthetic_track_98,True,0.0,0.0,True,True,1.473,1.296094,1.2959,-0.0002,1.2789,1.3437
vw_train,vw_synthetic_track_99,synthetic_track_99,True,0.0,0.0,True,True,1.4736,0.733594,0.7344,0.0008,0.7151,0.7811
vw_val,vw_val_track_0,val_track_0,True,0.0,0.0,True,True,1.4729,1.05,1.0507,0.0007,1.0268,1.0937
vw_val,vw_val_track_1,val_track_1,True,0.0,0.0,True,True,1.4733,0.825,0.8283,0.0033,0.8053,0.8509
vw_val,vw_val_track_2,val_track_2,True,0.0,0.0,True,True,1.4731,1.275,1.2784,0.0034,1.2567,1.3436
vw_val,vw_val_track_3,val_track_3,True,0.0,0.0,True,True,1.4731,0.7125,0.7149,0.0024,0.6939,0.7397
vw_val,vw_val_track_4,val_track_4,True,0.0,0.0,True,True,1.4732,1.1625,1.1609,-0.0016,1.1431,1.2185
vw_val,vw_val_track_5,val_track_5,True,0.0,0.0,True,True,1.4735,0.9375,0.9385,0.001,0.9107,0.9687
vw_val,vw_val_track_6,val_track_6,True,0.0,0.0,True,True,1.4727,1.3875,1.3922,0.0047,1.3718,1.415
vw_val,vw_val_track_7,val_track_7,True,0.0,0.0,True,True,1.473,0.65625,0.6562,-0.0,0.637,0.7187
vw_val,vw_val_track_8,val_track_8,True,0.0,0.0,True,True,1.4736,1.10625,1.106,-0.0002,1.0894,1.156
vw_val,vw_val_track_9,val_track_9,True,0.0,0.0,True,True,1.4728,0.88125,0.8833,0.002,0.8501,0.9077
vw_test,vw_test_track_0,test_track_0,True,0.0,0.0,True,True,1.4733,1.05,1.0507,0.0007,1.0305,1.0936
vw_test,vw_test_track_1,test_track_1,True,0.0,0.0,True,True,1.474,0.825,0.8261,0.0011,0.8029,0.8507
vw_test,vw_test_track_2,test_track_2,True,0.0,0.0,True,True,1.4731,1.275,1.2758,0.0008,1.2573,1.3033
vw_test,vw_test_track_3,test_track_3,True,0.0,0.0,True,True,1.4733,0.7125,0.7144,0.0019,0.691,0.7328
vw_test,vw_test_track_4,test_track_4,True,0.0,0.0,True,True,1.4741,1.1625,1.1613,-0.0012,1.1419,1.2187
vw_test,vw_test_track_5,test_track_5,True,0.0,0.0,True,True,1.4731,0.9375,0.9383,0.0008,0.9153,0.9754
vw_test,vw_test_track_6,test_track_6,True,0.0,0.0,True,True,1.4724,1.3875,1.3894,0.0019,1.3722,1.4211
vw_test,vw_test_track_7,test_track_7,True,0.0,0.0,True,True,1.4742,0.65625,0.6562,-0.0,0.6378,0.7162
vw_test,vw_test_track_8,test_track_8,True,0.0,0.0,True,True,1.4732,1.10625,1.1053,-0.001,1.0865,1.1561
vw_test,vw_test_track_9,test_track_9,True,0.0,0.0,True,True,1.4739,0.88125,0.8835,0.0022,0.8617,0.9062
vw_test,vw_test_track_10,test_track_10,True,0.0,0.0,True,True,1.4735,1.33125,1.3344,0.0031,1.3146,1.3665
vw_test,vw_test_track_11,test_track_11,True,0.0,0.0,True,True,1.4731,0.76875,0.772,0.0032,0.7466,0.8048
vw_test,vw_test_track_12,test_track_12,True,0.0,0.0,True,True,1.4722,1.21875,1.2165,-0.0023,1.1903,1.2732
vw_test,vw_test_track_13,test_track_13,True,0.0,0.0,True,True,1.4737,0.99375,0.9938,0.0,0.9688,1.0311
vw_test,vw_test_track_14,test_track_14,True,0.0,0.0,True,True,1.4723,1.44375,1.4453,0.0015,1.4266,1.4694
vw_test,vw_test_track_15,test_track_15,True,0.0,0.0,True,True,1.4727,0.628125,0.6328,0.0047,0.5916,0.6748
vw_test,vw_test_track_16,test_track_16,True,0.0,0.0,True,True,1.4726,1.078125,1.0815,0.0034,1.0536,1.1154
vw_test,vw_test_track_17,test_track_17,True,0.0,0.0,True,True,1.4744,0.853125,0.8517,-0.0014,0.8088,0.8972
vw_test,vw_test_track_18,test_track_18,True,0.0,0.0,True,True,1.473,1.303125,1.303,-0.0001,1.2829,1.3437
vw_test,vw_test_track_19,test_track_19,True,0.0,0.0,True,True,1.4733,0.740625,0.7422,0.0016,0.7188,0.7812
narrowA,narrowA_track_0,test_track_0,True,0.0,0.0,True,True,1.4733,1.07,1.0725,0.0025,1.0502,1.1058
narrowA,narrowA_track_1,test_track_1,True,0.0,0.0,True,True,1.474,1.07,1.0703,0.0003,1.0496,1.1014
narrowA,narrowA_track_2,test_track_2,True,0.0,0.0,True,True,1.4731,1.07,1.0709,0.0009,1.0389,1.1119
narrowA,narrowA_track_3,test_track_3,True,0.0,0.0,True,True,1.4733,1.07,1.0711,0.0011,1.0488,1.1072
narrowA,narrowA_track_4,test_track_4,True,0.0,0.0,True,True,1.4741,1.07,1.0743,0.0043,1.0401,1.1048
narrowA,narrowA_track_5,test_track_5,True,0.0,0.0,True,True,1.4731,1.07,1.0719,0.0019,1.0524,1.1055
narrowA,narrowA_track_6,test_track_6,True,0.0,0.0,True,True,1.4724,1.07,1.0726,0.0026,1.0537,1.1084
narrowA,narrowA_track_7,test_track_7,True,0.0,0.0,True,True,1.4742,1.07,1.0719,0.0019,1.051,1.1115
narrowA,narrowA_track_8,test_track_8,True,0.0,0.0,True,True,1.4732,1.07,1.0722,0.0022,1.0537,1.1089
narrowA,narrowA_track_9,test_track_9,True,0.0,0.0,True,True,1.4739,1.07,1.0722,0.0022,1.0494,1.1003
narrowA,narrowA_track_10,test_track_10,True,0.0,0.0,True,True,1.4735,1.07,1.0715,0.0014,1.0516,1.1069
narrowA,narrowA_track_11,test_track_11,True,0.0,0.0,True,True,1.4731,1.07,1.0726,0.0026,1.0527,1.1132
narrowA,narrowA_track_12,test_track_12,True,0.0,0.0,True,True,1.4722,1.07,1.0686,-0.0014,1.0489,1.098
narrowA,narrowA_track_13,test_track_13,True,0.0,0.0,True,True,1.4737,1.07,1.0721,0.0021,1.0493,1.116
narrowA,narrowA_track_14,test_track_14,True,0.0,0.0,True,True,1.4723,1.07,1.0721,0.0021,1.0501,1.1062
narrowA,narrowA_track_15,test_track_15,True,0.0,0.0,True,True,1.4727,1.07,1.0747,0.0047,1.0332,1.1167
narrowA,narrowA_track_16,test_track_16,True,0.0,0.0,True,True,1.4726,1.07,1.0736,0.0036,1.0488,1.1058
narrowA,narrowA_track_17,test_track_17,True,0.0,0.0,True,True,1.4744,1.07,1.071,0.001,1.0397,1.115
narrowA,narrowA_track_18,test_track_18,True,0.0,0.0,True,True,1.473,1.07,1.0737,0.0037,1.0512,1.0938
narrowA,narrowA_track_19,test_track_19,True,0.0,0.0,True,True,1.4733,1.07,1.0722,0.0022,1.0509,1.1078
narrowB,narrowB_track_0,test_track_0,True,0.0,0.0,True,True,1.4733,0.75,0.7512,0.0012,0.7196,0.7813
narrowB,narrowB_track_1,test_track_1,True,0.0,0.0,True,True,1.474,0.75,0.7503,0.0003,0.7294,0.781
narrowB,narrowB_track_2,test_track_2,True,0.0,0.0,True,True,1.4731,0.75,0.7498,-0.0002,0.7217,0.7812
narrowB,narrowB_track_3,test_track_3,True,0.0,0.0,True,True,1.4733,0.75,0.7501,0.0001,0.73,0.7812
narrowB,narrowB_track_4,test_track_4,True,0.0,0.0,True,True,1.4741,0.75,0.7534,0.0034,0.7234,0.7813
narrowB,narrowB_track_5,test_track_5,True,0.0,0.0,True,True,1.4731,0.75,0.7513,0.0013,0.73,0.7812
narrowB,narrowB_track_6,test_track_6,True,0.0,0.0,True,True,1.4724,0.75,0.7512,0.0012,0.7292,0.7812
narrowB,narrowB_track_7,test_track_7,True,0.0,0.0,True,True,1.4742,0.75,0.7512,0.0012,0.7293,0.7812
narrowB,narrowB_track_8,test_track_8,True,0.0,0.0,True,True,1.4732,0.75,0.7518,0.0018,0.7282,0.7812
narrowB,narrowB_track_9,test_track_9,True,0.0,0.0,True,True,1.4739,0.75,0.7513,0.0013,0.719,0.7812
narrowB,narrowB_track_10,test_track_10,True,0.0,0.0,True,True,1.4735,0.75,0.7518,0.0018,0.7292,0.7812
narrowB,narrowB_track_11,test_track_11,True,0.0,0.0,True,True,1.4731,0.75,0.7517,0.0017,0.7271,0.7812
narrowB,narrowB_track_12,test_track_12,True,0.0,0.0,True,True,1.4722,0.75,0.7479,-0.0021,0.7257,0.7812
narrowB,narrowB_track_13,test_track_13,True,0.0,0.0,True,True,1.4737,0.75,0.7516,0.0016,0.7188,0.7812
narrowB,narrowB_track_14,test_track_14,True,0.0,0.0,True,True,1.4723,0.75,0.751,0.001,0.7292,0.7812
narrowB,narrowB_track_15,test_track_15,True,0.0,0.0,True,True,1.4727,0.75,0.7546,0.0046,0.7029,0.7813
narrowB,narrowB_track_16,test_track_16,True,0.0,0.0,True,True,1.4726,0.75,0.7535,0.0035,0.725,0.7812
narrowB,narrowB_track_17,test_track_17,True,0.0,0.0,True,True,1.4744,0.75,0.7508,0.0008,0.7149,0.7812
narrowB,narrowB_track_18,test_track_18,True,0.0,0.0,True,True,1.473,0.75,0.752,0.002,0.7302,0.7812
narrowB,narrowB_track_19,test_track_19,True,0.0,0.0,True,True,1.4733,0.75,0.7529,0.0029,0.7232,0.7813
