#{"t_start": 1791269352.6480541, "env_id": "f1tenth-v0"}
r,l,t,track_name,laps,progress_m
-1.566338,115,4.609809,synthetic_track_0,0.020928750782744577,3.4336621687413738
-1.903843,116,4.795225,synthetic_track_0,0.018871601574215892,3.096157293935134
-0.524626,130,5.000029,synthetic_track_0,0.02727815788703045,4.475373601699871
-0.064547,161,5.251562,synthetic_track_0,0.030082418467833667,4.935452828002072
4.437585,199,5.608728,synthetic_track_0,0.057523673983890675,9.437584938339812
3.070549,201,5.939586,synthetic_track_0,0.04919135671473701,8.070548611994326
-0.399238,145,6.346606,synthetic_track_0,0.028042423207208993,4.600762304734249
0.472793,145,6.627402,synthetic_track_0,0.03335759568677033,5.472792692637396
-1.405096,122,6.822485,synthetic_track_0,0.021911544569035515,3.5949036053991015
2.935597,229,7.210956,synthetic_track_0,0.048368806652204895,7.935597459824221
0.489679,155,7.456514,synthetic_track_0,0.03346052253401463,5.489679320281793
-1.55297,126,7.647593,synthetic_track_0,0.02101023287138508,3.4470304757224857
-1.089733,131,7.867353,synthetic_track_0,0.023833737732627105,3.9102670026392023
2.047755,186,8.455307,synthetic_track_0,0.042957254792196156,7.04775465024697
-0.665736,151,8.695992,synthetic_track_0,0.02641807083610517,4.33426396743439
-0.084719,150,8.929054,synthetic_track_0,0.029959470767986836,4.915281491925678
0.862854,142,9.139607,synthetic_track_0,0.035735083143590064,5.862853658142788
2.335153,179,9.418703,synthetic_track_0,0.04470899784966256,7.3351532593764235
0.867094,153,9.667386,synthetic_track_0,0.0357609295238239,5.86709412805564
2.247755,192,9.971649,synthetic_track_0,0.04417628831584803,7.247754608966056
-2.01233,114,10.176605,synthetic_track_0,0.018210355763957613,2.9876704211880716
-0.55081,148,10.404374,synthetic_track_0,0.027118562352130508,4.449189661904582
-1.490301,125,10.61154,synthetic_track_0,0.021392205764168042,3.509698615118313
3.781893,197,10.920734,synthetic_track_0,0.05352712331875835,8.781893398659514
3.477142,221,11.254074,synthetic_track_0,0.05166961134520812,8.477141879671475
-0.117557,152,11.487301,synthetic_track_0,0.029759311734114634,4.882442527504282
1.1236,171,11.782384,synthetic_track_0,0.037324378664793205,6.12360041568957
-0.663084,129,11.987538,synthetic_track_0,0.026434232677742232,4.336915549689941
4.835994,226,12.407183,synthetic_track_0,0.059952041639287044,9.835993531221735
0.247115,155,12.717943,synthetic_track_0,0.031982049923897755,5.247114653065047
0.715591,157,12.987942,synthetic_track_0,0.03483749178050896,5.715590902788002
2.857459,186,13.280826,synthetic_track_0,0.04789254257390781,7.8574594971261575
0.641034,160,13.547556,synthetic_track_0,0.03438305568254115,5.641034133781558
0.804015,162,13.814599,synthetic_track_0,0.0353764514217173,5.804014973087568
4.250043,197,14.194198,synthetic_track_0,0.05638057723349286,9.250043497964485
-1.403941,124,14.379685,synthetic_track_0,0.02191858768534513,3.596059129791046
5.203264,205,14.791332,synthetic_track_0,0.062190616938308886,10.203263962023922
1.003188,170,15.056472,synthetic_track_0,0.03659044302678477,6.003187732645038
3.492321,192,15.353009,synthetic_track_0,0.05176213063085656,8.492320997350678
3.063759,209,15.691097,synthetic_track_0,0.04914997125581459,8.06375873303246
1.966497,176,16.050033,synthetic_track_0,0.04246197396746777,6.96649671715643
4.850056,225,16.440809,synthetic_track_0,0.06003775248548223,9.850055626617982
4.054756,203,16.74995,synthetic_track_0,0.05519026709700097,9.054756023467377
1.712361,172,17.047934,synthetic_track_0,0.04091297446210298,6.712361099785735
2.63185,188,17.383758,synthetic_track_0,0.04651741644077681,7.631850303840119
0.94179,154,17.637547,synthetic_track_0,0.036216216276074284,5.941790459115217
-0.076897,158,17.95154,synthetic_track_0,0.03000714629146754,4.923103346323486
4.203165,218,18.29958,synthetic_track_0,0.05609484588042968,9.203165165491567
3.128749,201,24.498644,synthetic_track_0,0.04954609932815252,8.128749232947277
0.487604,158,24.744951,synthetic_track_0,0.033447871336871215,5.4876037096793455
6.028295,247,25.139625,synthetic_track_0,0.06721931955555631,11.02829485440425
-1.763349,124,25.323293,synthetic_track_0,0.019727933398375662,3.2366508293128384
3.932039,220,25.657181,synthetic_track_0,0.05444228819361994,8.932039341032912
3.644796,224,26.028624,synthetic_track_0,0.052691492580227046,8.644796173712002
4.317809,225,26.39401,synthetic_track_0,0.056793616671702345,9.317808550351053
2.28127,168,26.653026,synthetic_track_0,0.04438056921591055,7.281269824738964
1.064339,174,26.909602,synthetic_track_0,0.036963170054353824,6.0643389550527536
2.847755,218,27.262269,synthetic_track_0,0.04783338969856398,7.8477546183042515
-1.145853,120,27.451552,synthetic_track_0,0.023491677161223887,3.8541470528324675
4.62739,213,27.768756,synthetic_track_0,0.0586805702386045,9.627390385602562
1.212361,172,28.054658,synthetic_track_0,0.03786539008280536,6.212361109443783
1.879218,178,28.338843,synthetic_track_0,0.0419299925499627,6.879217524684673
2.147755,175,28.61393,synthetic_track_0,0.04356677143137903,7.1477546094851565
5.321316,224,29.03443,synthetic_track_0,0.06291016650125453,10.321316402825017
0.573117,153,29.271645,synthetic_track_0,0.0339690872580937,5.573116667859481
0.394093,146,29.493264,synthetic_track_0,0.03287791077530831,5.394093493124676
4.177379,208,29.808836,synthetic_track_0,0.05593767699865997,9.177379352996683
21.627367,396,30.482849,synthetic_track_0,0.16229830103665713,26.627367400257587
4.356393,216,30.893581,synthetic_track_0,0.05702879747130667,9.356393338463754
6.075659,243,31.310695,synthetic_track_0,0.06750801025535198,11.075658710214178
3.346699,201,31.625648,synthetic_track_0,0.050874540004667304,8.346699006525107
2.947755,198,31.942569,synthetic_track_0,0.04844290665522706,7.947754629629626
3.923521,204,32.254491,synthetic_track_0,0.054390367163864806,8.923520950351932
-1.639803,98,32.404891,synthetic_track_0,0.020480968076562207,3.3601969842210098
3.328418,194,32.759805,synthetic_track_0,0.050763117048051996,8.328418470107485
2.535994,192,33.060001,synthetic_track_0,0.045933157725864,7.535994269861847
11.012928,292,33.54774,synthetic_track_0,0.09760149810394383,16.01292762912083
3.121266,199,33.891973,synthetic_track_0,0.04950048689604487,8.121265858321713
2.747755,175,34.190964,synthetic_track_0,0.04722387274771149,7.747754607932188
2.615451,213,34.50858,synthetic_track_0,0.04641746241042665,7.615451409506228
2.447755,205,34.815973,synthetic_track_0,0.04539532213779545,7.44775461662481
12.609849,323,35.373086,synthetic_track_0,0.10733500202448874,17.609848751084137
2.816767,195,35.695016,synthetic_track_0,0.047644513694767326,7.816766797026627
0.997515,156,35.946927,synthetic_track_0,0.03655586548544709,5.997514790346103
2.147755,186,36.240109,synthetic_track_0,0.04356677143137903,7.1477546094851565
-1.184112,128,36.449936,synthetic_track_0,0.023258478856402098,3.815887521463716
0.285786,156,36.698721,synthetic_track_0,0.0322177597581178,5.285786236905062
6.320271,224,37.053071,synthetic_track_0,0.06899896497630596,11.320271246996208
1.580058,206,37.403255,synthetic_track_0,0.040106563813148526,6.580057850225898
-1.011054,125,37.585021,synthetic_track_0,0.024313299986144093,3.9889460783542843
1.880058,163,43.906844,synthetic_track_0,0.041935114519564935,6.880057857365549
-0.179337,120,44.193722,synthetic_track_0,0.029382755302128968,4.8206630362997025
4.008185,199,44.514555,synthetic_track_0,0.05490640844421822,9.008184934373343
-0.861344,122,44.699802,synthetic_track_0,0.025225809125047155,4.138656309098946
-0.939949,126,44.920041,synthetic_track_0,0.024746694704318506,4.0600507067850815
2.947755,200,45.242014,synthetic_track_0,0.04844290665522714,7.947754629629639
3.750742,209,45.588974,synthetic_track_0,0.053337249821329855,8.750741924224434
-0.203681,132,45.790014,synthetic_track_0,0.029234372238820007,4.7963186635153505
6.005505,233,46.187115,synthetic_track_0,0.06708041259462177,11.00550517232112
0.611756,142,46.421865,synthetic_track_0,0.03420459972364803,5.61175587053505
2.947755,200,46.733978,synthetic_track_0,0.04844290665522706,7.947754629629626
1.480058,177,47.007578,synthetic_track_0,0.03949704717396565,6.480057890987711
0.617428,148,47.236013,synthetic_track_0,0.03423917526676694,5.617428484997493
3.944272,197,47.541122,synthetic_track_0,0.05451684713466263,8.944271806212381
3.923168,187,47.843583,synthetic_track_0,0.05438821541968383,8.923167925813214
21.315862,416,48.547904,synthetic_track_0,0.16039962468235466,26.315862273356878
2.267523,175,48.85165,synthetic_track_0,0.044296778606634155,7.2675227717899
-0.11185,152,49.113014,synthetic_track_0,0.02979409998269827,4.888150039353336
0.342333,156,49.376087,synthetic_track_0,0.032562422695427244,5.342333142216891
5.420126,221,49.742674,synthetic_track_0,0.06351243026450268,10.420126423591952
-0.416241,141,49.971721,synthetic_track_0,0.02793878677166363,4.583759258937138
2.184914,180,50.287271,synthetic_track_0,0.04379326551196382,7.184914216574036
2.493441,190,50.619524,synthetic_track_0,0.04567378791198103,7.493440926526242
-0.431879,154,50.875477,synthetic_track_0,0.027843470679153336,4.568121284921284
3.178701,216,51.262583,synthetic_track_0,0.049850565852194835,8.178701339315433
3.023592,220,51.621726,synthetic_track_0,0.04890515116109327,8.023592480105153
0.447407,162,51.89071,synthetic_track_0,0.03320286404198708,5.447406743876545
20.422067,391,52.490888,synthetic_track_0,0.1549517937750335,25.422067364986546
16.233981,382,53.081912,synthetic_track_0,0.12942469710943047,21.233980507420622
3.762898,196,53.40303,synthetic_track_0,0.05341134488576299,8.762898283783375
1.412361,181,53.673319,synthetic_track_0,0.03908442381899994,6.412361103033551
-0.961207,124,53.881173,synthetic_track_0,0.02461712577690148,4.038793063224098
3.188181,183,54.179054,synthetic_track_0,0.04990834894144573,8.188181485054345
2.047755,181,54.47977,synthetic_track_0,0.042957254792196156,7.04775465024697
5.659912,237,54.863219,synthetic_track_0,0.06497396372105038,10.659911979366035
1.930859,175,55.152013,synthetic_track_0,0.04224475858761432,6.930859414193916
21.798924,412,55.811959,synthetic_track_0,0.16334396503606433,26.79892359839148
8.84689,281,56.265081,synthetic_track_0,0.08439913230972931,13.846889892991092
2.380058,176,56.562632,synthetic_track_0,0.04498269903699655,7.380057870370367
4.81225,202,56.872017,synthetic_track_0,0.05980732049331304,9.812249948572859
17.055863,363,63.87396,synthetic_track_0,0.13443420693617464,22.055862546849916
4.237265,208,64.202895,synthetic_track_0,0.056302687713061905,9.237264603398753
7.81761,227,64.562658,synthetic_track_0,0.07812549847564768,12.81761015335261
21.391549,404,65.323517,synthetic_track_0,0.1608609474180685,26.391548894199385
4.376504,206,65.676676,synthetic_track_0,0.05715137352477737,9.37650370061413
3.384134,194,66.030866,synthetic_track_0,0.05110271169944263,8.38413385031777
25.296331,441,66.760019,synthetic_track_0,0.18466125471964506,30.29633115445838
6.939634,232,67.107482,synthetic_track_0,0.07277408320682383,11.93963361531025
2.197583,189,67.461539,synthetic_track_0,0.04387048241391037,7.197582758416479
0.286007,142,67.669989,synthetic_track_0,0.03221910630807682,5.286007157766541
3.587844,215,67.993033,synthetic_track_0,0.052344362098591356,8.587844432311739
1.177656,155,68.231633,synthetic_track_0,0.03765385754985368,6.177656159139103
2.647755,215,68.557881,synthetic_track_0,0.04661435594138095,7.647754621271026
2.847755,189,68.858624,synthetic_track_0,0.04783338969856398,7.8477546183042515
32.201878,537,69.753941,synthetic_track_0,0.2267517309220196,37.201878327372334
10.396396,272,70.235366,synthetic_track_0,0.09384363198422668,15.396395717378336
4.2069,197,70.557571,synthetic_track_0,0.05611761060491117,9.206900045515958
16.412285,345,71.091985,synthetic_track_0,0.1305114951817583,21.41228534103209
17.309317,341,71.694564,synthetic_track_0,0.13597905453377873,22.309316984117984
4.275084,217,72.065976,synthetic_track_0,0.05653320470984545,9.275084227671796
3.864665,185,72.364681,synthetic_track_0,0.054031629779403886,8.864664929831477
2.047755,180,72.663446,synthetic_track_0,0.042957254792196156,7.04775465024697
3.007893,177,72.934515,synthetic_track_0,0.048809461357516334,8.007893193421147
0.271994,139,73.160739,synthetic_track_0,0.03213369344795305,5.271993951265329
3.304454,166,73.428871,synthetic_track_0,0.05061705035069078,8.304454130427176
4.168056,185,73.737668,synthetic_track_0,0.055880848024722304,9.168055743579009
3.823992,202,74.096545,synthetic_track_0,0.053783724166026864,8.823992453250929
14.090162,323,74.603605,synthetic_track_0,0.11635776103393645,19.09016196184464
2.087548,180,74.873825,synthetic_track_0,0.043199802096050136,7.087548019188048
1.247346,158,75.117953,synthetic_track_0,0.03807863051799071,6.247346265640759
3.60184,213,75.457521,synthetic_track_0,0.052429666184569304,8.601839792851989
4.286214,211,75.777998,synthetic_track_0,0.056601042386456205,9.286213972882662
4.127849,189,76.052659,synthetic_track_0,0.055635781792631234,9.127849108280886
29.865494,486,76.863609,synthetic_track_0,0.21251107628756954,34.86549439390135
2.155423,160,83.203034,synthetic_track_0,0.04361351415922931,7.155423425361908
12.123767,318,83.757452,synthetic_track_0,0.10437225239502043,17.123767119946105
17.788724,375,84.414542,synthetic_track_0,0.13890111850220394,22.78872354818756
4.773608,205,84.765818,synthetic_track_0,0.059571791767493616,9.773608078167253
19.474846,360,85.363934,synthetic_track_0,0.14917831789323693,24.474845721265208
4.287165,207,85.732943,synthetic_track_0,0.056606836824820005,9.287164633722643
2.447755,179,86.036421,synthetic_track_0,0.04539532213779545,7.44775461662481
7.320606,226,86.492914,synthetic_track_0,0.0750961749149969,12.32060611259259
35.402084,602,87.522903,synthetic_track_0,0.24625752513093668,40.40208403203551
1.563603,175,87.797032,synthetic_track_0,0.04000626877728559,6.5636030090397215
3.515451,194,88.115484,synthetic_track_0,0.05190311427345756,8.515451388888884
3.115451,183,88.41557,synthetic_track_0,0.049465046673691435,8.115451380811326
6.19523,223,88.822495,synthetic_track_0,0.06823681737150022,11.195229985585806
9.286935,240,89.244574,synthetic_track_0,0.08708128041780197,14.286934814221818
4.796345,212,89.606977,synthetic_track_0,0.0597103784840141,9.796345219554537
5.912221,212,89.951616,synthetic_track_0,0.06651182720874645,10.912220573089856
6.767878,226,90.327477,synthetic_track_0,0.07172720422249601,11.767878081449123
7.763747,248,90.983635,synthetic_track_0,0.07779719394645175,12.76374707985011
5.121787,174,91.288909,synthetic_track_0,0.06169400337728178,10.121787374401281
34.68556,596,92.508984,synthetic_track_0,0.2418901871754509,39.68555951169846
6.58938,200,92.921695,synthetic_track_0,0.07063922728710248,11.589379838419537
12.733169,293,93.603603,synthetic_track_0,0.10808665908606736,17.73316888820086
13.95256,320,94.216554,synthetic_track_0,0.1155190546005138,18.952560124973527
29.681817,490,95.160286,synthetic_track_0,0.21139153400022817,34.68181740150677
31.319995,518,96.151439,synthetic_track_0,0.221376502568251,36.319994910713824
2.915451,181,96.447143,synthetic_track_0,0.048246012937496856,7.915451387221558
5.986899,220,96.856364,synthetic_track_0,0.06696700584577905,10.986899166295084
5.725937,210,97.252663,synthetic_track_0,0.06537639464580214,10.725936552748168
21.204061,365,98.198623,synthetic_track_0,0.15971817450953477,26.20406058473325
3.877995,180,98.575428,synthetic_track_0,0.054112876120711945,8.877994559076628
2.047755,174,105.360048,synthetic_track_0,0.04295725479219616,7.047754650246971
5.644336,201,105.716982,synthetic_track_0,0.06487902357724389,10.644335685134847
5.280785,215,106.113569,synthetic_track_0,0.0626631209158687,10.280785026189138
9.18049,247,106.573957,synthetic_track_0,0.08643248368088623,14.180490390764534
0.331564,132,106.804146,synthetic_track_0,0.032496783615795416,5.3315641084192
19.587292,369,107.473593,synthetic_track_0,0.14986369707159325,24.587292019679992
9.847427,255,107.912626,synthetic_track_0,0.09049757476722957,14.847426971001
4.336649,187,108.289041,synthetic_track_0,0.056908452331102165,9.336648989677643
10.206104,281,108.948843,synthetic_track_0,0.09268377122719912,15.20610390093142
0.313599,133,109.24004,synthetic_track_0,0.03238728305628426,5.313598968858196
47.751555,667,110.388868,synthetic_track_0,0.3215296375660978,52.75155522182842
0.698287,135,110.643622,synthetic_track_0,0.03473202147891757,5.698286984925943
40.537654,577,111.631187,synthetic_track_0,0.27755968989688085,45.53765375964429
-0.692195,127,111.829004,synthetic_track_0,0.02625680039470391,4.3078052351706235
39.313317,591,112.987976,synthetic_track_0,0.27009714919700134,44.31331677222145
33.427352,519,113.999984,synthetic_track_0,0.23422120175503972,38.42735230267545
0.879152,147,114.249347,synthetic_track_0,0.03583442479089636,5.879152082242581
41.750389,622,115.457623,synthetic_track_0,0.2849515170124802,46.75038916789601
26.958715,472,116.422599,synthetic_track_0,0.19479376663937278,31.95871526970023
-0.45221,129,116.650057,synthetic_track_0,0.02771954634242974,4.547789717537673
0.880367,138,116.907686,synthetic_track_0,0.03584182771610603,5.8803666384525695
0.837751,137,117.151434,synthetic_track_0,0.03558207952548641,5.837751216978633
0.468134,133,117.436215,synthetic_track_0,0.033329201099089406,5.468134152692556
10.581615,297,118.131682,synthetic_track_0,0.09497257405291981,15.581614878914163
-1.555867,99,118.299606,synthetic_track_0,0.02099257506977731,3.44413345974704
0.987444,147,118.574716,synthetic_track_0,0.03649448437275522,5.98744433718274
33.898494,534,119.617543,synthetic_track_0,0.2370928877386737,38.898493634753365
18.664835,328,120.23179,synthetic_track_0,0.1442411659996414,23.66483504005695
1.09555,152,120.47258,synthetic_track_0,0.03715340705230047,6.09555006696885
1.203501,135,127.152024,synthetic_track_0,0.037811388911542634,6.203501441671094
48.027802,670,128.315863,synthetic_track_0,0.32321340764271184,53.027801887142765
30.282319,453,129.171606,synthetic_track_0,0.21505169255991788,35.28231898463821
11.326605,253,129.628644,synthetic_track_0,0.09951341545390914,16.326605131542465
9.757863,243,130.032584,synthetic_track_0,0.08995166435438183,14.757862526778998
32.774169,493,130.815642,synthetic_track_0,0.23023994223740352,37.77416949537097
48.825829,712,132.166672,synthetic_track_0,0.32807751924070583,53.825829258768714
7.518763,224,132.554641,synthetic_track_0,0.07630397741046306,12.518763459824841
11.466213,275,132.995562,synthetic_track_0,0.10036434963003128,16.466213105232356
0.922157,142,133.25569,synthetic_track_0,0.0360965473317494,5.922157049975462
39.512185,596,134.45742,synthetic_track_0,0.2713092825826104,44.51218466418687
41.632192,599,135.678468,synthetic_track_0,0.2842310822714505,46.63219150091627
20.660482,344,136.29996,synthetic_track_0,0.156404970660628,25.66048190526906
42.788128,570,137.282622,synthetic_track_0,0.29127671241837444,47.78812832397705
31.553803,500,138.159474,synthetic_track_0,0.2228016020375261,36.55380294756893
0.218095,135,138.364427,synthetic_track_0,0.0318051702431444,5.21809500088769
36.002416,537,139.286148,synthetic_track_0,0.2499166520105074,41.00241635322525
3.744079,193,139.621151,synthetic_track_0,0.05329663682342434,8.744078778587365
47.243891,619,140.720883,synthetic_track_0,0.31843533718287875,52.24389080005408
18.703174,337,141.34533,synthetic_track_0,0.1444748485854366,23.703174024675192
0.041726,147,141.580095,synthetic_track_0,0.0307301706693241,5.041725880420013
7.302104,224,147.992613,synthetic_track_0,0.07498340248665845,12.302104175956119
50.882152,686,149.137731,synthetic_track_0,0.34061115446593665,55.882152139977755
41.19576,605,150.123774,synthetic_track_0,0.2815709558674399,46.19575955653802
42.713996,623,151.127578,synthetic_track_0,0.2908248663128807,47.71399648043643
9.886901,240,151.540967,synthetic_track_0,0.09073817352579781,14.8869006531007
0.107996,125,151.755384,synthetic_track_0,0.03113409928515232,5.107996171534806
0.695576,146,151.967035,synthetic_track_0,0.03471549724393713,5.695575946837301
45.722841,643,153.044128,synthetic_track_0,0.3091642821422702,50.72284105906797
7.028358,261,153.482972,synthetic_track_0,0.07331487098876918,12.028357618355589
27.35443,449,154.341427,synthetic_track_0,0.19720571742026838,32.354430438522236
34.767231,544,155.30777,synthetic_track_0,0.24238799149412957,39.76723146021687
37.27976,519,156.191909,synthetic_track_0,0.2577022789483838,42.279760278528286
24.765637,450,156.957814,synthetic_track_0,0.18142658351567761,29.76563688337281
14.402206,285,157.425333,synthetic_track_0,0.11825972164796592,19.402205918725883
1.14813,145,157.637132,synthetic_track_0,0.03747389224898846,6.148130266663161
50.995611,682,158.783246,synthetic_track_0,0.34130270370797955,55.99561072596189
3.804601,190,159.114036,synthetic_track_0,0.053665531209835915,8.80460120116439
29.436637,460,159.891587,synthetic_track_0,0.20989711984827375,34.436637295380784
44.745102,677,161.083981,synthetic_track_0,0.30320479906719566,49.74510226363975
7.037322,257,161.541946,synthetic_track_0,0.07336950817564461,12.03732163362473
3.223703,180,168.387664,synthetic_track_0,0.050124859710959487,8.223703186570205
46.895799,610,169.513578,synthetic_track_0,0.316313656632406,51.89579863172843
59.675491,786,170.946634,synthetic_track_0,0.39420803874339455,64.6754908258992
57.411978,767,172.224494,synthetic_track_0,0.38041154391922594,62.411977688839826
24.338272,404,172.930811,synthetic_track_0,0.17882171951820833,29.338271530530008
48.899568,669,174.11898,synthetic_track_0,0.328526967697307,53.89956773357071
59.149734,775,175.663235,synthetic_track_0,0.39100346086004706,64.14973379629627
53.659935,662,177.088073,synthetic_track_0,0.3575422080485694,58.65993466350759
46.090354,626,178.152687,synthetic_track_0,0.31140433786356586,51.0903543744077
48.69021,665,179.302615,synthetic_track_0,0.32725089791421663,53.690210157270265
8.543452,221,179.704557,synthetic_track_0,0.08254962911119293,13.543452328575327
54.493571,755,181.051099,synthetic_track_0,0.3626233649159663,59.49357142903332
56.543766,745,182.380219,synthetic_track_0,0.3751196455415222,61.54376575163589
39.57095,556,189.272405,synthetic_track_0,0.27166746900840716,44.57095029202497
41.674132,572,190.252899,synthetic_track_0,0.2844867183782665,46.674132275979744
59.522919,774,191.668741,synthetic_track_0,0.39327808492203153,64.52291854443635
69.603669,836,193.070098,synthetic_track_0,0.45472196136162624,74.6036690020988
70.003669,889,194.692642,synthetic_track_0,0.4571600287072255,75.00366896847663
59.266331,763,195.914594,synthetic_track_0,0.39171413795631027,64.26633058150153
58.559499,736,197.287276,synthetic_track_0,0.3874058805564761,63.559499074902135
24.347683,399,198.043703,synthetic_track_0,0.17887908253164325,29.347682756797695
47.095799,625,199.151009,synthetic_track_0,0.31753269015605784,52.095798590447515
46.154343,629,200.265204,synthetic_track_0,0.31179436105490405,51.154343280909174
47.963495,650,201.406683,synthetic_track_0,0.3228214485139013,52.9634953622928
38.454451,558,202.374899,synthetic_track_0,0.2648622175188992,43.45445104030852
49.155213,655,209.461966,synthetic_track_0,0.3300851695401304,54.155213126576065
28.494109,449,210.196816,synthetic_track_0,0.2041522494755999,33.4941087962963
69.603669,872,211.604573,synthetic_track_0,0.45472196136162624,74.6036690020988
32.344197,478,212.412176,synthetic_track_0,0.22761918697843883,37.34419695283124
40.805961,547,213.361513,synthetic_track_0,0.2791950651964392,45.805960566681115
54.040889,741,214.670635,synthetic_track_0,0.3598641868360688,59.04088863453151
44.057315,580,215.833518,synthetic_track_0,0.29901261854125355,49.057314835432145
49.762088,649,216.991859,synthetic_track_0,0.33378417443267683,54.76208800856843
49.87072,655,218.211034,synthetic_track_0,0.3344463024778024,54.87071962461715
43.78633,600,219.307558,synthetic_track_0,0.2973609218519083,48.78633026997419
48.086272,631,220.357531,synthetic_track_0,0.3235697927122562,53.08627197661451
27.079513,422,221.098992,synthetic_track_0,0.19553005124717546,32.07951333497812
52.296175,695,222.308165,synthetic_track_0,0.3492298627815883,57.29617503097942
56.983034,757,223.58156,synthetic_track_0,0.37779705788766993,61.98303370310236
60.426175,816,231.542848,synthetic_track_0,0.39878358727817553,65.42617528232987
43.57736,614,232.657099,synthetic_track_0,0.29608721165067486,48.577359816968396
29.589929,447,233.420805,synthetic_track_0,0.21083146039337586,34.58992928188021
31.946129,494,234.316636,synthetic_track_0,0.22519289276440602,36.946128537786166
27.97448,422,235.047962,synthetic_track_0,0.20098502696144108,32.97448045154964
70.11469,897,236.563943,synthetic_track_0,0.4578367193722904,75.11468979149153
16.541187,294,237.04828,synthetic_track_0,0.1312971717409386,21.54118686535759
37.124443,536,237.94274,synthetic_track_0,0.25675559473632714,42.124443136171
54.284393,718,239.169095,synthetic_track_0,0.3613483866155493,59.284392926142566
53.739607,678,240.327487,synthetic_track_0,0.3580278239654045,58.7396069296397
37.72828,527,241.346755,synthetic_track_0,0.26043608530306395,42.72828047709022
58.81617,737,242.684289,synthetic_track_0,0.3889703359084979,63.81617044591159
33.789542,493,243.64916,synthetic_track_0,0.23642881001475421,38.78954214589497
18.330387,304,244.178172,synthetic_track_0,0.14220265067462878,23.330387321482824
69.149801,835,251.524759,synthetic_track_0,0.4519555610490002,74.14980129658386
28.623333,427,252.395958,synthetic_track_0,0.2049398925509929,33.62333295585187
17.248241,318,253.042748,synthetic_track_0,0.1356067887629567,22.24824143750472
57.782037,721,254.417937,synthetic_track_0,0.38266711801796843,62.78203701689254
53.818997,689,255.636594,synthetic_track_0,0.35851172014809585,58.818997048684714
48.462591,640,256.705868,synthetic_track_0,0.325863520551539,53.46259097381083
24.942464,390,257.408719,synthetic_track_0,0.18250437342613793,29.94246379864431
54.119473,729,258.719481,synthetic_track_0,0.36034316962942065,59.11947264148363
70.412092,875,260.08459,synthetic_track_0,0.45964943874501185,75.41209244095066
53.463307,709,261.200038,synthetic_track_0,0.3563437268581401,58.46330661024995
46.820933,634,262.296082,synthetic_track_0,0.3158573364656167,51.820932754170656
30.609657,483,263.070767,synthetic_track_0,0.21704687171375328,35.60965678188669
54.814727,689,264.160111,synthetic_track_0,0.36458086016601227,59.81472664060549
56.646643,746,270.817661,synthetic_track_0,0.37574670278150746,61.646643498374026
50.646551,640,271.792585,synthetic_track_0,0.3391751266255092,55.64655114686925
69.235972,831,273.086317,synthetic_track_0,0.4524807872670475,74.23597220155861
58.214515,735,274.198985,synthetic_track_0,0.38530314250377085,63.21451469540922
36.365655,502,274.997033,synthetic_track_0,0.2521306545327357,41.36565526705193
47.922831,603,276.005854,synthetic_track_0,0.3225735933556882,52.92283116360658
49.552664,642,276.968984,synthetic_track_0,0.3325077025709702,54.55266446549587
49.467579,654,278.009985,synthetic_track_0,0.3319890907796779,54.46757875223431
49.551586,657,279.012944,synthetic_track_0,0.3325011277444315,54.55158577076698
35.252178,490,279.788068,synthetic_track_0,0.24534382001613175,40.252177584266164
22.668774,372,280.358743,synthetic_track_0,0.1686458477964691,27.66877361698473
59.043102,735,281.543649,synthetic_track_0,0.3903535237461636,64.04310227761803
57.804692,743,282.750145,synthetic_track_0,0.382805204521416,62.804692091140566
45.62809,594,289.629752,synthetic_track_0,0.3085867606368766,50.62809036107888
71.170969,862,290.928084,synthetic_track_0,0.4642749183329729,76.17096880382283
40.60437,561,291.814883,synthetic_track_0,0.27796633964649325,45.60437049184044
62.96964,767,292.988117,synthetic_track_0,0.41428643273584354,67.9696397493886
29.816766,453,293.796207,synthetic_track_0,0.21221406667729004,34.81676570134077
50.393428,619,294.809208,synthetic_track_0,0.3376322967844967,55.39342775155138
54.816561,672,295.88295,synthetic_track_0,0.3645920394284784,59.81656075918251
46.460405,631,296.913564,synthetic_track_0,0.3136598593514604,51.46040507089514
54.238052,656,298.01461,synthetic_track_0,0.3610659297996564,59.23805182852511
27.003539,413,298.660651,synthetic_track_0,0.19506697288345845,32.00353867814534
32.136787,463,299.365543,synthetic_track_0,0.22635498737471554,37.13678684994916
70.842301,873,300.686597,synthetic_track_0,0.46227163032109075,75.84230063194302
59.629872,710,301.793031,synthetic_track_0,0.39392998623259534,64.62987231779206
69.39395,839,308.662661,synthetic_track_0,0.4534436893694572,74.39395012176834
50.181589,637,309.659131,synthetic_track_0,0.33634110561345226,55.18158929436627
49.834282,660,310.667661,synthetic_track_0,0.33422421136274144,54.834282387262924
70.939021,839,311.903753,synthetic_track_0,0.46286115463919386,75.93902056375532
59.049734,701,312.979179,synthetic_track_0,0.39039394390338394,64.0497337849709
40.391729,548,313.814145,synthetic_track_0,0.27667025321925315,45.39172889756512
59.52885,760,314.983699,synthetic_track_0,0.3933142402170838,64.52885033989368
35.09022,484,315.745579,synthetic_track_0,0.24435665881614793,40.09021961066229
18.299117,332,316.256511,synthetic_track_0,0.14201205490482208,23.29911734788999
54.629992,693,317.318144,synthetic_track_0,0.36345486961708906,59.629991718281055
49.534935,606,318.249899,synthetic_track_0,0.33239963547248397,54.53493450580503
58.382037,746,319.401624,synthetic_track_0,0.3863242193343009,63.38203701533957
69.396016,842,326.063615,synthetic_track_0,0.45345627821833484,74.39601550324227
54.579702,673,327.040751,synthetic_track_0,0.3631483455259288,59.579702038474046
17.934748,331,327.541013,synthetic_track_0,0.13979116055911012,22.934747731432513
58.69104,752,328.679117,synthetic_track_0,0.38820764291179116,63.69103970512628
69.489564,850,330.06306,synthetic_track_0,0.45402647503835836,74.48956448139081
47.091495,629,331.056764,synthetic_track_0,0.31750646143045946,52.091495391285925
69.935972,813,332.339962,synthetic_track_0,0.45674740560642657,74.93597222222219
44.351315,582,333.249776,synthetic_track_0,0.30080459718924535,49.3513146710972
65.674438,821,334.663836,synthetic_track_0,0.4307726340998471,70.67443787697222
65.953708,784,335.887097,synthetic_track_0,0.43247483246879825,70.95370796833284
38.930289,521,336.696573,synthetic_track_0,0.26776253119227333,43.93028915607217
28.374035,417,337.372615,synthetic_track_0,0.2034203796560901,33.37403504044814
70.003669,881,344.330737,synthetic_track_0,0.45716002870722555,75.00366896847665
54.187038,657,345.467157,synthetic_track_0,0.36075498950406487,59.18703760695054
67.83684,810,346.781612,synthetic_track_0,0.4439528399667493,72.83683995873996
69.900441,837,348.005253,synthetic_track_0,0.45653083564493063,74.90044080941146
54.518203,700,349.093619,synthetic_track_0,0.36277349555624333,59.51820251691999
49.834282,650,350.106607,synthetic_track_0,0.33422421136274144,54.83428238726292
69.835972,862,351.53919,synthetic_track_0,0.4561378886497635,74.83597221089681
70.055394,867,352.954062,synthetic_track_0,0.45747530350445226,75.05539432730157
43.937868,541,353.846969,synthetic_track_0,0.2982845724742911,48.937868421110515
71.139062,809,355.141637,synthetic_track_0,0.46408044394368664,76.13906248699517
58.859049,700,356.216201,synthetic_track_0,0.3892316907707346,63.85904946494118
55.148447,709,362.902009,synthetic_track_0,0.3666149415720951,60.14844691109414
58.058851,725,363.965609,synthetic_track_0,0.3843543471326371,63.05885118708244
70.46845,837,365.289056,synthetic_track_0,0.4599929453382232,75.46844963140445
68.995425,902,366.685192,synthetic_track_0,0.4510146136449141,73.99542535997278
52.805069,668,367.835625,synthetic_track_0,0.3523316601028484,57.80506943311905
69.535972,837,369.266579,synthetic_track_0,0.45430933800666046,74.53597221414464
68.700579,829,370.540992,synthetic_track_0,0.44921747341330254,73.7005786923783
70.39968,886,372.024156,synthetic_track_0,0.45957378567672486,75.39968046848165
70.971366,829,373.339783,synthetic_track_0,0.46305830388622454,75.97136572941534
54.39998,681,374.444881,synthetic_track_0,0.3620529067491484,59.399979573189384
70.709568,864,381.257726,synthetic_track_0,0.4614626054320826,75.70956847875365
57.992938,745,382.390792,synthetic_track_0,0.3839525923472011,62.99293754406655
70.212949,877,383.726666,synthetic_track_0,0.4584356272558536,75.21294923199513
70.73336,903,385.193914,synthetic_track_0,0.4616076200699674,75.73336021296596
69.873871,853,386.467529,synthetic_track_0,0.4563688875877153,74.87387090454071
69.235972,889,387.849791,synthetic_track_0,0.4524807872670476,74.23597220155862
70.178764,899,389.186167,synthetic_track_0,0.45822726502902134,75.17876441594493
71.039062,976,390.70401,synthetic_track_0,0.4634709271251575,76.03906249833265
13.234639,243,391.075655,synthetic_track_0,0.11114320702998758,18.234639480064192
53.272766,671,392.121831,synthetic_track_0,0.35518235077022636,58.27276618200624
70.250933,872,393.440639,synthetic_track_0,0.45866714201125536,75.25093255290045
70.894741,863,400.290667,synthetic_track_0,0.46259126156019065,75.89474072762948
69.276844,845,401.716826,synthetic_track_0,0.45272990557709514,74.27684363844612
69.842847,857,403.199283,synthetic_track_0,0.45617979337069553,74.8428472822496
70.671366,881,404.709244,synthetic_track_0,0.46122975324312143,75.67136573266315
71.019163,913,406.305613,synthetic_track_0,0.46334963518513117,76.01916281343675
69.493022,895,407.829427,synthetic_track_0,0.45404754946401793,74.49302204361545
70.003669,859,409.101006,synthetic_track_0,0.4571600287072255,75.00366896847663
70.203669,858,410.451024,synthetic_track_0,0.45837906251081095,75.20366897312284
69.974527,891,411.733805,synthetic_track_0,0.4569824011709238,74.97452661985501
64.385248,790,418.657687,synthetic_track_0,0.4229148050482069,69.38524815785628
71.43603,885,420.015982,synthetic_track_0,0.46589051311882224,76.43603033347516
53.126757,682,421.073655,synthetic_track_0,0.354292401473706,58.12675721743491
69.535972,840,422.329186,synthetic_track_0,0.45430933800666046,74.53597221414464
70.31042,897,423.696156,synthetic_track_0,0.45902972661399477,75.31041976483768
70.161635,927,425.190782,synthetic_track_0,0.45812285569971856,75.16163456582572
68.629898,885,426.581673,synthetic_track_0,0.4487866636917495,73.62989816977195
70.081099,885,427.963033,synthetic_track_0,0.4576319781635423,75.08109905546726
57.92637,749,429.225842,synthetic_track_0,0.38354685170384833,62.926369963809925
70.305766,884,430.707298,synthetic_track_0,0.4590013628626491,75.30576628403654
70.671366,873,437.639876,synthetic_track_0,0.46122975324312154,75.67136573266316
70.346277,918,439.069854,synthetic_track_0,0.45924828469764967,75.34627735764427
70.739063,890,440.508277,synthetic_track_0,0.46164237659808727,75.73906252061732
74.974545,916,441.913685,synthetic_track_0,0.48745835962237855,79.97454533464479
71.439062,869,443.312842,synthetic_track_0,0.4659089945536025,76.43906247830253
69.603669,887,444.813136,synthetic_track_0,0.45472196136162624,74.6036690020988
71.071366,900,446.3392,synthetic_track_0,0.46366782084288766,76.07136574074072
234.479768,2678,456.433232,synthetic_track_0,1.4596696279952333,239.47976792959622
70.303669,887,457.964388,synthetic_track_0,0.45898857931714154,75.30366895978402
70.371366,904,459.407251,synthetic_track_0,0.45940120250350863,75.37136572007715
69.435972,881,460.833697,synthetic_track_0,0.4536998210889949,74.43597220921737
70.027106,887,462.405638,synthetic_track_0,0.45730288272555303,75.02710622201727
70.765384,918,463.878138,synthetic_track_0,0.4618028087507579,75.76538371957436
70.19756,891,465.395355,synthetic_track_0,0.45834182633061926,75.19755984293347
70.537029,930,467.005244,synthetic_track_0,0.46041095101540913,75.53702946662595
69.849253,900,468.4575,synthetic_track_0,0.45621883616441894,74.84925281333751
70.896839,909,475.672178,synthetic_track_0,0.4626040482581862,75.89683856909294
70.729515,962,477.276273,synthetic_track_0,0.4615841853849487,75.7295154162927
70.679075,912,478.853733,synthetic_track_0,0.46127674270374897,75.67907502859586
70.939062,946,480.369245,synthetic_track_0,0.46286141012173915,75.93906247933641
73.632641,932,482.051619,synthetic_track_0,0.47927922693503655,78.63264113915896
70.277446,915,483.645289,synthetic_track_0,0.4588287467365504,75.27744612923836
69.335972,891,485.236612,synthetic_track_0,0.45309030427046587,74.33597222055486
70.503669,958,486.776226,synthetic_track_0,0.46020761322465714,75.50366898148145
56.723552,751,488.002881,synthetic_track_0,0.3762154728392309,61.72355195935923
68.714633,991,495.974209,synthetic_track_0,0.44930313386895115,73.71463252048162
73.2577,982,497.752935,synthetic_track_0,0.47699389894100275,78.25770025722399
69.335972,909,499.233727,synthetic_track_0,0.45309030427046587,74.33597222055486
72.26803,965,500.88468,synthetic_track_0,0.47096169322551035,77.26803026810887
69.903669,904,502.472982,synthetic_track_0,0.45655051188869644,74.90366897981413
71.339062,904,504.107277,synthetic_track_0,0.4652994777472721,76.33906249164139
72.215914,929,505.847231,synthetic_track_0,0.4706440369302095,77.21591419031907
70.232123,916,507.637892,synthetic_track_0,0.45855249218906446,75.2321226028372
69.235972,922,509.245901,synthetic_track_0,0.4524807872670476,74.23597220155862
70.371366,890,516.867803,synthetic_track_0,0.45940120250350863,75.37136572007715
59.100274,802,518.32524,synthetic_track_0,0.3907019957671917,64.10027411782436
72.967361,969,519.948977,synthetic_track_0,0.4752242297917387,77.96736061525995
70.771366,951,521.679327,synthetic_track_0,0.46183927012904147,75.77136573238211
68.768275,878,523.249264,synthetic_track_0,0.44963009665223536,73.7682754612956
75.966773,975,525.064957,synthetic_track_0,0.49350615556717625,80.96677312480227
69.949202,891,526.742341,synthetic_track_0,0.45682804556194045,74.94920236516819
69.703669,893,528.42459,synthetic_track_0,0.45533147800080903,74.70366896133697
70.063704,936,530.44228,synthetic_track_0,0.45752595209140334,75.06370395546426
69.197705,888,538.925778,synthetic_track_0,0.4522475425161125,74.19770505003787
70.103669,925,540.573455,synthetic_track_0,0.457769545624891,75.1036689734039
72.827794,925,542.060668,synthetic_track_0,0.47437354677073396,77.82779384717445
103.18306,1254,544.167692,synthetic_track_0,0.6593940187409976,108.18305975108882
72.945026,997,545.695318,synthetic_track_0,0.4750880962125449,77.9450259462859
72.01352,973,547.253608,synthetic_track_0,0.4694104123498149,77.01352035916777
100.493074,1259,549.351789,synthetic_track_0,0.6429980996328881,105.49307372432243
73.988627,942,550.875892,synthetic_track_0,0.48144902217905844,78.98862721404001
233.845053,2703,560.625794,synthetic_track_0,1.455800931937546,238.84505277466246
235.671122,2770,565.026401,synthetic_track_0,1.4669311347433844,240.6711224097568
149.255109,1787,567.860904,synthetic_track_0,0.940210942294477,154.25510947624076
69.735972,934,569.292006,synthetic_track_0,0.455528371698911,74.73597220052476
147.290187,1721,577.550625,synthetic_track_0,0.9282344092422028,152.29018720824854
70.192416,862,578.874567,synthetic_track_0,0.4583104752104714,75.19241624137231
237.340028,2740,583.329243,synthetic_track_0,1.4771033938136073,242.34002761593175
70.203669,912,584.8837,synthetic_track_0,0.45837906251081106,75.20366897312286
58.20317,768,586.210808,synthetic_track_0,0.3852339961195414,63.203170237916346
127.942885,1515,588.602152,synthetic_track_0,0.8103093330258287,132.94288467913856
73.837869,906,595.474659,synthetic_track_0,0.4805301272135759,78.83786929672439
70.203669,893,596.859054,synthetic_track_0,0.45837906251081095,75.20366897312284
236.329733,2620,600.842562,synthetic_track_0,1.470945479799586,241.32973337487556
264.05596,2952,605.747299,synthetic_track_0,1.639941515654914,269.05596037272045
272.935452,3000,616.925788,synthetic_track_0,1.6635876695269596,272.9354515487357
19.333759,319,617.491901,synthetic_track_0,0.1483183726483343,24.333759352314527
74.248187,988,619.203834,synthetic_track_0,0.4830310855750386,79.24818743756785
69.935972,878,620.671055,synthetic_track_0,0.45674740560642657,74.93597222222219
69.233531,872,622.050974,synthetic_track_0,0.4524659086336684,74.2335311480487
70.416663,867,623.364033,synthetic_track_0,0.4596772951951427,75.41666269170106
69.735972,868,624.709977,synthetic_track_0,0.45552837169891097,74.73597220052474
70.771366,909,626.07315,synthetic_track_0,0.46183927012904147,75.77136573238211
20.79369,324,626.610787,synthetic_track_0,0.1572168936228711,25.793689528998094
74.116574,923,633.747593,synthetic_track_0,0.48222887871804954,79.11657388045964
147.94476,1703,636.377581,synthetic_track_0,0.9322241429239858,152.94476032389701
152.180656,1640,639.06741,synthetic_track_0,0.9580426442641768,157.18065630381878
70.358578,883,640.659338,synthetic_track_0,0.45932326029618226,75.35857818146947
69.435972,901,642.23458,synthetic_track_0,0.4536998210889949,74.43597220921737
99.891597,1212,644.209805,synthetic_track_0,0.6393319986514953,104.89159720155868
69.976906,915,645.719339,synthetic_track_0,0.45699690164169865,74.97690563035809
128.196562,1526,654.028142,synthetic_track_0,0.8118555419165345,133.1965624560924
70.349321,876,655.423525,synthetic_track_0,0.4592668342702868,75.34932068146573
164.995149,1838,658.313783,synthetic_track_0,1.0361491421887978,169.99514914386768
224.386719,2529,662.347271,synthetic_track_0,1.3981507919194776,229.38671926696492
74.296046,954,663.85071,synthetic_track_0,0.48332279357625396,79.29604632501363
163.037257,1799,672.228991,synthetic_track_0,1.0242154606510598,168.0372572823179
183.109426,2017,675.435333,synthetic_track_0,1.1465587163160098,188.1094256089505
75.0353,944,676.916419,synthetic_track_0,0.48782866869289265,80.03529985646816
150.085345,1751,679.679156,synthetic_track_0,0.9452713653779805,155.0853445667163
151.752002,1710,682.457991,synthetic_track_0,0.95542992573242,156.75200230181025
69.705824,865,689.362281,synthetic_track_0,0.45534461368602724,74.70582405916687
69.402222,864,690.702959,synthetic_track_0,0.45349410905399157,74.4022221952018
56.178947,735,691.775362,synthetic_track_0,0.372896012047746,61.17894673859567
148.851738,1714,694.474646,synthetic_track_0,0.9377523236865755,153.85173778010133
68.751002,841,695.867446,synthetic_track_0,0.4495248118447468,73.75100197640539
75.256099,963,697.863097,synthetic_track_0,0.48917447593387775,80.25609886438595
164.889886,1927,700.933197,synthetic_track_0,1.035507546060233,169.88988608363377
266.193899,3000,711.491733,synthetic_track_0,1.6224967655073042,266.1938985494042
124.599907,1456,713.886192,synthetic_track_0,0.7899333217846156,129.59990737126756
74.283633,950,715.491878,synthetic_track_0,0.4832471307934411,79.28363275873713
74.831053,966,717.140761,synthetic_track_0,0.48658374991539394,79.83105305006166
69.892478,911,718.666487,synthetic_track_0,0.4564823010002719,74.89247800384472
100.953352,1194,720.557688,synthetic_track_0,0.64580357161743,105.95335169880754
100.035142,1198,727.925384,synthetic_track_0,0.6402069307794317,105.03514238392995
235.187108,2642,732.067339,synthetic_track_0,1.4639809840400535,240.1871078134119
138.253865,1602,735.094606,synthetic_track_0,0.8731564976534438,143.25386471968753
123.767164,1481,737.886501,synthetic_track_0,0.7848576123816623,128.76716434052656
124.643992,1437,740.173867,synthetic_track_0,0.7902020233825077,129.6439917278037
272.663229,3000,750.738224,synthetic_track_0,1.6619284252786173,272.66322869781754
100.474002,1221,753.145706,synthetic_track_0,0.6428818539572405,105.47400195157812
74.213069,945,754.786182,synthetic_track_0,0.4828170323292658,79.21306892811948
70.843574,893,756.386927,synthetic_track_0,0.4622793887251228,75.84357350955962
70.272015,901,757.863294,synthetic_track_0,0.4587956403738149,75.27201455491988
282.132721,3000,768.133492,synthetic_track_0,1.7196465782456474,282.1327207066726
74.882384,936,769.59483,synthetic_track_0,0.4868966224786837,79.88238428790558
69.848708,884,770.921613,synthetic_track_0,0.45621551533309945,74.84870798326195
280.536199,3000,775.715585,synthetic_track_0,1.7099155113852094,280.5361994194237
75.21294,967,777.211705,synthetic_track_0,0.4889114141889656,80.21293980673724
74.077546,953,784.123656,synthetic_track_0,0.4819909989525045,79.07754628821871
234.607787,2528,788.005739,synthetic_track_0,1.4604499278146112,239.6077873225302
73.769592,886,789.433236,synthetic_track_0,0.48011396752241564,78.76959232202458
126.191801,1443,791.697503,synthetic_track_0,0.7996361805802945,131.191800720336
56.69999,726,792.913653,synthetic_track_0,0.37607185867687387,61.69998999327249
89.143526,1039,794.463727,synthetic_track_0,0.5738206902687462,94.14352611247783
125.710089,1417,796.912647,synthetic_track_0,0.796700064350501,130.7100886809542
100.769675,1135,804.781589,synthetic_track_0,0.6446840312828807,105.76967502679653
74.377546,906,806.396897,synthetic_track_0,0.4838195495956076,79.37754628497089
73.812184,926,808.079327,synthetic_track_0,0.4803735710858018,78.81218401532357
278.5899,3000,813.011142,synthetic_track_0,1.6980524852821297,278.58989959676444
56.846644,754,814.282817,synthetic_track_0,0.3769657366693948,61.846643516851174
75.045243,911,815.679044,synthetic_track_0,0.4878892741705012,80.04524305555553
149.386637,1680,824.249135,synthetic_track_0,0.9410126223153894,154.38663659832358
74.077546,897,825.823342,synthetic_track_0,0.48199099895250447,79.0775462882187
149.186275,1636,828.922369,synthetic_track_0,0.9397913825407093,154.1862746724346
150.556647,1623,831.560627,synthetic_track_0,0.9481440350083371,155.5566472801673
101.222133,1145,833.392444,synthetic_track_0,0.6474418368249061,106.22213263674645
125.830985,1370,835.692373,synthetic_track_0,0.7974369506107704,130.83098545596087
145.954491,1644,844.40186,synthetic_track_0,0.9200931169081319,150.95449126622358
56.478947,690,845.462799,synthetic_track_0,0.37472456278735894,61.47894675118169
148.465466,1658,848.057961,synthetic_track_0,0.9353979329328151,153.4654661604743
71.445804,922,849.535625,synthetic_track_0,0.4659500835961523,76.44580372590099
125.155656,1403,851.744586,synthetic_track_0,0.7933207031524816,130.15565593814
284.539609,3000,862.688031,synthetic_track_0,1.7343169659120776,284.5396085163609
203.765296,2941,867.449302,synthetic_track_0,1.2724597367007093,208.76529633857405
68.982041,853,868.835533,synthetic_track_0,0.4509330333241125,73.98204093659473
57.517706,783,870.089133,synthetic_track_0,0.3810559776115185,62.51770629215961
127.96498,1443,872.374782,synthetic_track_0,0.8104440059563582,132.96497970771972
77.083727,941,873.929144,synthetic_track_0,0.5003141770378057,82.08372683170735
291.350685,3000,885.108021,synthetic_track_0,1.7758316263297462,291.3506848392641
74.798738,876,886.657349,synthetic_track_0,0.4863867846981438,79.79873807713038
122.106348,1397,889.129465,synthetic_track_0,0.7747346562916108,127.10634799639493
70.904321,859,890.57658,synthetic_track_0,0.46264965335686353,75.90432074056393
99.810465,1195,892.564296,synthetic_track_0,0.6388374861911973,104.81046532968908
262.45287,2751,902.623306,synthetic_track_0,1.6301704096187513,267.45287008360515
56.338844,715,903.836971,synthetic_track_0,0.3738706117785993,61.33884382276639
71.439062,877,905.208963,synthetic_track_0,0.4659089945536025,76.43906247830253
238.141909,2640,909.656048,synthetic_track_0,1.4819909989525046,243.1419094403842
74.220922,906,911.080719,synthetic_track_0,0.4828648957196735,79.22092160478502
286.927369,3000,921.507795,synthetic_track_0,1.7488707675745356,286.927368717555
57.301815,711,922.630802,synthetic_track_0,0.3797400835025341,62.301814963193394
83.424776,972,924.186876,synthetic_track_0,0.5389639449290643,88.42477638676571
283.597036,3000,929.203291,synthetic_track_0,1.7285718291617769,283.5970363142007
70.571366,852,930.671823,synthetic_track_0,0.460620236325456,75.5713657277359
237.212566,2477,942.30751,synthetic_track_0,1.4763264928199349,242.21256584917262
70.739063,883,944.186507,synthetic_track_0,0.46164237659808727,75.73906252061732
74.492045,881,945.891679,synthetic_track_0,0.48451744157128845,79.49204548750998
264.099901,2822,951.213406,synthetic_track_0,1.6402093382043819,269.0999005087367
68.926991,964,953.089426,synthetic_track_0,0.45059749668041765,73.92699133083272
143.610669,1562,955.918541,synthetic_track_0,0.9058071272880289,148.61066947720295
127.741042,1431,965.230157,synthetic_track_0,0.8090790657092758,132.74104165534138
74.267217,878,966.812526,synthetic_track_0,0.4831470768403844,79.26721747064802
263.788264,2742,971.628516,synthetic_track_0,1.6383098586587999,268.7882636067702
128.703903,1388,973.706122,synthetic_track_0,0.8149478702416656,133.70390333341246
72.206759,827,974.821614,synthetic_track_0,0.4705882360793487,77.20675925925924
73.925206,875,976.195642,synthetic_track_0,0.4810624564037225,78.9252055462931
97.917694,1058,983.066112,synthetic_track_0,0.6273007266595001,102.91769422428152
262.933202,2737,986.950657,synthetic_track_0,1.6330981132827143,267.9332019207315
99.256204,1037,988.386156,synthetic_track_0,0.6354591678468977,104.2562036820063
150.784306,1625,990.839347,synthetic_track_0,0.9495316507685905,155.78430557617318
127.713854,1371,993.032361,synthetic_track_0,0.8089133545064526,132.713854352383
97.98052,1104,1001.057745,synthetic_track_0,0.6276836609968334,102.98052010246519
30.618962,413,1001.906132,synthetic_track_0,0.21710358600490504,35.61896157594613
239.01128,2525,1006.83664,synthetic_track_0,1.487289958743353,244.01127990383867
73.617181,830,1008.329169,synthetic_track_0,0.47918499300237255,78.61718070900912
56.790095,669,1009.5161,synthetic_track_0,0.376621062781449,61.790094814930164
73.755232,848,1010.947387,synthetic_track_0,0.4800264374973193,78.75523176420046
148.814882,1556,1013.517766,synthetic_track_0,0.937527683977787,153.81488240934027
75.174032,857,1020.907138,synthetic_track_0,0.48867426608443126,80.17403225399407
67.204361,783,1022.26364,synthetic_track_0,0.44009777099354763,72.20436052274395
69.135972,839,1023.626526,synthetic_track_0,0.45187127038257857,74.13597220207772
71.239062,859,1025.128026,synthetic_track_0,0.46468996086135206,76.23906249192243
219.607916,2648,1029.495597,synthetic_track_0,1.3690231812431481,224.6079163712087
66.992827,763,1030.707129,synthetic_track_0,0.43880844135365893,71.9928274764824
75.961604,832,1032.051641,synthetic_track_0,0.4934746509496468,80.96160433979095
70.571366,819,1033.352772,synthetic_track_0,0.460620236325456,75.5713657277359
74.291622,871,1040.255755,synthetic_track_0,0.4832958240407614,79.29162158534854
56.31125,710,1041.507655,synthetic_track_0,0.37370242276889454,61.31124999999998
121.697882,1321,1043.507616,synthetic_track_0,0.772244986684118,126.69788193778233
71.922286,831,1044.657771,synthetic_track_0,0.46885432247987785,76.92228582880118
74.955305,873,1045.865045,synthetic_track_0,0.48734108716170904,79.95530510306976
74.551052,820,1047.136384,synthetic_track_0,0.48487709907722715,79.55105246717471
76.516177,852,1048.299465,synthetic_track_0,0.49685486546661445,81.51617708183495
44.478943,559,1049.143648,synthetic_track_0,0.30158251355564003,49.47894302433539
71.071366,823,1050.208179,synthetic_track_0,0.46366782084288766,76.07136574074072
119.801567,1280,1056.723088,synthetic_track_0,0.7606866291094736,124.80156736321328
73.561872,865,1057.881925,synthetic_track_0,0.47884787752946095,78.56187207363713
98.956204,1068,1059.209238,synthetic_track_0,0.6336306172369817,103.95620369069891
234.335729,2432,1062.623627,synthetic_track_0,1.4587916856190382,239.33572887276148
101.062486,1072,1064.260781,synthetic_track_0,0.6464687621983201,106.06248576783608
69.965552,822,1065.498117,synthetic_track_0,0.45692770168846963,74.96555238410141
70.910344,786,1066.477578,synthetic_track_0,0.4626863673731227,75.91034420226025
234.935729,2418,1074.708039,synthetic_track_0,1.462448786935375,239.93572887120922
74.745243,878,1075.872674,synthetic_track_0,0.486060723456655,79.74524304719692
74.81294,864,1077.011683,synthetic_track_0,0.4864733465648837,79.81293979467033
71.57127,829,1078.117697,synthetic_track_0,0.46671481925777064,76.57126959520416
74.30013,861,1079.229211,synthetic_track_0,0.4833476832819958,79.30012983873522
261.742714,2600,1082.654118,synthetic_track_0,1.6258418894809812,266.74271418381056
67.206467,778,1088.465781,synthetic_track_0,0.4401106114987042,72.20646719204501
98.448048,1091,1089.841159,synthetic_track_0,0.6305333228824993,103.44804806493597
71.372692,815,1090.827163,synthetic_track_0,0.46550445261909795,76.37269156344969
98.956204,1061,1092.213706,synthetic_track_0,0.6336306172369818,103.95620369069893
149.796437,1527,1094.175344,synthetic_track_0,0.9435104262763556,154.79643721445845
45.461242,525,1094.803924,synthetic_track_0,0.30756979265491313,50.4612421567719
24.504776,338,1095.221725,synthetic_track_0,0.17983659315854855,29.504776128012345
51.79909,1057,1096.689322,synthetic_track_0,0.3462000427633011,56.79908953921344
69.434161,794,1097.613585,synthetic_track_0,0.4536887812150994,74.43416095933742
74.277546,829,1098.717466,synthetic_track_0,0.48321003264475504,79.27754627459882
71.656983,880,1104.344734,synthetic_track_0,0.4672372569718825,76.65698300605659
69.684273,795,1105.373691,synthetic_track_0,0.4552132550496823,74.6842727881504
122.847365,1315,1107.117315,synthetic_track_0,0.7792512806725543,127.84736509905197
122.842978,1329,1108.839669,synthetic_track_0,0.779224539790674,127.84297787329615
45.013064,566,1109.526212,synthetic_track_0,0.3048380717010152,50.01306409816121
235.349292,2389,1113.017386,synthetic_track_0,1.4649695240200804,240.34929199568546
70.203669,833,1114.151643,synthetic_track_0,0.45837906251081106,75.20366897312286
75.59185,853,1120.006858,synthetic_track_0,0.4912209383517019,80.5918504176811
71.492611,816,1121.012928,synthetic_track_0,0.466235382363634,76.49261108649597
58.988236,660,1122.0145,synthetic_track_0,0.3900191019804652,63.9882355836045
120.129639,1288,1123.93093,synthetic_track_0,0.7626862792098951,125.1296386834661
75.642188,857,1125.105513,synthetic_track_0,0.49152775202399,80.64218760743144
222.504555,2243,1128.077847,synthetic_track_0,1.3866786834935472,227.50455510405203
286.884786,2869,1136.695375,synthetic_track_0,1.7790870651765565,291.88478634044685
99.459911,1064,1138.121186,synthetic_track_0,0.6367008003828641,104.45991133328863
97.185757,981,1139.486059,synthetic_track_0,0.622839447060849,102.18575722808508
69.970971,809,1140.50458,synthetic_track_0,0.4569607288323971,74.9709709614366
68.200579,833,1141.493,synthetic_track_0,0.44616988903400484,73.20057870203634
236.227881,2277,1144.378194,synthetic_track_0,1.4703246741204519,241.22788128648716
74.675856,818,1145.345862,synthetic_track_0,0.4856377972686687,79.67585593150457
74.927236,860,1151.124843,synthetic_track_0,0.4871700022953855,79.92723617343141
70.792065,787,1152.079775,synthetic_track_0,0.46196543348028557,75.79206464225712
101.382858,1046,1153.635667,synthetic_track_0,0.6484214822893003,106.3828575459772
73.240652,841,1154.845066,synthetic_track_0,0.4768899881328083,78.24065219665295
124.022668,1308,1156.560614,synthetic_track_0,0.7864149524887813,129.02266835341237
95.811475,1024,1157.984766,synthetic_track_0,0.6144629658099741,100.81147516620422
72.728669,845,1159.213088,synthetic_track_0,0.4737693664054038,77.72866938030751
222.314097,2190,1167.100788,synthetic_track_0,1.3855178089970148,227.3140969690789
58.749734,687,1168.077668,synthetic_track_0,0.38856539326028094,63.74973378821872
167.428344,1691,1170.773228,synthetic_track_0,1.0509798781988766,172.42834440243914
75.006495,817,1171.986962,synthetic_track_0,0.4876530974329686,80.00649486952089
284.555553,2755,1176.299547,synthetic_track_0,1.7648899975207906,289.5555534768754
70.739063,806,1177.345697,synthetic_track_0,0.46164237659808727,75.73906252061732
105.855899,1120,1183.675449,synthetic_track_0,0.6756854234981209,110.85589869742043
56.678947,665,1184.563033,synthetic_track_0,0.3759435964796095,61.67894673756181
73.233137,848,1185.599454,synthetic_track_0,0.4768441828909317,78.23313718881543
75.322348,863,1186.730875,synthetic_track_0,0.4895782748865884,80.32234788240393
284.288307,2810,1190.382931,synthetic_track_0,1.7632610857628312,289.2883071066747
73.311282,793,1191.503838,synthetic_track_0,0.47732048672830435,78.3112816745609
117.039733,1205,1193.040625,synthetic_track_0,0.7438527849565639,122.03973344286335
104.427037,1061,1199.093819,synthetic_track_0,0.6669762710144929,109.42703714159889
70.371366,778,1200.12781,synthetic_track_0,0.4594012025035086,75.37136572007714
72.576154,831,1201.26425,synthetic_track_0,0.4728397582060907,77.57615380310618
73.913412,807,1202.451901,synthetic_track_0,0.480990575393204,78.91341243407965
26.033813,347,1202.905949,synthetic_track_0,0.1891563314695481,31.033813058751324
98.523408,1014,1204.261153,synthetic_track_0,0.6309926526962667,103.52340771830852
75.257665,830,1205.377039,synthetic_track_0,0.48918402181909393,80.25766500396466
106.043484,1065,1206.716751,synthetic_track_0,0.6768287853198904,111.04348362656154
149.943108,1566,1208.659648,synthetic_track_0,0.9444044093718034,154.9431079816819
71.517171,789,1214.33663,synthetic_track_0,0.46638507689131986,76.51717062384812
74.577102,834,1215.419744,synthetic_track_0,0.48503587631344913,79.57710215331853
67.898172,773,1216.382764,synthetic_track_0,0.4443266698369523,72.89817211832207
56.178837,628,1217.187907,synthetic_track_0,0.3728953433112969,61.17883702277604
210.087422,2163,1220.085038,synthetic_track_0,1.3109941584265445,215.08742169846016
74.445243,810,1221.244588,synthetic_track_0,0.4842321728345404,79.44524305388819
75.558612,860,1222.496645,synthetic_track_0,0.4910183430335115,80.55861174582459
71.266925,783,1223.669631,synthetic_track_0,0.46485978505484016,76.26692459007488
106.200854,1121,1225.628563,synthetic_track_0,0.6777879866681868,111.20085438490449
44.618679,501,1231.945662,synthetic_track_0,0.3024342303911008,49.61867940453124
219.587259,2172,1235.565028,synthetic_track_0,1.3688972727316653,224.58725927145684
79.802128,868,1237.127013,synthetic_track_0,0.5168832930346163,84.80212829571845
55.512629,612,1238.184672,synthetic_track_0,0.36883469009234066,60.512628538426185
149.524125,1524,1240.809406,synthetic_track_0,0.9418506382589863,154.52412515042116
127.15611,1287,1243.011673,synthetic_track_0,0.8055138055579507,132.15610951914243
58.096407,670,1244.118589,synthetic_track_0,0.3845832579601083,63.09640729621014
235.402096,2334,1254.051835,synthetic_track_0,1.4652913712740723,240.40209566044393
58.47454,646,1255.082403,synthetic_track_0,0.3868880400538665,63.47453990262709
71.414095,768,1256.27934,synthetic_track_0,0.465756815700809,76.41409535173374
72.217086,797,1257.477242,synthetic_track_0,0.4706511782551013,77.2170858272395
67.727394,693,1258.566885,synthetic_track_0,0.4432857470707623,72.72739378759651
105.802476,1089,1260.260783,synthetic_track_0,0.6753598036722634,110.80247608806141
54.843553,559,1261.108466,synthetic_track_0,0.3647565632876331,59.84355326135807
69.281592,783,1262.360864,synthetic_track_0,0.4527588478360246,74.28159203172557
69.803669,755,1263.534496,synthetic_track_0,0.4559409948852781,74.80366896081789
121.571445,1291,1271.287151,synthetic_track_0,0.7714743340373439,126.57144530207779
164.142392,1553,1273.751302,synthetic_track_0,1.0309514404587348,169.14239151966996
69.903669,798,1275.000709,synthetic_track_0,0.45655051188869644,74.90366897981413
56.478947,583,1275.91256,synthetic_track_0,0.3747245627873589,61.47894675118168
49.908688,538,1276.792996,synthetic_track_0,0.3346777290720983,54.908688481426786
70.992514,790,1277.951809,synthetic_track_0,0.4631872049707552,75.99251380375848
99.502788,970,1279.556328,synthetic_track_0,0.6369621412732276,104.50278806003173
55.507602,610,1280.520851,synthetic_track_0,0.36880405058867266,60.50760168776959
44.077108,502,1281.341014,synthetic_track_0,0.2991332585605083,49.07710756336185
84.426821,873,1282.731881,synthetic_track_0,0.5450715775248064,89.42682123895355
57.389719,621,1289.446689,synthetic_track_0,0.3802758742346631,62.38971912844297
55.743553,605,1290.687194,synthetic_track_0,0.370242215150664,60.743553240740724
68.716177,721,1291.818633,synthetic_track_0,0.4493125461971686,73.7161767481164
58.929235,638,1292.856279,synthetic_track_0,0.3896594809148793,63.92923458250304
84.418701,881,1294.239797,synthetic_track_0,0.5450220807298127,89.41870057880485
233.300335,2259,1297.43074,synthetic_track_0,1.4524807872670462,238.30033535372388
70.231454,739,1298.365411,synthetic_track_0,0.45854841554247905,75.23145377041136
42.757932,1074,1299.806919,synthetic_track_0,0.29109265791678457,47.75793153938842
71.279267,772,1305.502439,synthetic_track_0,0.4649350133687968,76.27926687549518
318.740664,3000,1309.113632,synthetic_track_0,1.9427781735662408,318.7406637920725
55.731368,632,1309.890713,synthetic_track_0,0.3701679421699122,60.73136769145427
124.132613,1189,1311.362799,synthetic_track_0,0.787085084235301,129.13261309163317
97.515876,974,1312.587444,synthetic_track_0,0.6248515786776222,102.5158763203693
55.516124,647,1313.395851,synthetic_track_0,0.36885599259533725,60.51612352001386
71.662413,794,1314.381629,synthetic_track_0,0.4672703553568248,76.66241327150351
56.36184,624,1315.295679,synthetic_track_0,0.3740107754047846,61.36183967883358
81.808505,875,1320.608742,synthetic_track_0,0.5291124965394716,86.80850478060076
221.620663,2173,1323.365564,synthetic_track_0,1.381291209044299,226.6206625395376
221.000997,2176,1326.172817,synthetic_track_0,1.3775142420349586,226.00099685250342
73.665225,792,1327.120814,synthetic_track_0,0.479477830119748,78.66522484417864
106.928471,1087,1328.419892,synthetic_track_0,0.6822229322681006,111.92847091036884
166.811559,1678,1335.005859,synthetic_track_0,1.047220467234031,171.81155903666448
73.133592,779,1335.913663,synthetic_track_0,0.47623743827891335,78.13359202044863
71.064571,780,1336.80939,synthetic_track_0,0.46362640633232555,76.06457109544009
72.006759,814,1337.823089,synthetic_track_0,0.46936920217183314,77.00675923756181
44.545001,501,1338.450869,synthetic_track_0,0.3019851501610705,49.54500134258709
71.339062,772,1339.476892,synthetic_track_0,0.4652994777472721,76.33906249164139
120.796377,1259,1340.944489,synthetic_track_0,0.7667501636415552,125.79637729467042
40.836711,462,1341.465603,synthetic_track_0,0.2793824928965671,45.83671077293967
72.40409,761,1342.39418,synthetic_track_0,0.47179099738377395,77.40408952669384
57.346644,610,1343.142797,synthetic_track_0,0.38001332104869245,62.34664350719312
106.270815,1054,1344.568539,synthetic_track_0,0.6782144106280064,111.27081536030511
123.967176,1265,1350.758924,synthetic_track_0,0.7860767173243837,128.9671760165698
44.934679,505,1351.422653,synthetic_track_0,0.30436030176542817,49.93467907794587
71.46808,790,1352.324676,synthetic_track_0,0.4660858589587959,76.46807962430486
149.643289,1502,1354.292032,synthetic_track_0,0.9425769609581969,154.6432888215101
70.410645,769,1355.228606,synthetic_track_0,0.4596406155960288,75.41064487663176
165.531106,1629,1357.351568,synthetic_track_0,1.0394158915346703,170.531106294876
165.364418,1537,1359.709627,synthetic_track_0,1.0383998966788726,170.36441774589366
25.461095,323,1365.337183,synthetic_track_0,0.18566551517273017,30.461094506132692
147.004848,1471,1367.35166,synthetic_track_0,0.9264952186492003,152.00484801120734
69.447578,750,1368.334661,synthetic_track_0,0.4537705630499923,74.44757844399653
72.334781,760,1369.401825,synthetic_track_0,0.4713685479662471,77.33478063204329
108.109092,1070,1370.819515,synthetic_track_0,0.6894190164241735,113.10909187462433
72.497998,759,1371.874747,synthetic_track_0,0.47236338241367476,77.49799751210234
104.577941,1092,1373.329715,synthetic_track_0,0.6678960567984294,109.57794121047687
36.306336,436,1373.97953,synthetic_track_0,0.25176909188635377,41.30633572173366
56.946644,640,1374.771902,synthetic_track_0,0.3775752534879239,61.946643505513684
58.182037,697,1375.612564,synthetic_track_0,0.3851051856420504,63.182037028959456
48.92465,529,1381.163362,synthetic_track_0,0.3286798471098574,53.92464979702987
72.204487,798,1382.162755,synthetic_track_0,0.4705743869960411,77.20448711822614
74.400327,792,1383.158126,synthetic_track_0,0.48395840143006763,79.4003269227641
49.981672,546,1383.747757,synthetic_track_0,0.3351225769069168,54.981672158145905
44.677155,492,1384.330919,synthetic_track_0,0.3027906503175552,49.677155212779724
121.596377,1241,1385.919733,synthetic_track_0,0.7716262988654032,126.59637731481489
70.508181,788,1386.816608,synthetic_track_0,0.4602351152469069,75.50818108324727
125.649163,1259,1388.389601,synthetic_track_0,0.7963287131007833,130.6491631746635
102.307949,1030,1389.824844,synthetic_track_0,0.6540600679852796,107.30794851726695
204.999636,1995,1396.646732,synthetic_track_0,1.2799832424656388,209.99963552056883
211.666438,2499,1399.769433,synthetic_track_0,1.3206185285282037,216.66643784992962
72.149167,740,1400.67084,synthetic_track_0,0.4702371986586652,77.14916652839223
115.884563,1161,1402.129741,synthetic_track_0,0.7368118283388232,120.8845633793917
56.600918,604,1402.813594,synthetic_track_0,0.3754679964137253,61.60091771563739
126.430831,1251,1404.486615,synthetic_track_0,0.8010931126276041,131.43083134883383
235.955882,2199,1411.882015,synthetic_track_0,1.4686667943126952,240.95588229164474
288.799954,2763,1415.296342,synthetic_track_0,1.790760336720338,293.79995420217966
104.488494,1064,1416.624269,synthetic_track_0,0.6673508622737504,109.48849421799135
43.099275,481,1417.236803,synthetic_track_0,0.29317320407325426,48.099275019558306
71.806759,822,1418.191637,synthetic_track_0,0.46815016847958263,76.80675925118169
98.093906,978,1419.497464,synthetic_track_0,0.6283747663219079,103.09390585749462
126.541969,1307,1426.549643,synthetic_track_0,0.8017705173893198,131.54196932966096
71.899055,728,1427.485822,synthetic_track_0,0.46871272904841677,76.89905539264198
74.946214,825,1428.602548,synthetic_track_0,0.4872856763873984,79.94621416967071
73.309979,783,1429.551662,synthetic_track_0,0.4773125448238496,78.30997869106432
70.796724,817,1430.54324,synthetic_track_0,0.4619938350660041,75.79672433033053
69.368275,817,1431.484754,synthetic_track_0,0.45328719798819617,74.36827546296294
327.813402,2991,1435.088213,synthetic_track_0,1.9980780449377873,327.8134019710419
71.803122,750,1435.956329,synthetic_track_0,0.46812799725472326,76.80312174329484
105.130255,1035,1441.390656,synthetic_track_0,0.6712624996697052,110.13025451624087
115.13348,1161,1442.857171,synthetic_track_0,0.7322338471588412,120.13347981257535
326.435933,3000,1446.355123,synthetic_track_0,1.989682137981684,326.435932843204
71.990826,802,1447.317199,synthetic_track_0,0.4692720854089504,76.99082583770804
56.878947,630,1448.065825,synthetic_track_0,0.37716263038712505,61.87894675925924
312.565241,2964,1455.778688,synthetic_track_0,1.935613771761321,317.5652407725821
120.528681,1255,1457.173705,synthetic_track_0,0.7651185067297411,125.52868054255082
295.704446,2859,1460.364224,synthetic_track_0,1.8328443810519919,300.70444613431994
237.042812,2389,1463.083112,synthetic_track_0,1.4752918166714415,242.0428123658013
125.637951,1284,1468.716516,synthetic_track_0,0.7962603752938159,130.63795137588417
72.332294,810,1469.52369,synthetic_track_0,0.47135339444938473,77.33229447994975
57.978093,659,1470.241603,synthetic_track_0,0.38386211384935987,62.97809324693927
56.830192,664,1471.033746,synthetic_track_0,0.37686546260474835,61.83019211629427
313.250825,3000,1474.137861,synthetic_track_0,1.9093166784488669,313.25082490552126
137.95554,1368,1475.619744,synthetic_track_0,0.8713381595992599,142.9555402448325
155.105335,1553,1481.17593,synthetic_track_0,0.9758690559948342,160.10533519169738
149.912378,1454,1483.061727,synthetic_track_0,0.9442171032021692,154.9123777142464
73.189387,845,1484.023698,synthetic_track_0,0.4765775153361167,78.18938654626136
70.471366,756,1485.010798,synthetic_track_0,0.46001071950692696,75.47136573907339
105.299299,1089,1486.116617,synthetic_track_0,0.6722928558482646,110.2992992464961
105.691081,1078,1487.269542,synthetic_track_0,0.6746808345440906,110.69108145044774
149.930159,1454,1488.919924,synthetic_track_0,0.9443254820552387,154.9301588217544
207.359155,1961,1494.843523,synthetic_track_0,1.2943649131039328,212.35915515490473
148.498184,1475,1496.562944,synthetic_track_0,0.9355973515858702,153.49818365478845
117.743462,1245,1497.991832,synthetic_track_0,0.7481421312490257,122.7434623106752
56.575337,653,1498.711718,synthetic_track_0,0.3753120762764445,61.57533677761182
234.335729,2361,1501.273897,synthetic_track_0,1.4587916856190388,239.3357288727616
72.398145,827,1502.159771,synthetic_track_0,0.47175476579852643,77.39814521473421
301.465939,2851,1509.329582,synthetic_track_0,1.8679616502716918,306.46593854449316
235.671122,2344,1511.91956,synthetic_track_0,1.4669311347433873,240.67112240975726
82.232368,883,1512.82369,synthetic_track_0,0.5316960148655666,87.23236806946349
319.550179,3000,1520.033645,synthetic_track_0,1.947712304176207,319.5501787883062
45.859084,561,1520.717281,synthetic_track_0,0.30999470646972843,50.85908409749847
45.315121,531,1521.336591,synthetic_track_0,0.3066791614669198,50.31512131811032
57.146644,689,1522.251617,synthetic_track_0,0.37879428729150944,62.146643510159905
71.598228,780,1523.412587,synthetic_track_0,0.4668791382430603,76.59822848487951
43.627284,501,1524.113683,synthetic_track_0,0.2963915095118974,48.62728425177844
315.547721,3000,1529.110901,synthetic_track_0,1.9233166498625867,315.5477212996617
105.479644,1095,1531.683542,synthetic_track_0,0.6733920851350684,110.4796435993938
324.407857,3000,1544.104297,synthetic_track_0,1.9773206710041036,324.40785663590077
45.647482,618,1545.31695,synthetic_track_0,0.30870495840518736,50.647482402662796
70.526511,785,1547.068923,synthetic_track_0,0.46034683758791317,75.52651073797432
321.504091,3000,1552.893565,synthetic_track_0,1.9596217310888413,321.5040913302348
46.266554,524,1553.865944,synthetic_track_0,0.312478301911806,51.266553602030534
213.730949,2073,1563.979744,synthetic_track_0,1.3332020713685924,218.73094879223598
2.227504,130,1564.167182,synthetic_track_0,0.0440528584369376,7.227504164488667
148.759244,1485,1566.470695,synthetic_track_0,0.937188559785644,153.75924421472683
165.048847,1635,1569.22372,synthetic_track_0,1.036476441136113,170.0488472372193
44.875467,518,1570.248566,synthetic_track_0,0.30399939528936404,49.875467186792925
125.61275,1310,1572.497167,synthetic_track_0,0.796106769138196,130.61275007978614
71.706759,840,1573.903319,synthetic_track_0,0.46754065156191704,76.70675924625442
122.537345,1258,1581.626819,synthetic_track_0,0.7773616581393362,127.53734538154157
27.791486,357,1582.40098,synthetic_track_0,0.19986964194569504,32.791485519271795
322.040824,3000,1587.724676,synthetic_track_0,1.9628932087446036,322.040824228394
314.28586,3000,1592.905498,synthetic_track_0,1.9156253928345035,314.2858601135096
49.676111,558,1593.799951,synthetic_track_0,0.33326013110676306,54.67611117403825
140.764859,1420,1601.204057,synthetic_track_0,0.8884614321097682,145.76485904435003
44.657073,530,1602.072593,synthetic_track_0,0.3026682473309764,49.65707324473875
100.0239,1074,1603.692437,synthetic_track_0,0.6401384093726438,105.02390046296298
49.157936,548,1604.638218,synthetic_track_0,0.33010176721696605,54.15793621385591
50.066586,599,1605.774805,synthetic_track_0,0.335640138968359,55.066585648148134
1.72401,126,1606.023386,synthetic_track_0,0.04098397931416042,6.724010465619252
209.580051,2117,1610.138331,synthetic_track_0,1.3079016479051908,214.58005092923287
45.696822,549,1611.074834,synthetic_track_0,0.3090056897621603,50.69682170122445
44.918236,527,1612.121722,synthetic_track_0,0.30426007721936876,49.91823580162443
287.081786,2829,1623.160991,synthetic_track_0,1.7802878102249853,292.0817858121254
83.676846,889,1624.638034,synthetic_track_0,0.5405003536107627,88.67684629867001
150.674203,1505,1627.385309,synthetic_track_0,0.9488605561926022,155.6742028719488
208.106589,2103,1630.843766,synthetic_track_0,1.298920649314147,213.1065891149228
150.831829,1541,1633.184619,synthetic_track_0,0.949821316218384,155.83182935372074
44.996597,536,1634.024566,synthetic_track_0,0.3047377021287804,49.996597028212655
149.280797,1493,1640.864395,synthetic_track_0,0.9403675095701876,154.28079658662068
69.757103,780,1642.005665,synthetic_track_0,0.4556571668991851,74.75710290303478
45.00084,520,1642.807822,synthetic_track_0,0.30476356593508985,50.00084035712351
49.621844,548,1643.568821,synthetic_track_0,0.33292936290028236,54.62184389889101
130.408402,1333,1645.408411,synthetic_track_0,0.8253370794780648,135.40840233043687
49.876858,588,1646.249882,synthetic_track_0,0.33448371397409793,54.87685751793145
243.332188,2408,1649.882628,synthetic_track_0,1.513626626288223,248.33218849213807
50.058302,598,1650.679912,synthetic_track_0,0.3355896515715126,55.058302465537324
239.078134,2370,1659.248847,synthetic_track_0,1.487697443539605,244.07813363742997
149.611782,1530,1661.278687,synthetic_track_0,0.9423849243257193,154.61178245370078
79.282746,856,1662.529494,synthetic_track_0,0.5137175704607196,84.28274603771565
33.193666,391,1663.120899,synthetic_track_0,0.23279684703597997,38.19366645279013
75.313809,797,1664.348017,synthetic_track_0,0.48952623146570007,80.31380941169962
69.125211,852,1665.578649,synthetic_track_0,0.45180568060289705,74.12521125664499
72.395191,756,1666.600747,synthetic_track_0,0.47173675968891027,77.39519105382719
222.992779,2176,1674.858409,synthetic_track_0,1.3896544881598,227.99277860148607
74.14621,798,1676.051652,synthetic_track_0,0.482409512945731,79.14620951998768
70.303669,804,1677.184791,synthetic_track_0,0.4589885793171415,75.303668959784
152.851393,1419,1679.400868,synthetic_track_0,0.962130899880022,157.8513933578357
49.804749,578,1680.183586,synthetic_track_0,0.3340441998077628,54.804748906135316
74.405638,786,1681.341723,synthetic_track_0,0.48399077065732776,79.40563755942026
235.39235,2314,1684.430969,synthetic_track_0,1.4652319713300048,240.3923502464492
45.03301,509,1685.28632,synthetic_track_0,0.3049596477454862,50.0330103944719
312.50752,3000,1694.751534,synthetic_track_0,1.904786109617608,312.5075200155037
72.271872,818,1695.855011,synthetic_track_0,0.4709851116918595,77.27187240387646
148.732566,1424,1697.885088,synthetic_track_0,0.9370259497639131,153.7325657050694
49.489191,601,1698.735399,synthetic_track_0,0.33212082228831985,54.48919119830672
46.463991,549,1699.425833,synthetic_track_0,0.3136817173232815,51.46399118512177
103.231726,1073,1700.887426,synthetic_track_0,0.6596906486147419,108.2317261424166
286.737789,2798,1709.88464,synthetic_track_0,1.778191092218603,291.73778910769863
71.499827,776,1710.979612,synthetic_track_0,0.46627936460980035,76.49982700570325
119.218486,1284,1712.845209,synthetic_track_0,0.7571326478379038,124.21848568923846
235.203426,2275,1716.110852,synthetic_track_0,1.464080443943687,240.2034256391607
104.323421,1097,1717.645549,synthetic_track_0,0.6663447145335103,109.32342122975186
209.361479,2099,1725.36806,synthetic_track_0,1.306569412111601,214.36147851218905
71.990893,850,1726.484994,synthetic_track_0,0.46927249443409386,76.99089294415772
289.608408,2733,1729.855706,synthetic_track_0,1.7956879971767665,294.6084076767937
235.179718,2349,1732.77197,synthetic_track_0,1.4639359421734373,240.17971804825032
315.588277,3000,1741.261297,synthetic_track_0,1.9235638435279794,315.5882769709496
124.469618,1306,1743.04261,synthetic_track_0,0.7891391862924384,129.46961803748698
69.624529,793,1744.07641,synthetic_track_0,0.4548491084415586,74.62452930679457
127.695132,1321,1745.888449,synthetic_track_0,0.8087992409437886,132.69513238339752
72.067537,812,1746.90739,synthetic_track_0,0.469739650935509,77.0675366780548
235.90824,2299,1754.573727,synthetic_track_0,1.4683764057108066,240.90823987060924
70.403669,792,1755.633937,synthetic_track_0,0.459598096267994,75.40366897015608
70.872099,860,1756.778487,synthetic_track_0,0.4624532567802098,75.87209906128997
316.493818,3000,1760.605985,synthetic_track_0,1.9290832690938182,316.49381801137474
302.31728,3000,1765.07313,synthetic_track_0,1.8426748782621054,302.31728039856637
148.920296,1479,1771.666393,synthetic_track_0,0.9381701983469615,153.920296120135
315.475089,3000,1775.577715,synthetic_track_0,1.9228739466162532,315.4750894734866
310.429499,3000,1779.518392,synthetic_track_0,1.8921202199400526,310.4294988918
236.475178,2337,1787.714739,synthetic_track_0,1.471831990299265,241.47517815543307
69.732257,834,1789.01965,synthetic_track_0,0.45550572740778517,74.73225707932215
322.326836,3000,1792.959859,synthetic_track_0,1.9646365007352151,322.32683631862193
56.546239,656,1793.878579,synthetic_track_0,0.37513471830953027,61.546238655720074
315.367496,3000,1803.415992,synthetic_track_0,1.922218146969158,315.3674961220305
86.599686,922,1804.666679,synthetic_track_0,0.5583155527847059,91.599685605572
69.865603,831,1805.79004,synthetic_track_0,0.4563184916778379,74.8656027316812
309.687194,3000,1809.942003,synthetic_track_0,1.8875957448788152,309.68719377228024
69.155348,796,1811.084622,synthetic_track_0,0.451989372065642,74.15534847949672
250.646679,2451,1819.566631,synthetic_track_0,1.5582096782141734,255.64667851374907
69.703669,787,1820.631145,synthetic_track_0,0.4553314780008091,74.70366896133699
214.698646,2085,1823.398742,synthetic_track_0,1.3391003465865912,219.69864555957312
153.145478,1527,1825.489672,synthetic_track_0,0.9639233931159052,158.14547761903543
266.534607,2619,1828.986846,synthetic_track_0,1.6550492865792288,271.53460718806696
301.410618,3000,1837.947713,synthetic_track_0,1.8371486154107979,301.4106176032551
313.908277,3000,1841.978583,synthetic_track_0,1.9133239587711917,313.9082767995757
75.811117,840,1843.199873,synthetic_track_0,0.4925574055182884,80.8111170522409
69.168275,767,1844.215788,synthetic_track_0,0.4520681640806806,74.16827544126551
306.782068,3000,1853.348431,synthetic_track_0,1.869888515546242,306.78206846864225
304.608786,3000,1857.47412,synthetic_track_0,1.8566419899106348,304.6087856762575
70.200581,784,1858.554136,synthetic_track_0,0.4583602413434892,75.20058109029242
148.813364,1464,1860.436436,synthetic_track_0,0.9375184282441068,153.81336387328852
318.816887,3000,1869.407768,synthetic_track_0,1.9432427660883447,318.8168868683367
149.17585,1467,1871.353436,synthetic_track_0,0.9397278426410581,154.17585003926357
73.995138,809,1872.457065,synthetic_track_0,0.4814887063795241,78.99513797711661
320.070356,3000,1876.460862,synthetic_track_0,1.9508828734886439,320.07035622338094
306.903188,3000,1885.575297,synthetic_track_0,1.8706267618884005,306.9031883846179
237.641909,2274,1888.6884,synthetic_track_0,1.4789434146892402,242.64190946907917
71.40284,791,1889.674152,synthetic_track_0,0.46568821209572353,76.40283994495545
71.439062,840,1890.79007,synthetic_track_0,0.46590899455360263,76.43906247830255
310.323931,3000,1899.783723,synthetic_track_0,1.8914767640767831,310.32393071537615
315.084055,3000,1903.777035,synthetic_track_0,1.92049052750544,315.08405533494636
308.928173,3000,1907.762551,synthetic_track_0,1.882969384832317,308.9281729575389
309.894881,3000,1916.910121,synthetic_track_0,1.8888616338758848,309.8948810444058
60.620521,706,1917.865567,synthetic_track_0,0.3999681561091209,65.62052081318882
156.351779,1532,1919.711728,synthetic_track_0,0.9834663416792224,161.3517790291916
312.668035,3000,1922.771116,synthetic_track_0,1.9057644769751672,312.6680352329505
149.493849,1500,1928.375458,synthetic_track_0,0.9416660972202021,154.4938485424176
45.872696,565,1929.024706,synthetic_track_0,0.31007767152875526,50.872695707071586
148.728057,1491,1930.544665,synthetic_track_0,0.9369984667610048,153.72805672369975
246.937844,2423,1933.248234,synthetic_track_0,1.5356037035462968,251.9378436764299
300.660878,3000,1936.519401,synthetic_track_0,1.8325788231113456,300.6608775399078
309.691529,3000,1944.077777,synthetic_track_0,1.887622168536628,309.6915289528714
314.744146,3000,1947.372587,synthetic_track_0,1.9184187234582648,314.74414612337046
69.797951,788,1948.29302,synthetic_track_0,0.4559061411352949,74.79795070252342
151.615837,1537,1949.904495,synthetic_track_0,0.954599974624976,156.61583690192
71.065726,835,1955.004004,synthetic_track_0,0.46363344642380927,76.0657261235659
147.591495,1492,1956.629818,synthetic_track_0,0.9300709321460578,152.59149516888388
74.555614,817,1957.431582,synthetic_track_0,0.48490489967184836,79.5556135540265
152.587396,1492,1959.137417,synthetic_track_0,0.9605217902624649,157.58739581318915
283.048068,2783,1962.09401,synthetic_track_0,1.7557016197465094,288.04806812893645
164.733847,1627,1967.881881,synthetic_track_0,1.0345564610121132,169.73384692091045
70.403669,751,1968.655423,synthetic_track_0,0.459598096267994,75.40366897015608
128.012703,1356,1970.146262,synthetic_track_0,0.8107348889932336,133.01270324791645
316.593563,3000,1973.428608,synthetic_track_0,1.9296912315671897,316.59356298738885
283.544285,2788,1980.564098,synthetic_track_0,1.7587261435567938,288.54428470170933
284.793044,2737,1983.407577,synthetic_track_0,1.7663375405333248,289.7930436993622
72.074456,801,1984.246097,synthetic_track_0,0.4697818253582001,77.07445599785493
71.114831,746,1985.143604,synthetic_track_0,0.4639327511707014,76.11483136625317
268.719492,2478,1987.674543,synthetic_track_0,1.6683665258192426,273.7194915629249
64.719989,740,1988.444978,synthetic_track_0,0.4249551058947697,69.71998881688643
49.525972,567,1989.108548,synthetic_track_0,0.33234500721706356,54.52597195586937
69.28912,758,1993.855983,synthetic_track_0,0.4528047324433656,74.28912006060746
322.828856,3000,1997.172587,synthetic_track_0,1.967696392921016,322.82885558139964
308.437632,3000,2000.360612,synthetic_track_0,1.8799794576247215,308.4376324543534
210.905248,2122,2006.650853,synthetic_track_0,1.315978947311518,215.9052479123213
104.587255,1016,2007.714539,synthetic_track_0,0.6679528241629452,109.58725471198397
213.687454,2091,2009.949154,synthetic_track_0,1.3329369635197785,218.68745404185367
67.954446,831,2010.84161,synthetic_track_0,0.444669666990898,72.95444572794717
70.422175,798,2011.691624,synthetic_track_0,0.45971089538874993,75.42217528606702
315.084808,3000,2019.011654,synthetic_track_0,1.9204951153981018,315.0848080446341
70.285805,761,2019.824545,synthetic_track_0,0.45887969691281755,75.28580523746012
125.128403,1240,2021.25262,synthetic_track_0,0.7931545903761603,130.1284027512814
70.571366,769,2022.117105,synthetic_track_0,0.460620236325456,75.5713657277359
306.399762,3000,2025.271742,synthetic_track_0,1.867558290977792,306.39976165881797
209.415974,2155,2027.655629,synthetic_track_0,1.3069015705850417,214.4159738805997
319.952271,3000,2034.854573,synthetic_track_0,1.950163122853623,319.9522707938179
319.114918,3000,2038.247547,synthetic_track_0,1.9450593172974417,319.1149181855905
153.084161,1492,2039.86531,synthetic_track_0,0.9635496583537422,158.08416106329332
69.631817,764,2040.636545,synthetic_track_0,0.45489352617028,74.63181667316991
35.188304,414,2045.704971,synthetic_track_0,0.24495449833180397,40.188303770065595
327.587025,3000,2049.524638,synthetic_track_0,1.9966982390388908,327.5870249949659
299.362088,2873,2053.28449,synthetic_track_0,1.855138324581413,304.3620877816248
315.139382,3000,2062.106211,synthetic_track_0,1.920827751259212,315.1393817353487
300.099858,3000,2066.050023,synthetic_track_0,1.8291593141515254,300.0998579801218
323.584479,3000,2070.000787,synthetic_track_0,1.9723020481234006,323.58447946907734
316.254064,3000,2078.700093,synthetic_track_0,1.927621924866347,316.2540635013486
306.383729,3000,2082.581114,synthetic_track_0,1.8674605714451364,306.3837293659253
278.510568,2696,2085.947472,synthetic_track_0,1.728044787756531,283.5105676016942
313.517298,3000,2094.630895,synthetic_track_0,1.9109408746918326,313.51729762775756
213.777903,2087,2097.376206,synthetic_track_0,1.3334882674548993,218.77790337087256
237.16796,2310,2100.333274,synthetic_track_0,1.4760546142821964,242.1679602700238
322.689937,3000,2109.198164,synthetic_track_0,1.9668496601938532,322.6899369157576
314.970517,3000,2113.1875,synthetic_track_0,1.9197984925326064,314.97051705784935
214.364259,2017,2115.754889,synthetic_track_0,1.3370622023431045,219.36425872225323
239.677303,2295,2123.726963,synthetic_track_0,1.491349481788733,244.67730296698045
155.105247,1504,2125.758569,synthetic_track_0,0.9758685156940189,160.1052465475882
327.83581,2961,2129.68638,synthetic_track_0,1.9982146242519947,327.83580976924713
77.783727,863,2130.793359,synthetic_track_0,0.5045807953049907,82.78372684052646
318.555442,3000,2139.477947,synthetic_track_0,1.9416492135254335,318.5554416819532
320.459084,3000,2143.408685,synthetic_track_0,1.9532522375458674,320.459084428505
70.671366,748,2144.395147,synthetic_track_0,0.46122975324312154,75.67136573266316
317.632799,3000,2148.266206,synthetic_track_0,1.9360255476249992,317.6327985174179
123.485618,1285,2154.807705,synthetic_track_0,0.7831415375696709,128.48561761937572
49.457101,541,2155.553956,synthetic_track_0,0.33192522498282157,54.45710065094586
324.131078,3000,2159.361128,synthetic_track_0,1.9756336595537578,324.13107817666935
315.079557,3000,2163.289176,synthetic_track_0,1.9204631070369833,315.07955661325167
236.895405,2335,2171.065679,synthetic_track_0,1.47439334379301,241.89540498519193
123.934861,1253,2172.687638,synthetic_track_0,0.7858797524391242,128.93486109810638
213.830949,2078,2175.408025,synthetic_track_0,1.3338115882545125,218.83094879195494
317.2497,3000,2179.28893,synthetic_track_0,1.9336904948262366,317.24969956706224
317.156814,3000,2188.097437,synthetic_track_0,1.9331243402372031,317.1568137749668
317.375108,3000,2192.080935,synthetic_track_0,1.9344548780579818,317.3751076151827
242.597968,2384,2195.114585,synthetic_track_0,1.509151427853323,247.59796791093663
50.036811,552,2200.726877,synthetic_track_0,0.3354586602552703,55.03681145865957
33.552101,394,2201.246209,synthetic_track_0,0.23498156681161886,38.55210111144627
322.966865,3000,2205.170791,synthetic_track_0,1.9685375861835706,322.96686541830854
322.068873,3000,2209.04896,synthetic_track_0,1.9630641690939759,322.068872729238
235.98475,2298,2216.948274,synthetic_track_0,1.4688427461471842,240.98474971731565
324.398542,3000,2220.781122,synthetic_track_0,1.977263893994094,324.3985415519119
322.003903,3000,2224.629151,synthetic_track_0,1.9626681653943776,322.0039026344575
238.215464,2246,2232.567335,synthetic_track_0,1.482439325595484,243.21546386554874
310.475587,3000,2236.470677,synthetic_track_0,1.8924011324309502,310.4755866207206
123.499231,1277,2238.09702,synthetic_track_0,0.7832245138570926,128.4992310711283
311.908035,3000,2242.106606,synthetic_track_0,1.9011321457827508,311.9080347659568
312.5372,3000,2250.907804,synthetic_track_0,1.9049670167465167,312.5372004283978
311.725614,3000,2254.723129,synthetic_track_0,1.9000202587189894,311.72561372294365
327.841458,2979,2263.596924,synthetic_track_0,1.9982490525098668,327.84145821944935
171.431339,1670,2265.824538,synthetic_track_0,1.0753788082206979,176.4313393180635
213.957386,2015,2268.440166,synthetic_track_0,1.3345822435578136,218.9573858635009
70.964941,784,2269.40904,synthetic_track_0,0.46301914203825273,75.96494066576798
325.285946,3000,2273.259071,synthetic_track_0,1.9826727767329613,325.28594645382884
320.364597,3000,2282.111565,synthetic_track_0,1.9526763186725273,320.3645966653231
123.730475,1242,2283.691608,synthetic_track_0,0.7846339867716868,128.73047534724142
311.689432,3000,2287.578793,synthetic_track_0,1.8997997246597609,311.689431942963
143.840014,1393,2294.32494,synthetic_track_0,0.9072050203043925,148.8400139046875
322.085767,3000,2298.387044,synthetic_track_0,1.9631671449645536,322.0857673998644
311.645291,3000,2302.241639,synthetic_track_0,1.8995306786197066,311.6452910757429
317.883698,3000,2310.948211,synthetic_track_0,1.937554822588734,317.8836980404276
320.144075,3000,2314.916536,synthetic_track_0,1.9513321990654238,320.14407453798333
76.451137,861,2316.050821,synthetic_track_0,0.4964584372658022,81.45113734153313
317.210475,3000,2319.953006,synthetic_track_0,1.9334514164190764,317.21047532044804
73.51902,783,2325.855411,synthetic_track_0,0.47858668633386725,78.5190199064711
322.227994,3000,2329.917496,synthetic_track_0,1.9640340413550854,322.2279942040959
110.679978,1122,2331.326409,synthetic_track_0,0.7050890003902311,115.67997781462023
166.612118,1619,2333.438695,synthetic_track_0,1.0460048390554615,171.61211777371764
213.930949,2062,2341.086192,synthetic_track_0,1.3344211050608445,218.93094877861634
123.767164,1205,2342.621549,synthetic_track_0,0.7848576123816621,128.76716434052653
313.380809,3000,2346.366847,synthetic_track_0,1.910108955109408,313.3808092712732
271.897266,2632,2350.093662,synthetic_track_0,1.687735596173084,276.89726575537736
108.329799,1059,2351.451005,synthetic_track_0,0.6907642611239121,113.32979858957077
320.841858,3000,2360.506562,synthetic_track_0,1.9555853060051165,320.84185781946206
312.098453,3000,2364.537366,synthetic_track_0,1.902292777560696,312.09845307945955
312.42374,3000,2373.563348,synthetic_track_0,1.9042754551477108,312.42373981510923
61.084294,666,2374.409213,synthetic_track_0,0.4027949295625741,66.08429359960508
235.300352,2336,2377.444658,synthetic_track_0,1.4646712279542724,240.30035224161787
232.893254,2189,2380.199041,synthetic_track_0,1.4499995572850435,237.89325393689253
321.238961,3000,2388.984842,synthetic_track_0,1.958005715708953,321.2389607960893
214.490185,2079,2391.643765,synthetic_track_0,1.337829741572389,219.49018455710012
314.585296,3000,2395.543959,synthetic_track_0,1.9174505024446262,314.5852955593773
99.617553,1012,2396.878747,synthetic_track_0,0.637661653336387,104.61755306119124
313.960494,3000,2405.564676,synthetic_track_0,1.9136422295961595,313.9604936997839
122.375736,1302,2407.268957,synthetic_track_0,0.7763766194452779,127.37573563552064
123.263406,1294,2408.935774,synthetic_track_0,0.781787119777819,128.26340592691358
50.39531,568,2409.62406,synthetic_track_0,0.33764377076309743,55.39531022254332
320.636564,3000,2413.509371,synthetic_track_0,1.9543340059215164,320.63656406813396
214.866342,2038,2420.943022,synthetic_track_0,1.340122486605053,219.86634231075442
