time/iterations,time/time_elapsed,rollout/ep_rew_mean,time/total_timesteps,time/fps,rollout/ep_len_mean,train/value_loss,train/std,train/n_updates,train/clip_range,train/policy_gradient_loss,train/approx_kl,train/learning_rate,train/clip_fraction,train/explained_variance,train/entropy_loss,train/loss
1,14,1.2510821041666669,8192,547,167.125,,,,,,,,,,,
2,34,2.2024224111111113,16384,480,181.05555555555554,0.23486057995905868,1.0060417652130127,10,0.2,-0.007248584366607247,0.006120829,0.0003,0.0536376953125,-0.20966172218322754,-2.843902302905917,0.0403732992708683
3,53,3.4025761599999997,24576,458,195.88,0.19278792151599192,1.0136487483978271,20,0.2,-0.01116834002568794,0.008284941,0.0003,0.07672119140625,0.6955394744873047,-2.858471839502454,0.07351549714803696
4,73,5.27176423,32768,445,215.74,0.27729589579394087,1.0033466815948486,30,0.2,-0.011105996810692886,0.008307869,0.0003,0.0908203125,0.8053600788116455,-2.849648354947567,0.123725026845932
5,95,7.526597290000001,40960,430,240.3,0.4384382214746438,0.995866596698761,40,0.2,-0.014764195684256265,0.009965691,0.0003,0.09716796875,0.7966934442520142,-2.836040485650301,0.14594270288944244
6,116,10.066090500000001,49152,420,263.84,0.8160469773341902,0.9958492517471313,50,0.2,-0.012921192966678064,0.008020321,0.0003,0.08330078125,0.7086856365203857,-2.829412524588406,0.4571877419948578
7,138,13.400943040000001,57344,415,295.17,0.9151441456517204,0.9851536750793457,60,0.2,-0.012600065119022475,0.00892612,0.0003,0.09986572265625,0.6822085976600647,-2.8153896605595947,0.5083862543106079
8,158,16.56769533,65536,414,328.25,1.0343611694406718,0.9822884798049927,70,0.2,-0.012841112391288333,0.010065431,0.0003,0.1109619140625,0.7471480965614319,-2.7996820667758584,0.4060136377811432
9,179,21.042216529999997,73728,410,372.83,1.2262035755673424,0.9746662378311157,80,0.2,-0.013561270222271559,0.009646665,0.0003,0.1045166015625,0.7540457248687744,-2.7907408248633145,0.5457291603088379
10,199,25.378271990000002,81920,409,415.41,0.8262170295231044,0.9570595026016235,90,0.2,-0.012199575688464392,0.0104324855,0.0003,0.1053466796875,0.8329532146453857,-2.7628347324207425,0.2978615462779999
11,220,30.780199390000003,90112,409,470.55,0.5318587553221732,0.9469208717346191,100,0.2,-0.01345752617526159,0.012199336,0.0003,0.10616455078125,0.9082295894622803,-2.7348925730213525,0.13272340595722198
12,241,34.193308439999996,98304,407,505.05,0.644697207189165,0.9413762092590332,110,0.2,-0.01252205576547567,0.009826806,0.0003,0.08997802734375,0.8939411044120789,-2.7183912685140967,0.059473667293787
13,261,37.83728338,106496,407,541.28,0.799531289911829,0.9328941106796265,120,0.2,-0.015569456368393731,0.010976838,0.0003,0.09818115234375,0.9034548997879028,-2.702422797493637,0.265910267829895
14,279,41.24135502,114688,410,574.07,1.186659391829744,0.923464298248291,130,0.2,-0.013954426683994825,0.011135103,0.0003,0.11104736328125,0.9043371081352234,-2.6849078465253116,0.6271289587020874
15,298,44.64867451,122880,411,604.69,0.8396913125296124,0.9117487668991089,140,0.2,-0.012881863191250887,0.011872566,0.0003,0.10179443359375,0.9036591053009033,-2.6620193352922796,0.3166464567184448
16,316,47.365806899999995,131072,414,628.25,0.9044678416801617,0.9090594053268433,150,0.2,-0.014404612930957229,0.011387166,0.0003,0.09737548828125,0.9325275421142578,-2.651843992061913,0.2330717146396637
17,334,48.25806149,139264,416,634.16,0.9169647750910371,0.9055238962173462,160,0.2,-0.015393032921565464,0.012746656,0.0003,0.125537109375,0.9395199418067932,-2.640999479778111,0.1232420802116394
18,353,49.668157060000006,147456,417,645.41,0.7046229941654019,0.8952764272689819,170,0.2,-0.014759281826809457,0.010584621,0.0003,0.1130859375,0.9501069188117981,-2.6235428975895045,0.30902472138404846
19,372,51.468625710000005,155648,418,662.69,0.5740170708508231,0.8904582262039185,180,0.2,-0.014107752665950102,0.011298146,0.0003,0.1157470703125,0.9637486934661865,-2.6079076172783973,0.11951092630624771
20,390,53.52739398000001,163840,419,683.71,0.7119603326893411,0.8670542240142822,190,0.2,-0.01736492929921951,0.014147544,0.0003,0.13856201171875,0.9649509787559509,-2.570261390320957,0.14526015520095825
21,408,56.089118479999996,172032,420,711.93,0.7190907588053961,0.8624054193496704,200,0.2,-0.01588594154272869,0.014653266,0.0003,0.13031005859375,0.9701531529426575,-2.5498210621997712,0.09004402905702591
22,427,57.807001590000006,180224,421,730.33,0.36014183939551003,0.8499799966812134,210,0.2,-0.014845459044590826,0.013680393,0.0003,0.13907470703125,0.9790011644363403,-2.520324268192053,0.0474105104804039
23,446,59.18139740000001,188416,422,746.79,0.3228800463490188,0.8422884345054626,220,0.2,-0.013809236942324787,0.014011565,0.0003,0.12655029296875,0.9835005402565002,-2.5025886880233883,0.01948753371834755
24,465,62.69413446000001,196608,422,787.74,1.0482552196539472,0.8278383612632751,230,0.2,-0.011646935265252978,0.012965271,0.0003,0.113916015625,0.9405179619789124,-2.475431559048593,0.627205491065979
25,485,64.67793506,204800,422,814.6,0.1501597197697265,0.8342744708061218,240,0.2,-0.014814364962512627,0.0148401465,0.0003,0.1427001953125,0.9904100298881531,-2.472650215215981,-0.0027394481003284454
26,506,66.51588089,212992,420,840.82,0.2014146430796245,0.834683358669281,250,0.2,-0.015753997547108156,0.0143241,0.0003,0.1245849609375,0.9876779317855835,-2.4800417574122546,0.08122062683105469
27,527,67.99520550000001,221184,419,861.45,0.347660160108353,0.8316795825958252,260,0.2,-0.0151969649046805,0.011966273,0.0003,0.1120361328125,0.981086790561676,-2.4705134177580477,0.022879768162965775
28,547,69.96862561,229376,418,888.32,0.2460438115755096,0.8378087282180786,270,0.2,-0.017662446251233633,0.014257014,0.0003,0.13116455078125,0.9861472845077515,-2.481063723564148,0.0473242923617363
29,566,74.43280050999999,237568,419,940.29,0.5241297193570063,0.8238914012908936,280,0.2,-0.011587874669203302,0.012904879,0.0003,0.1041015625,0.9750175476074219,-2.465174955315888,0.044078223407268524
30,585,77.85476614,245760,420,980.59,1.770320090185851,0.8154600858688354,290,0.2,-0.012359113792990683,0.014149335,0.0003,0.1119873046875,0.8995583653450012,-2.44042168520391,0.2590184807777405
31,603,81.7957605,253952,420,1022.98,1.5161053725518285,0.8082050085067749,300,0.2,-0.016647220193044633,0.013217485,0.0003,0.11435546875,0.9308338761329651,-2.425081139989197,0.4710460901260376
32,623,83.13324250000001,262144,420,1038.72,1.5698406600975432,0.7949482202529907,310,0.2,-0.015808169265437755,0.014587045,0.0003,0.12994384765625,0.9374046325683594,-2.3948692537844183,0.1841403841972351
33,642,85.80143285999999,270336,420,1066.46,1.652808211208321,0.7777094841003418,320,0.2,-0.01573827104703014,0.018317714,0.0003,0.15367431640625,0.9436200261116028,-2.351338502392173,0.5604989528656006
34,660,88.90662121999999,278528,421,1100.1,1.8296810441999696,0.7621794939041138,330,0.2,-0.01666793682361458,0.016718458,0.0003,0.12164306640625,0.9216579794883728,-2.3167713137343524,0.15845555067062378
35,679,92.69621316999998,286720,421,1139.38,1.3744591667084023,0.7547839879989624,340,0.2,-0.015685667136676785,0.018266924,0.0003,0.14097900390625,0.91679447889328,-2.2834909446537495,0.25809815526008606
36,698,94.49375224000003,294912,422,1158.46,2.621186830592342,0.7467286586761475,350,0.2,-0.015060872164031024,0.013857124,0.0003,0.1240478515625,0.8873305916786194,-2.2641108164563777,0.963331401348114
37,717,97.45166159,303104,422,1190.93,2.2607369925361125,0.7385787963867188,360,0.2,-0.016255134266430105,0.016827498,0.0003,0.1549072265625,0.9187259674072266,-2.24297994915396,1.9948961734771729
38,737,99.50155896,311296,422,1212.32,1.8602819983381778,0.730646014213562,370,0.2,-0.01682211840943637,0.018466946,0.0003,0.1727783203125,0.922558069229126,-2.2250577595084904,0.3614158034324646
39,756,101.87824397,319488,422,1237.11,2.0744419528869913,0.7123504281044006,380,0.2,-0.018381304934700894,0.023009814,0.0003,0.17415771484375,0.8488810658454895,-2.182342721708119,0.5475524067878723
40,775,106.17745637999998,327680,422,1278.85,1.5015954022062943,0.69426429271698,390,0.2,-0.015370923682439752,0.02011308,0.0003,0.16859130859375,0.9149830937385559,-2.1296084923669696,0.6076176762580872
41,793,109.17818994,335872,423,1304.93,1.522711396671366,0.6851511001586914,400,0.2,-0.014310590295826842,0.019034833,0.0003,0.16685791015625,0.9193342328071594,-2.0978401761502026,1.2682359218597412
42,813,111.48939839,344064,423,1325.32,1.6148711832938716,0.6846205592155457,410,0.2,-0.015502871740864066,0.022227269,0.0003,0.1654052734375,0.9105632305145264,-2.082815095409751,0.6739480495452881
43,832,114.86521599999998,352256,422,1354.33,1.8379627745132894,0.6839331388473511,420,0.2,-0.012206913818226894,0.021028519,0.0003,0.1693115234375,0.9068480134010315,-2.077608256414533,0.29844579100608826
44,852,116.79570341,360448,422,1371.77,2.750194278568961,0.682917594909668,430,0.2,-0.012014709869799845,0.017526222,0.0003,0.12965087890625,0.8481529355049133,-2.0788914445787667,1.408049464225769
45,871,120.39152925999998,368640,423,1411.76,2.25558851971291,0.6765569448471069,440,0.2,-0.015393217797145553,0.023220446,0.0003,0.17188720703125,0.832465410232544,-2.066505806334317,0.41143736243247986
46,891,119.04870497999998,376832,422,1390.42,2.880631925421767,0.6658685207366943,450,0.2,-0.01819609309277439,0.020087667,0.0003,0.158544921875,0.8527548313140869,-2.040005700290203,0.7224945425987244
47,910,120.12701833000001,385024,422,1397.62,2.9063215183792637,0.6573554277420044,460,0.2,-0.013637569327875099,0.019873947,0.0003,0.15557861328125,0.8239730596542358,-2.0066754570230843,1.5584897994995117
48,929,122.28006869,393216,422,1415.95,3.158487798506394,0.653001070022583,470,0.2,-0.013910941024187195,0.019738533,0.0003,0.183984375,0.8532155752182007,-1.9954793952405452,0.5612682104110718
49,952,123.17345243000001,401408,421,1421.75,1.8359931678511203,0.6471385955810547,480,0.2,-0.01329061673131946,0.025118256,0.0003,0.19876708984375,0.8625560998916626,-1.9846033322624863,1.0167423486709595
50,972,126.04198609000001,409600,421,1447.22,4.04267901033163,0.6421976089477539,490,0.2,-0.014747173804789782,0.018882569,0.0003,0.13919677734375,0.8334617614746094,-1.9572917371988297,0.7437612414360046
51,990,128.80960159999998,417792,421,1469.99,3.942941161780618,0.6360940933227539,500,0.2,-0.015442837654472897,0.01773603,0.0003,0.1615234375,0.8576331734657288,-1.9400041953660547,0.3659268915653229
52,1011,125.93177832,425984,421,1434.05,3.569781355280429,0.6376399397850037,510,0.2,-0.013868196026487567,0.023941033,0.0003,0.19625244140625,0.8327996730804443,-1.9394299434497952,0.442717581987381
53,1030,125.19302592000003,434176,421,1423.81,4.570979110803455,0.6330260634422302,520,0.2,-0.012373511491023236,0.02141798,0.0003,0.17431640625,0.8049457669258118,-1.9253796729259194,1.3062384128570557
54,1047,121.34163026,442368,422,1374.76,4.169273026334122,0.6319423913955688,530,0.2,-0.013261513857287355,0.019194903,0.0003,0.15245361328125,0.8408740162849426,-1.9220475477166474,2.1299102306365967
55,1064,118.33554351000002,450560,423,1334.73,4.355222134944052,0.6252646446228027,540,0.2,-0.015979552414501087,0.02231104,0.0003,0.17041015625,0.8825276494026184,-1.9093157070688904,1.1068501472473145
56,1079,117.77146776,458752,424,1323.09,4.203905783453957,0.6092723608016968,550,0.2,-0.014175043604518578,0.027781922,0.0003,0.1982421875,0.8853317499160767,-1.8691399871371686,2.1715245246887207
57,1095,114.97842947,466944,426,1291.24,3.269205257180147,0.6037217378616333,560,0.2,-0.012201831310449052,0.023863427,0.0003,0.1929931640625,0.8872988820075989,-1.84671285841614,0.48605063557624817
58,1110,113.78496142000002,475136,427,1274.27,4.839254322485067,0.6008349657058716,570,0.2,-0.015151564690677332,0.020624988,0.0003,0.18126220703125,0.8689372539520264,-1.8170707961544394,1.3520162105560303
59,1126,112.74336551999998,483328,428,1260.14,3.372121048066765,0.595687747001648,580,0.2,-0.014282997377267747,0.023251483,0.0003,0.19796142578125,0.875110387802124,-1.8113744024187326,1.6622743606567383
60,1141,112.67571201000001,491520,430,1243.2,4.558568432158791,0.5909974575042725,590,0.2,-0.013176946002568002,0.024830338,0.0003,0.1821533203125,0.8226246237754822,-1.7967138768173754,3.9952211380004883
61,1158,108.81969670000001,499712,431,1200.12,3.500048053939827,0.5887994766235352,600,0.2,-0.01252650000169524,0.023058452,0.0003,0.19140625,0.8777992725372314,-1.7817908161319793,0.4190123379230499
62,1174,109.76393035000001,507904,432,1201.09,4.371049488778226,0.585125207901001,610,0.2,-0.013437219304341852,0.025671663,0.0003,0.17532958984375,0.8691628575325012,-1.7719467228278518,0.5868523716926575
63,1190,106.77985935000001,516096,433,1165.26,3.4926487249322236,0.5768444538116455,620,0.2,-0.015159124889214582,0.034038052,0.0003,0.2144775390625,0.8399072289466858,-1.751230935845524,0.30919551849365234
64,1205,104.03987636999996,524288,434,1131.0,4.741017691139132,0.5757890939712524,630,0.2,-0.014216883229073574,0.02212182,0.0003,0.1954833984375,0.8390674591064453,-1.7387288390658795,1.1925448179244995
65,1222,100.73012371,532480,435,1095.5,5.345842658216133,0.5671308636665344,640,0.2,-0.011742959982257162,0.028775297,0.0003,0.20257568359375,0.8660387396812439,-1.7208949913270772,1.2898749113082886
66,1241,100.82378251000002,540672,435,1087.94,4.859819101495669,0.563357949256897,650,0.2,-0.015628783081410802,0.025312772,0.0003,0.166748046875,0.8817782998085022,-1.6993680735118688,1.0786134004592896
67,1260,102.00089558000002,548864,435,1093.78,5.852284547267482,0.5584551095962524,660,0.2,-0.012333879095899647,0.024875194,0.0003,0.20333251953125,0.8247836232185364,-1.679988978803158,1.083754301071167
68,1279,100.55941292,557056,435,1073.27,6.252367538120597,0.5491670370101929,670,0.2,-0.012895304197445511,0.024965867,0.0003,0.18438720703125,0.884387731552124,-1.6559890918433666,1.527753233909607
69,1297,97.69665857000001,565248,435,1045.46,8.070270444266498,0.5523843765258789,680,0.2,-0.01443739187598112,0.026881583,0.0003,0.1864990234375,0.8808653354644775,-1.6478486833162607,2.4678940773010254
70,1312,100.35003874,573440,437,1062.32,7.027243516687304,0.5465061068534851,690,0.2,-0.017775853225430183,0.029331964,0.0003,0.2013671875,0.8794680237770081,-1.640443797316402,2.082282543182373
71,1326,103.07983071999999,581632,438,1084.5,5.272814055997879,0.5361530780792236,700,0.2,-0.01211386946197308,0.031528093,0.0003,0.22724609375,0.8840932846069336,-1.6066370829939842,0.9792885184288025
72,1341,97.91105759,589824,439,1030.67,5.523085376434028,0.5323287844657898,710,0.2,-0.01399665726130479,0.027449384,0.0003,0.20751953125,0.865943431854248,-1.5813981782644988,3.5625452995300293
73,1356,98.86247705999999,598016,440,1036.34,5.231178833823651,0.5234546661376953,720,0.2,-0.014649023478159506,0.029408108,0.0003,0.20386962890625,0.8941919207572937,-1.5622122336179018,0.6587583422660828
74,1372,93.92519305999998,606208,441,986.68,7.759804631024599,0.5187187194824219,730,0.2,-0.014158736129866156,0.023965757,0.0003,0.199853515625,0.8591480255126953,-1.5348120012320579,2.5389535427093506
75,1387,91.42241211000001,614400,442,960.0,8.39728719368577,0.5157361030578613,740,0.2,-0.01591602901389706,0.028659873,0.0003,0.20152587890625,0.8801320791244507,-1.5151626322418452,2.179675817489624
76,1402,94.77624827999998,622592,443,993.56,7.3470739055424925,0.5032818913459778,750,0.2,-0.016206447176409712,0.028611574,0.0003,0.20323486328125,0.867569088935852,-1.4836761990562082,1.1800715923309326
77,1417,96.89667286,630784,445,1009.1,7.7059969121590255,0.49713245034217834,760,0.2,-0.017607427321490832,0.030757925,0.0003,0.224658203125,0.8509092926979065,-1.4507995049469173,0.9882587194442749
78,1432,98.49153697,638976,446,1022.01,7.27458744738251,0.48609572649002075,770,0.2,-0.01659952340178279,0.030748852,0.0003,0.2248291015625,0.859561562538147,-1.4141775835305452,0.9749910831451416
79,1446,98.9606986,647168,447,1023.68,7.660394311696291,0.48073190450668335,780,0.2,-0.015964265361526488,0.03062857,0.0003,0.21307373046875,0.852920651435852,-1.3857972181402147,1.621579885482788
80,1460,105.44749989,655360,448,1084.88,4.0635211118496954,0.47535890340805054,790,0.2,-0.013964288759234477,0.036434926,0.0003,0.25635986328125,0.8896840810775757,-1.3647005911916494,1.384366512298584
81,1472,107.59188563999999,663552,450,1105.34,2.742779523180798,0.47575801610946655,800,0.2,-0.015277931440687098,0.03771815,0.0003,0.25374755859375,0.8712378740310669,-1.3535524219274522,0.38187140226364136
82,1486,111.07893101000002,671744,451,1138.97,3.957722378382459,0.47276079654693604,810,0.2,-0.012498822857560299,0.032076456,0.0003,0.22061767578125,0.8392783403396606,-1.34314992018044,1.9729145765304565
83,1499,113.86305393,679936,453,1166.94,5.813947730092332,0.4737304449081421,820,0.2,-0.014677068257515202,0.026075268,0.0003,0.18045654296875,0.8538126945495605,-1.3415746440179646,1.1579720973968506
84,1512,118.21406169,688128,455,1201.87,5.139294648543,0.46345168352127075,830,0.2,-0.0139685208658193,0.03744804,0.0003,0.2258544921875,0.8912427425384521,-1.3157781423069537,0.6878863573074341
85,1529,119.64060670999999,696320,455,1216.09,3.142341787414625,0.4588887691497803,840,0.2,-0.010805489542690339,0.034251373,0.0003,0.27132568359375,0.8202036619186401,-1.2908358415588737,0.5091943740844727
86,1552,119.82386251,704512,453,1216.3,3.921091615734622,0.4532289505004883,850,0.2,-0.007745724223059369,0.032321222,0.0003,0.23106689453125,0.8544129133224487,-1.2709121613763272,0.5274358987808228
87,1572,122.60625698,712704,453,1242.54,3.848565242532641,0.4429256319999695,860,0.2,-0.010839650449088366,0.031162119,0.0003,0.23690185546875,0.8371943831443787,-1.2213302127085626,2.6670167446136475
88,1591,126.9203392,720896,452,1282.32,8.591742966417224,0.44359922409057617,870,0.2,-0.01237157253544865,0.026816402,0.0003,0.17327880859375,0.7460711598396301,-1.2114019281230868,2.655273914337158
89,1612,124.41957553000002,729088,452,1261.91,5.15227712453343,0.4399447739124298,880,0.2,-0.010993423704712768,0.040290646,0.0003,0.291796875,0.7305137515068054,-1.2047849296592177,1.569030523300171
90,1631,129.30705355,737280,451,1309.0,8.69261199887842,0.43740537762641907,890,0.2,-0.011166866167877742,0.02827562,0.0003,0.200390625,0.7817524671554565,-1.1901868009939789,8.72997760772705
91,1647,131.10099677,745472,452,1327.23,6.057248085644096,0.4318109452724457,900,0.2,-0.010584553750959458,0.031891517,0.0003,0.2275146484375,0.7744676470756531,-1.1696823176927864,3.9172487258911133
92,1664,129.38060713999997,753664,452,1309.95,9.370892326300964,0.43365901708602905,910,0.2,-0.01367732050775885,0.031010749,0.0003,0.221337890625,0.8201329708099365,-1.1640082680620254,2.3292295932769775
93,1681,128.22305218,761856,453,1300.37,7.319918420445174,0.42242857813835144,920,0.2,-0.015636855874890897,0.04234281,0.0003,0.21893310546875,0.7365819215774536,-1.1347998046316206,1.8600802421569824
94,1698,128.66964368,770048,453,1305.19,10.422478401381522,0.4185066521167755,930,0.2,-0.0127017985432758,0.036024973,0.0003,0.23167724609375,0.795276403427124,-1.1139726066961884,0.9866093993186951
95,1715,130.08377875999997,778240,453,1321.21,9.614882532134652,0.4189770519733429,940,0.2,-0.010048309973535651,0.03486008,0.0003,0.26558837890625,0.7513129711151123,-1.095728870201856,6.797634601593018
96,1730,128.48677193999998,786432,454,1306.85,5.031751407822594,0.4121442437171936,950,0.2,-0.011631200051124325,0.045747824,0.0003,0.27484130859375,0.7490848302841187,-1.079779534228146,0.8293246030807495
97,1745,129.32092932,794624,455,1315.0,8.560353792645037,0.40650367736816406,960,0.2,-0.012586814346832398,0.0326594,0.0003,0.2207275390625,0.7153246402740479,-1.053811134584248,1.1454135179519653
98,1761,133.41454032,802816,455,1354.75,5.1206459609791635,0.4059755206108093,970,0.2,-0.011823807481960102,0.03627842,0.0003,0.2606689453125,0.8000402450561523,-1.0319505091756582,1.2527579069137573
99,1777,137.55358377,811008,456,1393.33,4.998205844033509,0.3982546627521515,980,0.2,-0.012831677894791938,0.04071822,0.0003,0.2712890625,0.8290027379989624,-1.0053107844665647,0.8639772534370422
100,1793,139.10262749,819200,456,1408.26,2.2046962610445915,0.3922029733657837,990,0.2,-0.013423454234180099,0.042003594,0.0003,0.2995361328125,0.666766881942749,-0.9839811242651194,0.4073893427848816
101,1810,138.34834773,827392,457,1401.09,4.341350173018872,0.3883017301559448,1000,0.2,-0.01098193107154657,0.035199102,0.0003,0.23597412109375,0.7717908620834351,-0.957392479898408,0.28034162521362305
102,1826,142.50094596,835584,457,1440.17,4.212180414097384,0.3872554302215576,1010,0.2,-0.012620408307338949,0.03947089,0.0003,0.25009765625,0.7646999955177307,-0.9482934520579874,0.3268732726573944
103,1842,142.21330377,843776,458,1440.28,7.885344291198999,0.38888585567474365,1020,0.2,-0.011790034023943009,0.029605404,0.0003,0.2102783203125,0.7134586572647095,-0.9424747135490179,1.8702185153961182
104,1858,145.67790538,851968,458,1473.49,2.6897737161954867,0.38108450174331665,1030,0.2,-0.01475611832265713,0.04728569,0.0003,0.28477783203125,0.7517268061637878,-0.9221974442712962,0.40687617659568787
105,1874,149.00082225,860160,458,1503.02,2.2422365663573145,0.3748120367527008,1040,0.2,-0.013890115139292902,0.03899917,0.0003,0.27392578125,0.7864915728569031,-0.8880902649369091,0.406384140253067
106,1890,152.22736903000003,868352,459,1532.81,2.835368966939859,0.37354207038879395,1050,0.2,-0.014139089641685133,0.039433844,0.0003,0.24840087890625,0.6631720066070557,-0.8661470960825681,0.7254051566123962
107,1906,154.92954892,876544,459,1559.24,2.203892882121727,0.37265974283218384,1060,0.2,-0.010282910783826083,0.044291742,0.0003,0.25960693359375,0.811970055103302,-0.8651431796140969,0.19798891246318817
108,1920,159.97368165,884736,460,1605.8,1.2375583577086218,0.36971229314804077,1070,0.2,-0.010322637510762433,0.04224361,0.0003,0.28642578125,0.5022846460342407,-0.8536411189939827,0.7683781385421753
109,1933,165.32836084,892928,461,1656.2,3.252029600855894,0.3697797656059265,1080,0.2,-0.011308429757264093,0.039541245,0.0003,0.25865478515625,0.39787524938583374,-0.8466366219799966,0.2095177173614502
110,1946,168.12334476,901120,462,1681.95,3.4047740580979733,0.36814114451408386,1090,0.2,-0.007537364282507042,0.036715318,0.0003,0.2673828125,0.43829768896102905,-0.8420823902357369,0.13079920411109924
111,1959,169.1820986,909312,463,1691.61,2.2747714135679415,0.37158435583114624,1100,0.2,-0.009440572692255955,0.034636825,0.0003,0.24735107421875,0.7847787141799927,-0.8464810701552778,1.0266804695129395
112,1972,173.23045697999999,917504,465,1729.06,5.122485496220179,0.3676585555076599,1110,0.2,-0.014304861618438736,0.034117144,0.0003,0.21383056640625,0.7521389722824097,-0.8446066988632083,2.5271692276000977
113,1985,175.47667140000001,925696,466,1748.13,3.7350231806049123,0.37250226736068726,1120,0.2,-0.005403566056884301,0.03841284,0.0003,0.288671875,0.6357828378677368,-0.8532075246330351,0.40155351161956787
114,1998,178.83709567000002,933888,467,1777.87,7.8172786545939745,0.36815887689590454,1130,0.2,-0.013813491168002656,0.03551369,0.0003,0.19263916015625,0.6975053548812866,-0.8495099721942097,4.037377834320068
115,2011,181.29754485999993,942080,468,1802.6,2.6898437642026694,0.3672531843185425,1140,0.2,-0.008262664571157074,0.047116186,0.0003,0.279638671875,0.6564836502075195,-0.8414827642962337,0.5011209845542908
116,2024,183.63214095,950272,469,1825.19,8.295537962717935,0.3651508688926697,1150,0.2,-0.008387494445196353,0.045108587,0.0003,0.23087158203125,0.6276611089706421,-0.8227530549280345,1.827222228050232
117,2037,187.17063928999997,958464,470,1855.79,5.324030248774216,0.36542123556137085,1160,0.2,-0.00945120587693964,0.03889177,0.0003,0.26485595703125,0.7299656867980957,-0.8202522293664515,0.8471586108207703
118,2052,189.20456013000003,966656,471,1872.1,3.9000411438988523,0.3647691607475281,1170,0.2,-0.013294095070523326,0.04021906,0.0003,0.28668212890625,0.729529857635498,-0.8240342329721898,4.748812198638916
119,2067,192.88318952000006,974848,471,1905.28,3.5566827617003582,0.35739678144454956,1180,0.2,-0.010576634335120617,0.046564452,0.0003,0.31077880859375,0.5319181680679321,-0.797941351030022,0.23759782314300537
120,2083,195.14229700000004,983040,471,1925.69,0.686408786161337,0.35144561529159546,1190,0.2,-0.014314244970228174,0.04306476,0.0003,0.31947021484375,0.6393425464630127,-0.7653513426426798,0.17083211243152618
121,2098,200.09305662999995,991232,472,1970.4,0.5864805344492197,0.3478921055793762,1200,0.2,-0.012093794944939873,0.037203453,0.0003,0.2697021484375,0.6335855722427368,-0.7384635624475777,0.11912676692008972
122,2114,204.84146368,999424,472,2011.06,2.240033995686099,0.3412743806838989,1210,0.2,-0.014788038283222704,0.041503116,0.0003,0.25955810546875,0.6967010498046875,-0.7076997626107187,5.255029201507568
123,2129,202.01341972000003,1007616,473,1982.5,2.4544043099158444,0.33454596996307373,1220,0.2,-0.015379347520502051,0.040145442,0.0003,0.27218017578125,0.7824366688728333,-0.6726562801748515,1.5992428064346313
124,2145,202.89696892999996,1015808,473,1988.27,7.757106209406629,0.3309797942638397,1230,0.2,-0.011424328071188938,0.041267324,0.0003,0.23287353515625,0.6167163848876953,-0.6392782024573535,0.7881223559379578
125,2160,205.73471222999996,1024000,473,2012.44,1.1750724206620362,0.3247017562389374,1240,0.2,-0.015452765498230292,0.052585207,0.0003,0.29716796875,0.7776999473571777,-0.6072432330809534,0.0995565727353096
126,2176,207.66189248000003,1032192,474,2028.76,3.7791969131561927,0.32777366042137146,1250,0.2,-0.011439526273716184,0.03774035,0.0003,0.2541259765625,0.7031782865524292,-0.6051027765963226,0.18581727147102356
127,2191,210.08940406999997,1040384,474,2050.29,6.299293701979332,0.32729291915893555,1260,0.2,-0.006879357789330243,0.02911345,0.0003,0.2271728515625,0.7095494866371155,-0.6045163403265178,1.409416913986206
128,2207,209.77266769999997,1048576,475,2043.68,1.7503072632243857,0.3227909803390503,1270,0.2,-0.008252263968006445,0.051457893,0.0003,0.32669677734375,0.6806104183197021,-0.5912287753075361,0.09815292060375214
129,2222,211.7806253,1056768,475,2058.82,3.585910169547424,0.31939202547073364,1280,0.2,-0.00936171005214419,0.04015608,0.0003,0.30172119140625,0.7295955419540405,-0.5680167993996292,0.23609554767608643
130,2238,214.71359608000006,1064960,475,2086.65,0.7451952741132117,0.3095425069332123,1290,0.2,-0.009354889513724629,0.042314734,0.0003,0.305224609375,0.6634616851806641,-0.5202650486957282,0.23516426980495453
131,2254,214.68648878,1073152,476,2086.65,3.2719106622389518,0.30560559034347534,1300,0.2,-0.007394486069370032,0.04472118,0.0003,0.25955810546875,0.7013982534408569,-0.48428268465213475,0.13870641589164734
132,2269,215.72238150999993,1081344,476,2092.08,0.2848992000799626,0.29886752367019653,1310,0.2,-0.011928047456422064,0.049282007,0.0003,0.3166015625,0.617565929889679,-0.4406644185073674,0.024794619530439377
133,2285,216.4857908,1089536,476,2097.44,10.732860395708121,0.3021519184112549,1320,0.2,-0.010828259341724333,0.03051811,0.0003,0.231103515625,0.7435144782066345,-0.43474249318242075,0.44453221559524536
134,2301,218.07636489,1097728,477,2111.05,0.9867414122563787,0.29961836338043213,1330,0.2,-0.010759824988235777,0.044170126,0.0003,0.31123046875,0.8377760648727417,-0.4389321672264487,0.16397203505039215
135,2316,220.97126399,1105920,477,2134.87,3.089190266269725,0.2983275055885315,1340,0.2,-0.0058303732019794555,0.03642222,0.0003,0.26512451171875,0.5435599684715271,-0.4219740282278508,0.2042253464460373
136,2332,219.24316046000004,1114112,477,2116.86,0.7988685969554353,0.2917725145816803,1350,0.2,-0.014359418107414968,0.057776373,0.0003,0.31424560546875,0.7361161112785339,-0.39829839090816677,0.10246670991182327
137,2347,222.26773734,1122304,478,2142.25,3.836974806676153,0.2906906008720398,1360,0.2,-0.007429323998985637,0.045757838,0.0003,0.27030029296875,0.6695744395256042,-0.36980226477608086,0.3862791061401367
138,2363,226.24576528999998,1130496,478,2178.47,7.84840224145446,0.289631187915802,1370,0.2,-0.004895766394292877,0.04555008,0.0003,0.27864990234375,0.7063645124435425,-0.3634495958685875,0.9648088216781616
139,2379,224.53334573999996,1138688,478,2161.57,0.6815663803368807,0.2883678674697876,1380,0.2,-0.01249989502812241,0.061185636,0.0003,0.3508056640625,0.5616987943649292,-0.3579180653207004,0.1667928397655487
140,2395,229.26637800999998,1146880,478,2204.83,4.430273913335986,0.2867826819419861,1390,0.2,-0.010871550820684205,0.054853,0.0003,0.270849609375,0.4435136914253235,-0.35028429366648195,0.3435490131378174
141,2410,228.96282483000002,1155072,479,2202.0,3.7014291372033767,0.28535330295562744,1400,0.2,-0.006542670424460084,0.047912866,0.0003,0.30191650390625,0.7595519423484802,-0.34140825029462574,0.5517022609710693
142,2427,229.73160152,1163264,479,2207.06,6.755935625359416,0.285556435585022,1410,0.2,-0.011170322341331484,0.04234187,0.0003,0.26251220703125,0.7392065525054932,-0.330890011228621,1.0710837841033936
143,2443,234.18120469,1171456,479,2247.05,10.173271963978186,0.2858114242553711,1420,0.2,-0.008435296819152427,0.048080295,0.0003,0.26988525390625,0.7709094882011414,-0.32987246606498954,0.3966831862926483
144,2458,231.34308964,1179648,479,2219.49,0.7868868288118392,0.27898722887039185,1430,0.2,-0.011546435853961156,0.05671844,0.0003,0.37301025390625,0.3201525807380676,-0.29952521026134493,0.3334236145019531
145,2475,231.69545002999996,1187840,479,2225.22,5.760068695945665,0.27950090169906616,1440,0.2,-0.012103961328648438,0.046334542,0.0003,0.24619140625,0.7653726935386658,-0.2836872335523367,8.902807235717773
146,2490,221.46141259000004,1196032,480,2130.14,3.1855849441373723,0.28112363815307617,1450,0.2,-0.00859357286190061,0.053323194,0.0003,0.283837890625,0.8244535326957703,-0.29819369670003654,3.7118477821350098
147,2506,222.63737795999998,1204224,480,2141.4,10.970382537599653,0.28224295377731323,1460,0.2,-0.00842204719374422,0.035805568,0.0003,0.226953125,0.7744623422622681,-0.2964631523005664,3.8291735649108887
148,2522,222.50292925999997,1212416,480,2142.86,3.193140343890991,0.2830970287322998,1470,0.2,-0.003181529765515734,0.05571565,0.0003,0.33309326171875,0.8551521301269531,-0.30383158177137376,0.3956599235534668
149,2537,222.84542265000005,1220608,480,2148.38,8.133222144492901,0.2793805003166199,1480,0.2,-0.006005870469562069,0.058849256,0.0003,0.2945068359375,0.6223682165145874,-0.2941109599545598,1.1603020429611206
150,2553,220.52052790999997,1228800,481,2128.38,3.8201082180254162,0.2762864828109741,1490,0.2,-0.0069795665211131565,0.0688186,0.0003,0.34864501953125,0.7971341013908386,-0.26539637325331566,0.2693633437156677
151,2568,218.18429883999997,1236992,481,2106.89,4.8960101682459936,0.27322229743003845,1500,0.2,-0.00912131631612283,0.057862476,0.0003,0.28631591796875,0.832148015499115,-0.24724092138931156,0.6045998930931091
152,2583,218.02442551000001,1245184,481,2102.79,9.129434617119841,0.2713947594165802,1510,0.2,-0.0029146691014830138,0.050239965,0.0003,0.3037353515625,0.8038148880004883,-0.21728309774771332,0.6107426285743713
153,2599,220.14436958,1253376,482,2121.9,8.718863212550058,0.2716699242591858,1520,0.2,-0.003388739327965595,0.054732464,0.0003,0.27158203125,0.6606123447418213,-0.2202515452168882,1.6129721403121948
154,2618,215.22557444999998,1261568,481,2077.0,9.554531313292681,0.2701270580291748,1530,0.2,-0.009571207467070053,0.066916294,0.0003,0.32080078125,0.7782624959945679,-0.21434956472367048,2.618756055831909
155,2636,214.1705606,1269760,481,2065.69,6.710436626616866,0.27104732394218445,1540,0.2,-0.0025859963342554694,0.06894042,0.0003,0.34473876953125,0.7259584069252014,-0.20779338348656892,0.9810711741447449
156,2661,208.95842587000004,1277952,480,2016.55,10.563383860094472,0.2675657272338867,1550,0.2,-0.004995454773779784,0.062093236,0.0003,0.34012451171875,0.7533431053161621,-0.19628654029220344,0.949195384979248
157,2680,204.04067555,1286144,479,1971.32,15.566198053583502,0.2686622738838196,1560,0.2,-0.005971150794357527,0.052861292,0.0003,0.296142578125,0.5363094806671143,-0.18676892928779126,1.073953628540039
158,2697,195.96339018000003,1294336,479,1898.28,6.872149044973776,0.273750901222229,1570,0.2,-0.004973128082383482,0.055725068,0.0003,0.29927978515625,0.7976065278053284,-0.21496824622154237,1.780165195465088
159,2714,194.30984531,1302528,479,1881.48,9.461798446346075,0.2772734761238098,1580,0.2,-0.0055994736581851615,0.052612133,0.0003,0.29051513671875,0.7096759080886841,-0.2459798876196146,1.7984505891799927
160,2732,194.10711453999997,1310720,479,1878.12,11.211215664632618,0.27569571137428284,1590,0.2,-0.008791030676547962,0.054130048,0.0003,0.27265625,0.770699143409729,-0.2479564188979566,2.357607364654541
161,2749,188.58450181,1318912,479,1825.94,13.031055167783052,0.2785589396953583,1600,0.2,-0.006430359766636684,0.05285427,0.0003,0.27152099609375,0.753178596496582,-0.2534952890127897,5.387558937072754
162,2765,182.86547382000003,1327104,479,1773.39,10.91713104294613,0.27861663699150085,1610,0.2,-0.008732640568450734,0.062245063,0.0003,0.3367919921875,0.7408326268196106,-0.2689943352714181,1.3861615657806396
163,2781,184.26562410999995,1335296,480,1784.97,8.405799991404638,0.2783859372138977,1620,0.2,-0.006000575372490857,0.06438879,0.0003,0.31424560546875,0.8113545775413513,-0.2712840230204165,14.506048202514648
164,2797,179.56065470000004,1343488,480,1742.9,10.4735489285551,0.27783823013305664,1630,0.2,-0.0022724078358805854,0.070195094,0.0003,0.33896484375,0.5709130764007568,-0.26365102445706723,1.9601027965545654
165,2814,181.35848048,1351680,480,1760.98,12.056697508925572,0.28083956241607666,1640,0.2,-0.007331419919501059,0.057827253,0.0003,0.31541748046875,0.7612259387969971,-0.27364675477147105,0.5366583466529846
166,2831,179.04556791,1359872,480,1738.0,5.1998066986911,0.27973705530166626,1650,0.2,-0.001958313195427763,0.0519125,0.0003,0.3517333984375,0.754462718963623,-0.2883313875645399,0.36432912945747375
167,2851,183.36204422000003,1368064,479,1777.86,11.50697425501421,0.2784050703048706,1660,0.2,-0.006775567755539669,0.032627378,0.0003,0.249267578125,0.6768953800201416,-0.27755990969017147,7.051275730133057
168,2869,185.32065390000002,1376256,479,1796.03,5.635128632560372,0.2770576775074005,1670,0.2,-0.0076358521294423555,0.060614854,0.0003,0.33988037109375,0.7353420257568359,-0.26993849091231825,2.4806363582611084
169,2886,180.71045033,1384448,479,1752.52,2.523958667763509,0.27584877610206604,1680,0.2,-0.005482189675967674,0.05897566,0.0003,0.33663330078125,0.8134231567382812,-0.2650428432971239,0.3548737168312073
170,2902,174.06529773999998,1392640,479,1690.16,10.451040733931587,0.2748672366142273,1690,0.2,-0.008871909080517071,0.051906593,0.0003,0.2762939453125,0.7129062414169312,-0.25310543440282346,2.9773669242858887
171,2920,174.38368335999996,1400832,479,1693.08,9.788622976280749,0.27445781230926514,1700,0.2,-0.008001867301936727,0.044753168,0.0003,0.24256591796875,0.7747762203216553,-0.23894437020644546,1.4574522972106934
172,2937,172.28565228999997,1409024,479,1676.72,9.656037467578425,0.27650392055511475,1710,0.2,-0.00531241349526681,0.05608374,0.0003,0.32606201171875,0.6398123502731323,-0.24615693083032966,9.829780578613281
173,2953,167.49418178000005,1417216,479,1636.0,7.865023313602433,0.27723807096481323,1720,0.2,-0.007690246102538367,0.050913423,0.0003,0.2640380859375,0.7807045578956604,-0.2625511545687914,1.1543391942977905
174,2969,169.10616789999997,1425408,480,1652.75,10.584142997115851,0.2785790264606476,1730,0.2,-0.008727302147235605,0.04717152,0.0003,0.2672119140625,0.7396098971366882,-0.26590023273602126,0.9355994462966919
175,2985,165.85043592000002,1433600,480,1626.02,9.992926383577288,0.2775600552558899,1740,0.2,-0.011520762830878084,0.04604355,0.0003,0.28045654296875,0.7941815853118896,-0.262305320519954,0.6994801759719849
176,3001,164.79648989999998,1441792,480,1620.4,13.587527430430054,0.27308234572410583,1750,0.2,-0.009256912556156748,0.045746118,0.0003,0.2549560546875,0.7264243364334106,-0.24351350953802467,2.8260719776153564
177,3017,166.06099735000004,1449984,480,1635.78,5.94156707637012,0.27296721935272217,1760,0.2,-0.007024634324989165,0.06695661,0.0003,0.36002197265625,0.8809482455253601,-0.23101962534710765,1.7279012203216553
178,3033,166.38769193,1458176,480,1641.13,6.997175020584836,0.27071255445480347,1770,0.2,-0.0055231231828656744,0.052260958,0.0003,0.3039306640625,0.7613853216171265,-0.2250334808602929,2.10964035987854
179,3049,167.83463448000003,1466368,480,1659.39,6.072738081449643,0.2650683522224426,1780,0.2,-0.007412051855953905,0.06315248,0.0003,0.317919921875,0.7862292528152466,-0.1929946504533291,1.0202045440673828
180,3065,168.65984062999996,1474560,480,1670.4,15.8731445861049,0.2654327154159546,1790,0.2,-0.003519474929998978,0.054889247,0.0003,0.3068115234375,0.7402316331863403,-0.17523848796263336,6.834198951721191
181,3081,171.52128203,1482752,481,1701.03,6.432658063108102,0.2631987929344177,1800,0.2,-0.012947617587087734,0.05195638,0.0003,0.2922607421875,0.8169031143188477,-0.16328573003411292,0.848602294921875
182,3097,172.74738150999997,1490944,481,1716.13,4.18041830023285,0.26169559359550476,1810,0.2,-0.009275081239866267,0.05800369,0.0003,0.3659912109375,0.8465558886528015,-0.15134236812591553,3.9266672134399414
183,3113,177.82980177000005,1499136,481,1768.02,5.0891785441432145,0.2583620250225067,1820,0.2,-0.01063494522459223,0.052635662,0.0003,0.312646484375,0.779420018196106,-0.1357553348876536,0.3656133711338043
184,3129,181.55721482,1507328,481,1807.76,2.655041604698636,0.2575910687446594,1830,0.2,-0.0057291937300760765,0.051343396,0.0003,0.32021484375,0.6460493803024292,-0.11751126470044256,0.4548909068107605
185,3145,184.56129549000002,1515520,481,1840.22,2.5857824412873014,0.25329726934432983,1840,0.2,-0.008520942211271176,0.055134572,0.0003,0.31907958984375,0.8611685037612915,-0.1012474486604333,0.20684079825878143
186,3161,186.64593061000008,1523712,481,1865.0,4.680639544874429,0.25078824162483215,1850,0.2,-0.010038647889814456,0.056830406,0.0003,0.3102783203125,0.7845643162727356,-0.07655963394790888,0.18523746728897095
187,3177,188.57028139,1531904,482,1888.37,1.8383845342090352,0.24523749947547913,1860,0.2,-0.00962523517318914,0.056997627,0.0003,0.31068115234375,0.7263179421424866,-0.03897992288693786,0.503878116607666
188,3193,193.99589494999998,1540096,482,1942.35,8.563661237177438,0.24233023822307587,1870,0.2,-0.006050810525630368,0.03868676,0.0003,0.2865966796875,0.8148495554924011,-0.00994678558781743,0.28084397315979004
189,3210,196.42433949,1548288,482,1967.16,0.764095953735523,0.23739755153656006,1880,0.2,-0.012098598551347095,0.05924839,0.0003,0.3397216796875,0.8573147654533386,0.024156754091382026,0.18148940801620483
190,3225,199.59650662999994,1556480,482,1999.96,0.49176095860311764,0.23189179599285126,1890,0.2,-0.015929259155745966,0.049318124,0.0003,0.31729736328125,0.8991100788116455,0.0795967623591423,0.06325735151767731
191,3243,201.03266775999998,1564672,482,2016.83,2.4063856993219814,0.22889454662799835,1900,0.2,-0.010252933348965598,0.04695707,0.0003,0.29111328125,0.683134913444519,0.10454977741464973,0.20360693335533142
192,3260,199.77392906999998,1572864,482,2009.46,0.8730709381692577,0.2244311422109604,1910,0.2,-0.010837770016223658,0.046491697,0.0003,0.3076904296875,0.6463278532028198,0.1410773520357907,0.20696935057640076
193,3278,203.24001708,1581056,482,2045.81,1.9284616514923982,0.21834266185760498,1920,0.2,-0.009688849692793156,0.052795526,0.0003,0.29649658203125,0.6453022956848145,0.18638655329123138,0.17821936309337616
194,3295,205.66887329000002,1589248,482,2070.01,1.8256773432018236,0.21741677820682526,1930,0.2,-0.010509813851058425,0.0651264,0.0003,0.31453857421875,0.7659772634506226,0.20804709391668438,0.32874295115470886
195,3312,209.70680045999998,1597440,482,2111.0,3.2525860641966573,0.21541336178779602,1940,0.2,-0.008865739009343088,0.06095256,0.0003,0.3460205078125,0.7415914535522461,0.22354612341150643,0.18492043018341064
196,3329,213.26633042999998,1605632,482,2146.32,0.448245537414914,0.21106216311454773,1950,0.2,-0.014618442926257557,0.06205987,0.0003,0.337109375,0.635299026966095,0.2527341448701918,0.03746277466416359
197,3346,218.47141685,1613824,482,2198.3,0.7133072172990069,0.2078779935836792,1960,0.2,-0.016344489593757318,0.07436137,0.0003,0.32183837890625,0.7960935235023499,0.2906818866729736,0.005442596971988678
198,3362,218.73556442999995,1622016,482,2201.53,2.90668011966045,0.20619168877601624,1970,0.2,-0.012730600643408252,0.06587082,0.0003,0.32301025390625,0.7898826003074646,0.31545373918488623,0.08281583338975906
199,3379,223.79977637,1630208,482,2248.94,3.2116802583739625,0.20478835701942444,1980,0.2,-0.015692018804111287,0.05315241,0.0003,0.3388916015625,0.40786123275756836,0.33073297422379255,0.0842524915933609
200,3395,224.71182540999996,1638400,482,2258.32,3.665745013614651,0.20224206149578094,1990,0.2,-0.011634356476315588,0.059104737,0.0003,0.3060546875,0.7217642664909363,0.3551134139299393,8.907594680786133
201,3412,228.32407487999998,1646592,482,2291.74,5.950721847219393,0.20210103690624237,2000,0.2,-0.005119712708074075,0.07032268,0.0003,0.28389892578125,0.744171142578125,0.363782000541687,0.5695562362670898
202,3429,233.55775262,1654784,482,2339.35,3.163573400210589,0.2009134590625763,2010,0.2,-0.0047714523981994715,0.08379707,0.0003,0.34599609375,0.5374288558959961,0.3613569151610136,0.29258331656455994
203,3447,234.67231687999995,1662976,482,2350.36,1.3763433334068396,0.19965070486068726,2020,0.2,-0.006387856420769822,0.090712816,0.0003,0.38427734375,0.7786098718643188,0.37311243191361426,0.6789449453353882
204,3463,239.04586191,1671168,482,2391.7,0.34180446123937147,0.19583654403686523,2030,0.2,-0.013401786676695338,0.07702516,0.0003,0.3830322265625,0.8068256378173828,0.4036935118958354,0.0691974088549614
205,3478,243.5033115,1679360,482,2434.42,2.806190016627079,0.19237291812896729,2040,0.2,-0.007377823589013133,0.059757836,0.0003,0.332080078125,0.3575911521911621,0.4390749948564917,0.27564531564712524
206,3494,246.82899023,1687552,482,2466.72,3.6022108286619186,0.18995434045791626,2050,0.2,-0.007239397133889725,0.05349154,0.0003,0.322216796875,0.7971991300582886,0.4721867899410427,0.1847071349620819
207,3510,251.61606330999996,1695744,483,2509.94,1.4411826147406828,0.18901728093624115,2060,0.2,-0.0023421418533871472,0.062669165,0.0003,0.37447509765625,0.6971843838691711,0.48792089498601854,0.2316584587097168
208,3526,253.02171155999997,1703936,483,2522.4,0.33112906125024893,0.18908843398094177,2070,0.2,-0.007161054423886526,0.057955563,0.0003,0.3763671875,0.7419637441635132,0.4925885002594441,0.03483682498335838
209,3542,256.31702786,1712128,483,2552.4,2.642722052917816,0.1892527937889099,2080,0.2,-0.005059161912504351,0.054004036,0.0003,0.29407958984375,0.8460220694541931,0.4901146662887186,0.2953327000141144
210,3558,257.80966758,1720320,483,2564.56,1.8070455424371175,0.18982434272766113,2090,0.2,0.0022227279736398487,0.06265596,0.0003,0.3730712890625,0.4517383575439453,0.4903142093680799,0.20626342296600342
211,3574,257.87848812,1728512,483,2564.6,3.1782104718207846,0.1880100965499878,2100,0.2,-0.013100786485847494,0.08400116,0.0003,0.30946044921875,0.6925560832023621,0.49105873475782574,0.3594614267349243
212,3591,258.72803560000006,1736704,483,2572.23,3.1193986974074503,0.186661958694458,2110,0.2,-0.003358705582104449,0.07696831,0.0003,0.3872802734375,0.5334049463272095,0.506026400718838,0.12752240896224976
213,3609,254.87860145,1744896,483,2532.49,2.7788090707850643,0.1852695643901825,2120,0.2,-0.004331770135650004,0.12508518,0.0003,0.3720703125,0.6945459246635437,0.5191159641835839,0.18499398231506348
214,3626,250.51595584999995,1753088,483,2487.09,8.20096551720053,0.1844349205493927,2130,0.2,-0.0032505636067071465,0.08434366,0.0003,0.28648681640625,0.7091428637504578,0.5398751167114824,1.0845900774002075
215,3645,250.92721866000002,1761280,483,2485.99,5.233314429665915,0.18659177422523499,2140,0.2,-0.004470493726148561,0.10748947,0.0003,0.391552734375,0.7445935606956482,0.5284061546437442,0.22607174515724182
216,3662,253.46549923999999,1769472,483,2507.79,3.1717760351952164,0.18597692251205444,2150,0.2,-0.002652098714679596,0.06877276,0.0003,0.368798828125,0.7386791706085205,0.5190154903102666,0.5601059198379517
217,3680,254.04619567,1777664,483,2507.79,2.3726332193939017,0.18542909622192383,2160,0.2,-0.0038546392122952968,0.07426743,0.0003,0.3625732421875,0.2523233890533447,0.5304617570247501,0.537394642829895
218,3696,257.32619337000006,1785856,483,2534.84,0.7277710203838069,0.18340057134628296,2170,0.2,-0.0032299479034008983,0.073992714,0.0003,0.40499267578125,0.5679970383644104,0.5406656777951866,0.2127002775669098
219,3713,255.36247413,1794048,483,2512.49,0.7195267369272187,0.18022359907627106,2180,0.2,-0.006968522285023937,0.07320471,0.0003,0.3864990234375,0.7369073629379272,0.5736796151846647,0.1700582504272461
220,3729,253.70518299,1802240,483,2494.51,0.5692277804831974,0.1765163391828537,2190,0.2,-0.010511864477666676,0.055891246,0.0003,0.3520751953125,0.82793128490448,0.606997101707384,0.136921226978302
221,3746,255.91254260999997,1810432,483,2512.76,2.914195436926093,0.17439749836921692,2200,0.2,-0.0015468703659280436,0.093420215,0.0003,0.35567626953125,0.794826865196228,0.6388059442862868,1.5094667673110962
222,3763,256.12564073,1818624,483,2512.76,3.3964004790293982,0.1740821897983551,2210,0.2,-0.005665682047219889,0.06593258,0.0003,0.3450927734375,0.7749516367912292,0.6520062219817191,0.3719937205314636
223,3778,258.66988562,1826816,483,2531.87,0.30119898737757467,0.16977135837078094,2220,0.2,-0.004635800101459609,0.07955833,0.0003,0.4141357421875,0.6285623908042908,0.6875830078031868,0.18632075190544128
224,3795,260.03726850000004,1835008,483,2540.67,0.9323272922891193,0.16858722269535065,2230,0.2,-0.011370385703958163,0.088899985,0.0003,0.37149658203125,0.5833641290664673,0.7144124381244182,0.09239420294761658
225,3812,258.24751976,1843200,483,2522.82,0.1581777721265098,0.16844400763511658,2240,0.2,-0.011762369830830722,0.07549627,0.0003,0.38848876953125,0.8277115821838379,0.7167930892668665,0.03491920232772827
226,3828,256.05192322000005,1851392,483,2499.15,1.0102810139680514,0.1652960479259491,2250,0.2,-0.008227872110001044,0.07623434,0.0003,0.35570068359375,0.2118123173713684,0.7454617234878242,0.017738420516252518
227,3845,255.24420639000004,1859584,483,2488.96,1.520929159602383,0.16269052028656006,2260,0.2,-0.008929652751703543,0.0702638,0.0003,0.3636962890625,0.5115407705307007,0.7798039872664958,0.10119737684726715
228,3861,253.19829113,1867776,483,2465.92,0.8870306789234746,0.1600463092327118,2270,0.2,-0.009220374793949304,0.09282136,0.0003,0.3767333984375,0.7765030860900879,0.806178541155532,0.09106844663619995
229,3877,252.96562699000003,1875968,483,2463.36,5.020541225187481,0.1583513468503952,2280,0.2,-0.00971098129866732,0.06426467,0.0003,0.30216064453125,0.7203933000564575,0.8349797222297639,1.162673830986023
230,3894,253.60080596000003,1884160,483,2467.92,1.3955037156294565,0.15733706951141357,2290,0.2,0.0011929744852750446,0.10668907,0.0003,0.4203369140625,0.7083854675292969,0.840869375364855,0.11869396269321442
231,3910,253.72828175000006,1892352,483,2467.96,4.648470220703166,0.1573205292224884,2300,0.2,-0.00908563419325219,0.09285523,0.0003,0.31048583984375,0.813880205154419,0.8662881987169385,1.0815646648406982
232,3927,253.30613310000004,1900544,483,2463.13,2.9313369025476277,0.1579095423221588,2310,0.2,0.00585505456424471,0.10223517,0.0003,0.43018798828125,0.7601313591003418,0.8558957069646567,0.3548133373260498
233,3943,250.93907038000006,1908736,483,2438.85,1.3295887224900071,0.1567535400390625,2320,0.2,-0.0014389218404176063,0.09365324,0.0003,0.42735595703125,0.8009716272354126,0.8554697426967323,0.20271587371826172
234,3960,253.12509984999997,1916928,484,2456.26,1.2830577668501064,0.15531358122825623,2330,0.2,-0.004611772596035735,0.07706632,0.0003,0.409130859375,0.4399459958076477,0.8790720039047301,0.08807003498077393
235,3976,253.09039967999996,1925120,484,2452.84,0.558888774033403,0.1532680094242096,2340,0.2,-0.006937279881094582,0.08247756,0.0003,0.40218505859375,0.33975332975387573,0.8907901059370488,0.03916570544242859
236,3992,251.59828998999998,1933312,484,2436.79,2.180180270795245,0.1518608033657074,2350,0.2,-0.003323011813336052,0.07058655,0.0003,0.37823486328125,0.7828680276870728,0.9139571173582226,0.8459609150886536
237,4009,251.47162098999996,1941504,484,2434.11,2.809808946540579,0.1499698907136917,2360,0.2,-0.004383756191782595,0.07827973,0.0003,0.4002197265625,0.8676797151565552,0.9437003418803215,1.0366264581680298
238,4025,253.42750103999995,1949696,484,2450.38,1.5879307606373914,0.1475357860326767,2370,0.2,-0.004138662453351571,0.0871691,0.0003,0.402392578125,0.8903632760047913,0.968065748270601,0.0532597079873085
239,4042,252.76273579999997,1957888,484,2445.16,4.945451824238989,0.14735934138298035,2380,0.2,-0.002630782025153167,0.08606762,0.0003,0.3920166015625,0.0009118318557739258,0.9846889309585094,0.24332410097122192
240,4059,254.17334526,1966080,484,2457.71,5.833096656273119,0.1475944221019745,2390,0.2,-0.008119666311904439,0.09024725,0.0003,0.35316162109375,0.7958970665931702,0.9824600168969482,0.26716503500938416
241,4075,254.22189067,1974272,484,2457.71,7.867452164471615,0.14968329668045044,2400,0.2,0.004539452136305045,0.09139678,0.0003,0.40521240234375,0.7017825841903687,0.9786779134534299,1.337929606437683
242,4092,257.03363859,1982464,484,2483.46,1.6707299253321253,0.14872127771377563,2410,0.2,0.0023123798127016927,0.09370542,0.0003,0.4462890625,0.32310497760772705,0.9654821584001183,0.28534743189811707
243,4108,257.66465073,1990656,484,2486.09,3.4548609625082465,0.14904239773750305,2420,0.2,-0.0006171056709717959,0.09055741,0.0003,0.42022705078125,0.7913788557052612,0.9725868137553334,1.5323930978775024
244,4124,263.63484355,1998848,484,2539.36,3.7141697571263648,0.1494220644235611,2430,0.2,0.00248491320589892,0.11608798,0.0003,0.4089111328125,0.7813680171966553,0.9641088559757918,1.2436400651931763
245,4141,263.58170708,2007040,484,2539.36,2.6702139180968514,0.14991015195846558,2440,0.2,0.0020148430823610395,0.0942155,0.0003,0.418994140625,0.31509852409362793,0.9672864725813269,0.34543612599372864
