time/time_elapsed,time/total_timesteps,rollout/ep_len_mean,rollout/ep_rew_mean,time/fps,time/iterations,train/n_updates,train/clip_range,train/std,train/learning_rate,train/entropy_loss,train/clip_fraction,train/loss,train/approx_kl,train/value_loss,train/explained_variance,train/policy_gradient_loss
10,8192,166.30612244897958,1.0517384693877552,800,1,,,,,,,,,,,
25,16384,171.89473684210526,1.4439711578947367,631,2,10,0.2,1.0326285362243652,0.0003,-2.8821685476228596,0.05657958984375,-0.008765216916799545,0.00675872,0.16629964795138222,-0.3426964282989502,-0.007665665462991455
42,24576,180.49,2.16706578,573,3,20,0.2,1.042728066444397,0.0003,-2.9069072835147383,0.08375244140625,0.006178081035614014,0.008321157,0.07708700958610279,0.7212938070297241,-0.011567881256269175
59,32768,194.52,3.5797806399999996,552,4,30,0.2,1.0399329662322998,0.0003,-2.914288640208542,0.10140380859375,0.040988754481077194,0.0090475585,0.16959268831415103,0.8410409688949585,-0.01370630221317697
75,40960,236.49,7.272288950000001,544,5,40,0.2,1.021261215209961,0.0003,-2.891472582705319,0.11002197265625,0.09412437677383423,0.010831201,0.2735378800018225,0.8130147457122803,-0.013908116765014711
91,49152,270.73,10.501688309999999,537,6,50,0.2,1.0132228136062622,0.0003,-2.8706364914774896,0.10067138671875,0.06612285226583481,0.010241846,0.2780064436985413,0.7639605402946472,-0.013443377325529582
108,57344,300.36,13.56819814,526,7,60,0.2,0.9992798566818237,0.0003,-2.844561083056033,0.105029296875,0.08501651138067245,0.010435445,0.3227812540892046,0.8088005185127258,-0.014140028241672552
127,65536,345.45,18.237976600000003,514,8,70,0.2,0.9805905818939209,0.0003,-2.80978226903826,0.120849609375,0.46257203817367554,0.011711154,0.47482045567594466,0.7934192419052124,-0.01484269493375905
145,73728,379.28,22.09679646,506,9,80,0.2,0.9676995277404785,0.0003,-2.7792042698711157,0.11038818359375,0.15215609967708588,0.010480948,0.376532106770901,0.7981724143028259,-0.012126005301615806
164,81920,395.59,24.602258849999995,499,10,90,0.2,0.945712685585022,0.0003,-2.738298169337213,0.114892578125,0.09834981709718704,0.012706162,0.44868688761489467,0.7996776700019836,-0.013366040411710856
182,90112,426.9,28.344766079999996,494,11,100,0.2,0.934178352355957,0.0003,-2.709563277103007,0.11043701171875,0.14160096645355225,0.010268768,0.413614506169688,0.8287619352340698,-0.012061577207350637
199,98304,462.25,32.89827290000001,492,12,110,0.2,0.912803053855896,0.0003,-2.673642419464886,0.1305419921875,0.2070498764514923,0.014240472,0.43776909735170194,0.8165030479431152,-0.01410145499103237
217,106496,481.4,35.76270847,489,13,120,0.2,0.8986528515815735,0.0003,-2.6382449040189386,0.11033935546875,0.050044186413288116,0.01050425,0.3494655103480909,0.8615185022354126,-0.013983770714366984
235,114688,507.48,39.2486272,487,14,130,0.2,0.9044944047927856,0.0003,-2.6388473941013215,0.1357177734375,0.07069604098796844,0.014203644,0.38709426936111413,0.86045241355896,-0.017150905808193784
252,122880,508.15,40.738818130000006,486,15,140,0.2,0.8837650418281555,0.0003,-2.6057207129895685,0.13489990234375,0.03492310270667076,0.013317164,0.3374164856853895,0.8972295522689819,-0.015454565562868084
270,131072,527.75,43.953995830000004,484,16,150,0.2,0.8795986175537109,0.0003,-2.5863185301423073,0.119775390625,0.01803392544388771,0.012434596,0.2808034054993186,0.8915925621986389,-0.017095863619761075
288,139264,541.57,46.517831070000014,482,17,160,0.2,0.8640546798706055,0.0003,-2.5601977800950406,0.13214111328125,0.02034337818622589,0.01304711,0.3124574369459879,0.9021294116973877,-0.016536291138618254
306,147456,542.74,47.784146199999995,480,18,170,0.2,0.8544817566871643,0.0003,-2.534108629822731,0.127734375,0.07110363990068436,0.013989368,0.37802364843082614,0.907721996307373,-0.01536462651893089
324,155648,558.92,50.5739396,480,19,180,0.2,0.8418214917182922,0.0003,-2.507078824751079,0.1241455078125,0.03724703565239906,0.0153491665,0.42702144173090345,0.8884974122047424,-0.013272740227694157
341,163840,567.61,52.73525726,479,20,190,0.2,0.832687497138977,0.0003,-2.4832667531445622,0.13060302734375,0.03688552975654602,0.014920018,0.39225186976545956,0.8986168503761292,-0.015982341414201073
359,172032,557.25,52.728103850000004,478,21,200,0.2,0.8268868923187256,0.0003,-2.463426101952791,0.13880615234375,0.10244306176900864,0.014077948,0.3979661324294284,0.8952822089195251,-0.01336578501814074
377,180224,548.25,52.479930960000004,477,22,210,0.2,0.8297806978225708,0.0003,-2.460307435132563,0.1312255859375,0.15121494233608246,0.013444516,0.5311111540650018,0.8891191482543945,-0.014003624851648055
396,188416,551.93,53.60198393000002,475,23,220,0.2,0.8220519423484802,0.0003,-2.4549606243148445,0.12225341796875,0.34095290303230286,0.013214776,0.6059176246752032,0.8859649300575256,-0.011279564591677626
416,196608,549.55,53.77974419,472,24,230,0.2,0.8055925369262695,0.0003,-2.4203605452552437,0.140185546875,0.10557466000318527,0.01525661,0.4666027659201063,0.9147843718528748,-0.01284753987511067
435,204800,539.28,53.29044534999999,470,25,240,0.2,0.788962721824646,0.0003,-2.377344939485192,0.1480712890625,0.04275832697749138,0.016243093,0.4915975270618219,0.923160970211029,-0.015035115503815177
454,212992,539.79,54.01693858000001,468,26,250,0.2,0.7667149901390076,0.0003,-2.329280533455312,0.151171875,0.2801274359226227,0.016774938,0.5762061069486663,0.9065709114074707,-0.014989557284934563
473,221184,539.56,54.16787055999999,466,27,260,0.2,0.7468969821929932,0.0003,-2.276468923687935,0.1612548828125,0.1058463305234909,0.017555308,0.570782331895316,0.8902203440666199,-0.015176492749378667
493,229376,543.21,54.94970711,464,28,270,0.2,0.7383787631988525,0.0003,-2.241830606944859,0.15623779296875,0.07613619416952133,0.017894052,0.465181248052977,0.9154737591743469,-0.014298206878629571
512,237568,548.22,55.72362314000001,463,29,280,0.2,0.7241897583007812,0.0003,-2.20737500526011,0.15618896484375,0.05282691493630409,0.018361248,0.433099445226253,0.932979166507721,-0.01738730674424005
532,245760,546.53,55.84235955000001,461,30,290,0.2,0.7051045894622803,0.0003,-2.164211123622954,0.16412353515625,0.04230157285928726,0.019141983,0.3818342835904332,0.9429376721382141,-0.014470271969366877
551,253952,550.66,56.713314219999994,460,31,300,0.2,0.6917842626571655,0.0003,-2.120334249921143,0.16854248046875,0.16351214051246643,0.017721632,0.652070052199997,0.9087997674942017,-0.01578444454989949
570,262144,546.72,56.75242883999999,459,32,310,0.2,0.6799752116203308,0.0003,-2.083109937235713,0.182763671875,0.20499734580516815,0.021523494,0.36610521416005215,0.9404140710830688,-0.01699547416956193
589,270336,535.4,55.55048812999999,458,33,320,0.2,0.6718811988830566,0.0003,-2.0607048662379386,0.1779296875,0.07521441578865051,0.021088358,0.32431969058816323,0.9386285543441772,-0.01830859838937613
607,278528,527.93,55.14480686000001,458,34,330,0.2,0.6769556403160095,0.0003,-2.050471176020801,0.16492919921875,0.17738153040409088,0.017306497,0.8350819497718476,0.8701010942459106,-0.014334469261848426
625,286720,532.77,55.919345469999996,458,35,340,0.2,0.6652703881263733,0.0003,-2.039556327462196,0.1775390625,0.18250533938407898,0.019884657,0.5635298012115527,0.9152870774269104,-0.013363632425534889
643,294912,527.47,55.37858363,458,36,350,0.2,0.6506993770599365,0.0003,-1.9910766671411693,0.18895263671875,0.06915822625160217,0.021471169,0.5111504721164237,0.927961528301239,-0.01182044687175221
660,303104,526.11,55.48226069,458,37,360,0.2,0.6401674747467041,0.0003,-1.9625943996012212,0.1917236328125,0.05992741882801056,0.021848312,0.4526537358004134,0.921296238899231,-0.015659442499600117
677,311296,527.71,55.44498896000001,459,38,370,0.2,0.6302283406257629,0.0003,-1.9325660344213247,0.16573486328125,0.18867534399032593,0.01883059,0.48158324554387943,0.9033010005950928,-0.015797755803396284
695,319488,532.3,56.00798153999999,459,39,380,0.2,0.6220923662185669,0.0003,-1.9036071746610106,0.194580078125,-0.0028175413608551025,0.019583438,0.40611825624946507,0.9272751808166504,-0.01149112516141031
712,327680,544.43,57.82927013999999,459,40,390,0.2,0.6187390089035034,0.0003,-1.8881471033208073,0.186865234375,0.06570151448249817,0.020104421,0.2913578737236094,0.9467889666557312,-0.013697145804508181
730,335872,549.43,58.4665563,459,41,400,0.2,0.609032392501831,0.0003,-1.8630149656906725,0.1937744140625,0.026085752993822098,0.01991688,0.32825378368725067,0.9541030526161194,-0.019496114837056665
748,344064,547.76,58.71914473000001,459,42,410,0.2,0.6039674282073975,0.0003,-1.8398785946890712,0.18385009765625,0.027391254901885986,0.020704234,0.32244218323612583,0.9501141905784607,-0.016137723505562463
766,352256,548.08,59.03735699000001,459,43,420,0.2,0.5872510671615601,0.0003,-1.801170491427183,0.1900146484375,0.22911812365055084,0.023117226,0.30490911719971336,0.957504153251648,-0.017380036185568316
783,360448,547.09,59.439117579999994,460,44,430,0.2,0.586286187171936,0.0003,-1.7781055103056134,0.1732421875,0.12363919615745544,0.020962182,0.518644020910142,0.9244951605796814,-0.01587545535476238
801,368640,547.28,60.048580300000005,459,45,440,0.2,0.5758355855941772,0.0003,-1.7530310578644275,0.20087890625,0.031235016882419586,0.02639443,0.32423523177567404,0.947471022605896,-0.016319739834216307
818,376832,542.33,59.63722772,460,46,450,0.2,0.5572124123573303,0.0003,-1.6939061217941345,0.1931640625,0.31467559933662415,0.024645224,0.4113026000908576,0.953555703163147,-0.019419635142003244
835,385024,542.38,60.00502334,460,47,460,0.2,0.5517028570175171,0.0003,-1.664207217656076,0.1983642578125,0.042704418301582336,0.02391975,0.5105775866075419,0.9243618249893188,-0.014630602506076684
853,393216,528.3,58.77365586,460,48,470,0.2,0.5423935651779175,0.0003,-1.63067665444687,0.2068359375,0.2043149471282959,0.026518978,0.4593006892624544,0.9410139322280884,-0.014243554917629807
870,401408,530.44,59.17749999000001,461,49,480,0.2,0.5456537008285522,0.0003,-1.6284127036109566,0.18349609375,0.08627966791391373,0.022086553,0.617961796693271,0.9028233885765076,-0.013707645223712461
888,409600,518.96,58.03481167999999,461,50,490,0.2,0.5307748317718506,0.0003,-1.5916862786747514,0.22471923828125,0.0373820886015892,0.0271708,0.28261039886856454,0.9578566551208496,-0.018292862786984186
906,417792,514.22,57.61210911999999,460,51,500,0.2,0.522381067276001,0.0003,-1.5546207735314965,0.19337158203125,0.06181883066892624,0.022740845,0.5053647968394216,0.9446936249732971,-0.01610230305304867
922,425984,522.57,58.494288989999994,461,52,510,0.2,0.518639087677002,0.0003,-1.538944630138576,0.20478515625,0.06175905466079712,0.024252597,0.30233002183231295,0.9628325700759888,-0.01244605912552288
937,434176,510.29,57.42519490000001,463,53,520,0.2,0.5046689510345459,0.0003,-1.4972777523100376,0.2208740234375,0.013247396796941757,0.029339619,0.3263517597108148,0.9575364589691162,-0.017428835173541303
952,442368,514.76,58.13251617,464,54,530,0.2,0.4983835220336914,0.0003,-1.4606235996820032,0.20357666015625,0.010392021387815475,0.026441555,0.317201769532403,0.9368676543235779,-0.01335358486539917
968,450560,519.59,58.875831670000004,465,55,540,0.2,0.49241170287132263,0.0003,-1.434502004738897,0.206689453125,0.11188685894012451,0.024723105,0.576874082282302,0.9433467388153076,-0.014403846708864876
983,458752,525.19,59.827080929999994,466,56,550,0.2,0.47915738821029663,0.0003,-1.3902767715975641,0.227880859375,0.07407286763191223,0.02825159,0.28157212234364126,0.9563541412353516,-0.014457779055555875
999,466944,532.28,61.03210481999999,467,57,560,0.2,0.470406711101532,0.0003,-1.3415735928341745,0.21417236328125,0.12016675621271133,0.02652991,0.384397661514231,0.9528306126594543,-0.013012328585318755
1014,475136,528.0,60.6144095,468,58,570,0.2,0.4645956754684448,0.0003,-1.3265168345533311,0.233642578125,0.019494131207466125,0.033848215,0.17897574203379918,0.964532732963562,-0.015094406522257487
1030,483328,536.81,61.43364883,469,59,580,0.2,0.46688112616539,0.0003,-1.3136344293132425,0.20506591796875,-0.002691272646188736,0.024659384,0.35602112404594666,0.9415583610534668,-0.015409449134494935
1045,491520,538.72,61.740843950000006,469,60,590,0.2,0.4610764682292938,0.0003,-1.3026561840437352,0.24638671875,0.05002725124359131,0.03168716,0.3292797752190381,0.9656121730804443,-0.01319857904491073
1061,499712,536.92,61.25721576,470,61,600,0.2,0.4554821252822876,0.0003,-1.2847313165664673,0.22982177734375,0.06499402225017548,0.029317692,0.2972219575603958,0.9599026441574097,-0.015547111507112276
1078,507904,527.72,60.079640900000015,471,62,610,0.2,0.4572475850582123,0.0003,-1.2765280739404261,0.21268310546875,0.06716638803482056,0.024627127,0.43118496822426094,0.9485885500907898,-0.01088852698685514
1093,516096,526.74,59.5324034,471,63,620,0.2,0.45966655015945435,0.0003,-1.2835018555633724,0.212109375,0.04376544803380966,0.027080715,0.5042674105148762,0.9359334111213684,-0.012853141399318702
1109,524288,520.06,58.68237366,472,64,630,0.2,0.45276063680648804,0.0003,-1.2762492048554122,0.238427734375,0.5159580111503601,0.02693869,0.5286560162785463,0.9356266856193542,-0.012045454440612956
1128,532480,517.88,58.85336764999999,472,65,640,0.2,0.4504093527793884,0.0003,-1.2551994727924467,0.2278564453125,0.019933469593524933,0.029757703,0.42205334870377553,0.9500194787979126,-0.018706929227118963
1146,540672,513.41,58.376790169999985,471,66,650,0.2,0.44609326124191284,0.0003,-1.2347006411291659,0.217822265625,0.25505223870277405,0.029342739,0.409682281804271,0.9483323097229004,-0.01310352955806593
1163,548864,517.8,59.31861588000001,471,67,660,0.2,0.43875688314437866,0.0003,-1.2114958910271525,0.23121337890625,0.0700383111834526,0.031073224,0.452490462642163,0.948750376701355,-0.017494205419825447
1180,557056,508.29,58.34040816999999,471,68,670,0.2,0.43087267875671387,0.0003,-1.1760538988746703,0.2422607421875,0.057441167533397675,0.028997518,0.3101723522937391,0.9649301767349243,-0.019043305442028213
1197,565248,505.71,58.52333627999999,471,69,680,0.2,0.43175917863845825,0.0003,-1.1651737361215055,0.20118408203125,0.11868467181921005,0.02464135,0.49351436813012695,0.9350894689559937,-0.01631743600755726
1213,573440,501.99,58.316104799999984,472,70,690,0.2,0.4257408678531647,0.0003,-1.1491287504322827,0.21907958984375,0.11214475333690643,0.02870115,0.3826034075289499,0.9631881713867188,-0.014502315876416105
1229,581632,503.06,58.52126537000001,473,71,700,0.2,0.4146924614906311,0.0003,-1.1001621925272047,0.23465576171875,0.0536227747797966,0.030722635,0.48835664068465123,0.9377556443214417,-0.015677135607438684
1245,589824,496.01,57.833456299999995,473,72,710,0.2,0.4035205841064453,0.0003,-1.049245998263359,0.2562255859375,0.08568285405635834,0.036196448,0.3626022569776978,0.9538109302520752,-0.018609873833702294
1263,598016,499.22,58.37092391000001,473,73,720,0.2,0.3990570902824402,0.0003,-1.016130000539124,0.24949951171875,0.10562293976545334,0.033460967,0.38041206042689735,0.9563290476799011,-0.017191310162525043
1282,606208,502.63,59.21345285000001,472,74,730,0.2,0.38625863194465637,0.0003,-0.9630801321938633,0.2492919921875,0.023911066353321075,0.035636768,0.30671507539809684,0.9714322090148926,-0.018438855084423268
1300,614400,501.89,59.3436355,472,75,740,0.2,0.37647080421447754,0.0003,-0.9125003332737833,0.265869140625,0.142014279961586,0.038672842,0.2892203597497428,0.9599410891532898,-0.01806958063516504
1317,622592,504.3,59.99965768,472,76,750,0.2,0.3702450692653656,0.0003,-0.8707465437240899,0.25701904296875,0.08242537081241608,0.028875085,0.3222088718554005,0.9687537550926208,-0.011581077475784695
1334,630784,506.3,60.718175660000014,472,77,760,0.2,0.3629833459854126,0.0003,-0.8364137467928231,0.25794677734375,0.0663815438747406,0.038554434,0.38137198518088555,0.9544491767883301,-0.0139687011776914
1352,638976,501.33,60.227219780000006,472,78,770,0.2,0.35683196783065796,0.0003,-0.8011681272182614,0.2517578125,0.08938150107860565,0.040298454,0.36421268632111603,0.9514238834381104,-0.015939253240139804
1368,647168,491.95,59.42192932,472,79,780,0.2,0.3543507158756256,0.0003,-0.7822420640848577,0.24395751953125,0.11949388682842255,0.034234755,0.5858007621602155,0.9393617510795593,-0.01348564858053578
1384,655360,492.25,59.60563883999999,473,80,790,0.2,0.3536372780799866,0.0003,-0.7650610995944589,0.2522216796875,0.25960811972618103,0.041418426,0.6221096068213228,0.938064694404602,-0.014440108391318063
1400,663552,492.63,59.76697805,473,81,800,0.2,0.3390587866306305,0.0003,-0.7126043572090566,0.2899658203125,0.03860846161842346,0.046447605,0.4765317033044994,0.9452157616615295,-0.013383167056599633
1416,671744,495.98,60.32476676999999,474,82,810,0.2,0.3322187662124634,0.0003,-0.6594863753765822,0.27652587890625,0.18205653131008148,0.03977579,0.44248474016203543,0.9594604969024658,-0.011621285009277926
1432,679936,494.53,60.12177488,474,83,820,0.2,0.3270592987537384,0.0003,-0.6230144863948226,0.279541015625,0.012766588479280472,0.044026442,0.33334037084423473,0.9662762880325317,-0.011748577174239471
1449,688128,501.22,61.20247755,474,84,830,0.2,0.32754290103912354,0.0003,-0.6130701780319214,0.26141357421875,0.08189688622951508,0.036290146,0.41014350942277816,0.9663105010986328,-0.010634106117504417
1466,696320,503.38,61.57511867,474,85,840,0.2,0.3238566815853119,0.0003,-0.6039778479374945,0.2850341796875,0.010465841740369797,0.03904195,0.4711910580197582,0.9533504247665405,-0.010814284628395399
1483,704512,503.75,61.26870792,474,86,850,0.2,0.32051312923431396,0.0003,-0.5816311715170741,0.25767822265625,0.04931037127971649,0.04250577,0.5199586315255147,0.9364155530929565,-0.010115662997850449
1500,712704,463.13,54.91044728,475,87,860,0.2,0.3189272880554199,0.0003,-0.5629686254542321,0.28565673828125,0.16248191893100739,0.040737264,0.6601308264245744,0.946546733379364,-0.013199427722975087
1517,720896,390.02,43.62848683,475,88,870,0.2,0.3248577117919922,0.0003,-0.5808102652896195,0.21561279296875,2.058488368988037,0.026987724,1.8561695896903985,0.8266329765319824,-0.001290623582281114
1535,729088,355.12,38.07859718,474,89,880,0.2,0.3241296112537384,0.0003,-0.5918456377461553,0.207861328125,0.8046746253967285,0.021934584,2.1776648701168595,0.8484905958175659,-0.0028152849952675753
1550,737280,348.32,37.08619485999999,475,90,890,0.2,0.3216449022293091,0.0003,-0.5747955746948719,0.249560546875,0.47992825508117676,0.033830494,2.0075052037020216,0.8934704065322876,-0.0015293780787033028
1566,745472,367.18,39.94517646999999,475,91,900,0.2,0.31942713260650635,0.0003,-0.565284486208111,0.2849609375,0.17696501314640045,0.041299656,1.1836421160958708,0.9258158206939697,-0.006692633183774888
1582,753664,394.71,44.46492019,476,92,910,0.2,0.3165919780731201,0.0003,-0.5496409804560244,0.30283203125,0.026141416281461716,0.037569225,0.39072488928504756,0.9531542062759399,-0.00913026379312214
1598,761856,426.81,49.5959878,476,93,920,0.2,0.3152928948402405,0.0003,-0.5393505990970879,0.26160888671875,0.1459193229675293,0.04181781,0.5353169640875421,0.9468878507614136,-0.012302462410480075
1614,770048,456.45,54.37548296999999,476,94,930,0.2,0.31397372484207153,0.0003,-0.5259834392927587,0.276708984375,0.05392978712916374,0.041660167,0.6795675027067773,0.9416919350624084,-0.00923600678852381
1630,778240,479.69,57.85441997000001,477,95,940,0.2,0.31051790714263916,0.0003,-0.5192726264242082,0.274609375,0.09201274812221527,0.044417538,0.4588304969802266,0.9568862318992615,-0.0153534897445752
1647,786432,472.9,56.92312852,477,96,950,0.2,0.30726832151412964,0.0003,-0.495107857324183,0.294677734375,0.4122251868247986,0.048711706,0.7094826069544069,0.933799147605896,-0.008617408011741646
1663,794624,463.38,55.76717229,477,97,960,0.2,0.3044852018356323,0.0003,-0.47549141342751683,0.27783203125,0.13432364165782928,0.0428862,0.6030168514000251,0.9428415298461914,-0.01247027580266149
1680,802816,464.95,55.87505397999999,477,98,970,0.2,0.30428534746170044,0.0003,-0.4679031002800912,0.2829833984375,0.07364638894796371,0.047996778,0.35438350538897795,0.9618436098098755,-0.014444593097505277
1696,811008,465.98,56.11396182000001,478,99,980,0.2,0.30154985189437866,0.0003,-0.4512553736101836,0.26453857421875,0.027654364705085754,0.037666716,0.5204321612720377,0.9541707038879395,-0.013647951912753342
1711,819200,453.45,54.54790785,478,100,990,0.2,0.29763996601104736,0.0003,-0.43507258919999003,0.26715087890625,0.05695376172661781,0.040120967,0.28650749899097716,0.9666793942451477,-0.014164044078370353
1728,827392,451.47,54.816357180000004,478,101,1000,0.2,0.2961464524269104,0.0003,-0.42244350821711124,0.24312744140625,0.016889125108718872,0.046998672,0.29917919427971357,0.9576839208602905,-0.01429170403707758
1744,835584,449.35,54.66488209999999,478,102,1010,0.2,0.29497087001800537,0.0003,-0.41403040760196747,0.245849609375,-0.003048427402973175,0.041102253,0.2213631511098356,0.9794228076934814,-0.01125042282155846
1760,843776,446.4,54.370814259999996,479,103,1020,0.2,0.2904732823371887,0.0003,-0.38304553311318157,0.263671875,0.13068611919879913,0.039148882,0.256944319185277,0.9689415097236633,-0.011658202420767339
1775,851968,436.34,53.32667881,479,104,1030,0.2,0.28906184434890747,0.0003,-0.3716242759488523,0.26473388671875,0.1628466695547104,0.042477235,0.3202787636430003,0.9531318545341492,-0.015684182262157266
1791,860160,444.23,54.64974658,480,105,1040,0.2,0.28610843420028687,0.0003,-0.34632332203909755,0.274462890625,0.013814667239785194,0.04466313,0.26310550339112526,0.9699503183364868,-0.012694994664707337
1808,868352,443.67,54.53944793999999,480,106,1050,0.2,0.27624261379241943,0.0003,-0.29080567304044963,0.27276611328125,0.12825725972652435,0.040145725,0.32582112508825956,0.9647404551506042,-0.013261690035324136
1825,876544,446.7,54.83810224999999,480,107,1060,0.2,0.2709425091743469,0.0003,-0.2522837015800178,0.28001708984375,0.052849993109703064,0.049315155,0.5330000374349766,0.9453046917915344,-0.014584865258075296
1844,884736,455.34,56.22840835,479,108,1070,0.2,0.2653807997703552,0.0003,-0.20961091667413712,0.29942626953125,0.05251069739460945,0.049676035,0.3944659314263845,0.9603090882301331,-0.013891375912862713
1862,892928,461.69,57.19149774000002,479,109,1080,0.2,0.2622782588005066,0.0003,-0.1760023024864495,0.2813720703125,0.09473741799592972,0.04081704,0.3266895964377909,0.9676979184150696,-0.009562087016274746
1881,901120,462.56,57.38872469000001,479,110,1090,0.2,0.2608155310153961,0.0003,-0.16401296211406588,0.28641357421875,0.1985544115304947,0.043137938,0.33606452772801276,0.9617566466331482,-0.008926679661999514
1899,909312,465.63,57.77645935,478,111,1100,0.2,0.25804194808006287,0.0003,-0.1446005892008543,0.27515869140625,0.2375742793083191,0.043954503,0.5501074502011761,0.949852705001831,-0.009125857061007991
1919,917504,475.82,59.518387579999995,477,112,1110,0.2,0.25284361839294434,0.0003,-0.11538950949907303,0.28890380859375,0.14012490212917328,0.052926786,0.42890711852523966,0.9513708353042603,-0.010253570508211851
1935,925696,477.37,59.86834494000001,478,113,1120,0.2,0.2486024796962738,0.0003,-0.08095606956630945,0.29654541015625,0.11799410730600357,0.051956248,0.36557557388150597,0.9662052392959595,-0.008031514867434452
1950,933888,474.82,59.50176528,478,114,1130,0.2,0.24892593920230865,0.0003,-0.06864134706556797,0.29322509765625,0.12326475232839584,0.046232738,0.3497750961512793,0.9654812216758728,-0.009908119299780083
1966,942080,473.32,59.38366663999998,479,115,1140,0.2,0.24687246978282928,0.0003,-0.05489240530878305,0.27166748046875,0.4440748393535614,0.046579346,0.4856050155474804,0.958518922328949,-0.009890478054421692
1982,950272,477.83,60.02609105,479,116,1150,0.2,0.24476000666618347,0.0003,-0.04023445351049304,0.30262451171875,0.18131403625011444,0.045364946,0.4906238867144566,0.9576960802078247,-0.009723738632783353
1997,958464,475.61,59.724615370000016,479,117,1160,0.2,0.23902606964111328,0.0003,-0.006308174971491098,0.32684326171875,0.036831170320510864,0.056647528,0.32235836345353164,0.9650593996047974,-0.009193839083673083
2013,966656,474.35,59.443334639999996,480,118,1170,0.2,0.2336629033088684,0.0003,0.039321068581193684,0.327294921875,0.3879707455635071,0.0581686,0.3608525610849028,0.9701375365257263,-0.013572005744026682
2029,974848,477.38,59.96820124,480,119,1180,0.2,0.23085223138332367,0.0003,0.07556522795930505,0.3123291015625,-0.013850994408130646,0.05647663,0.3944645376614062,0.9649621248245239,-0.012663973518829152
2045,983040,474.95,59.708223829999994,480,120,1190,0.2,0.22717523574829102,0.0003,0.10323871681466698,0.30047607421875,0.10394243896007538,0.052484743,0.43163250731886366,0.9640774726867676,-0.011609169811708852
2061,991232,477.42,60.07806281999999,480,121,1200,0.2,0.2268683761358261,0.0003,0.11208975175395608,0.2773193359375,0.059907011687755585,0.05360639,0.3613798552978551,0.9629158973693848,-0.01043232195024757
2076,999424,476.93,60.07081298,481,122,1210,0.2,0.22794324159622192,0.0003,0.11465549673885107,0.3100341796875,0.01258690282702446,0.056355327,0.4501603925629752,0.9681237936019897,-0.001593825716190622
2092,1007616,471.88,59.55827573,481,123,1220,0.2,0.22616201639175415,0.0003,0.11520784571766854,0.3189697265625,0.12764722108840942,0.064978346,0.37457648685085587,0.9672470092773438,-0.009084345900919288
2108,1015808,473.18,60.050543680000004,481,124,1230,0.2,0.22488242387771606,0.0003,0.12971711987629533,0.28846435546875,0.06663540750741959,0.054666422,0.5149524540873245,0.9595619440078735,-0.008098906502527824
2124,1024000,476.41,60.47150318999999,482,125,1240,0.2,0.2217319905757904,0.0003,0.1633716688491404,0.31915283203125,0.06201876699924469,0.06652813,0.32300915610394443,0.9659357666969299,-0.008938015346575411
2140,1032192,478.19,60.75877912999999,482,126,1250,0.2,0.21905019879341125,0.0003,0.18268968285992743,0.33616943359375,0.14271800220012665,0.057287425,0.28707855554384876,0.9737372398376465,-0.010208852241521526
2156,1040384,473.83,60.12796025999999,482,127,1260,0.2,0.22058504819869995,0.0003,0.17925977967679502,0.3248046875,0.22145333886146545,0.05621154,0.40386860247235745,0.9584437608718872,-0.0073715152135264365
2172,1048576,473.09,60.09761143000001,482,128,1270,0.2,0.21873581409454346,0.0003,0.18703283462673426,0.30933837890625,0.057183146476745605,0.054715503,0.4241022132075159,0.966981828212738,-0.005801002020734814
2190,1056768,478.07,60.79480012000001,482,129,1280,0.2,0.2145799845457077,0.0003,0.21556929433718325,0.3171630859375,0.04374554008245468,0.052240625,0.32673719157464803,0.9728115200996399,-0.007646669735186152
2208,1064960,473.65,59.99071347000001,482,130,1290,0.2,0.21555697917938232,0.0003,0.2217480719089508,0.31134033203125,0.19559794664382935,0.05665457,0.40021228458499536,0.9645919799804688,-0.006858404095419246
2228,1073152,467.87,59.17135275999999,481,131,1300,0.2,0.21198245882987976,0.0003,0.2403943174518645,0.299609375,0.6100569367408752,0.056239143,0.4818097450741334,0.9544634819030762,-0.007620306462104054
2247,1081344,475.14,60.29580244999999,481,132,1310,0.2,0.20905619859695435,0.0003,0.27405759897083043,0.3090087890625,0.22432741522789001,0.060608774,0.3813475798422587,0.9683913588523865,-0.005434477369817614
2266,1089536,474.13,60.00200835999999,480,133,1320,0.2,0.2066039741039276,0.0003,0.29712164122611284,0.324658203125,0.08056807518005371,0.060713045,0.3595435994066065,0.9596598148345947,-0.006118942397915816
2286,1097728,475.4,60.28835032,480,134,1330,0.2,0.20343655347824097,0.0003,0.3241721080616117,0.31497802734375,0.17058338224887848,0.059505187,0.32579088902275544,0.9715077877044678,-0.012248123291374213
2305,1105920,478.79,60.5547628,479,135,1340,0.2,0.20082122087478638,0.0003,0.3552636570297182,0.3258056640625,0.006768256425857544,0.06746,0.31715036659152246,0.9731965065002441,-0.009818192284728865
2323,1114112,486.79,61.77546116999999,479,136,1350,0.2,0.19882825016975403,0.0003,0.3702603539451957,0.327734375,0.15758611261844635,0.062194455,0.3609912203217391,0.9737058281898499,-0.008499274262703693
2342,1122304,496.61,63.36719960000001,479,137,1360,0.2,0.19558000564575195,0.0003,0.4023567685391754,0.3361083984375,0.07820344716310501,0.06108888,0.34969817265809977,0.9678983688354492,-0.006405239619380154
2362,1130496,492.59,62.73338838000001,478,138,1370,0.2,0.19385647773742676,0.0003,0.42482466604560615,0.33662109375,0.04917600005865097,0.061637726,0.18355723407294136,0.9833419322967529,-0.0055618838539885475
2382,1138688,494.03,62.92909221,478,139,1380,0.2,0.19453004002571106,0.0003,0.42787329498678445,0.3151123046875,0.1502976417541504,0.0554047,0.3187172387100873,0.9748748540878296,-0.007566966166086786
2400,1146880,495.48,63.10285307000001,477,140,1390,0.2,0.19122764468193054,0.0003,0.4450302424374968,0.33709716796875,0.44143053889274597,0.06511903,0.4319687404626166,0.9654453992843628,-0.009074730773318152
2420,1155072,493.29,62.926435760000004,477,141,1400,0.2,0.18895283341407776,0.0003,0.4755539099220186,0.34871826171875,0.09677711129188538,0.061382566,0.4603241766715655,0.9606622457504272,-0.005144945439178627
2438,1163264,481.05,60.98470438,476,142,1410,0.2,0.1886175274848938,0.0003,0.4894913785159588,0.34178466796875,0.28802406787872314,0.07449933,0.35122735451441256,0.9713287353515625,-0.01055528268116177
2456,1171456,473.11,59.91175548999999,476,143,1420,0.2,0.18791159987449646,0.0003,0.4934543600305915,0.326953125,0.07604696601629257,0.07116049,0.47353538339957596,0.9495271444320679,-0.008803817586885998
2474,1179648,470.25,59.456497969999994,476,144,1430,0.2,0.18652449548244476,0.0003,0.5067025610245764,0.33468017578125,0.10132241249084473,0.06244622,0.3339688821753953,0.9685584902763367,-0.003823708846084628
2493,1187840,465.86,58.84906353999999,476,145,1440,0.2,0.18485009670257568,0.0003,0.5234836211893708,0.31363525390625,0.01690046861767769,0.0518767,0.43967964862822556,0.9728900194168091,-0.0029305257861778956
2512,1196032,465.22,58.67350247000001,476,146,1450,0.2,0.18366381525993347,0.0003,0.5376935052219778,0.351806640625,0.016923382878303528,0.063633755,0.384134064646787,0.9655058979988098,-0.005202999442280998
2530,1204224,463.24,58.39837045,475,147,1460,0.2,0.18130351603031158,0.0003,0.5604522195644677,0.371484375,0.16813986003398895,0.072073266,0.4918813984200824,0.9563959240913391,-0.008649933416290879
2550,1212416,464.68,58.671842819999995,475,148,1470,0.2,0.1808532327413559,0.0003,0.5758024784736335,0.35478515625,0.20224995911121368,0.07498649,0.601709558319999,0.9440897703170776,-0.00045243789081723663
2567,1220608,462.5,58.39500966,475,149,1480,0.2,0.17863455414772034,0.0003,0.589611241640523,0.3349853515625,0.3942517936229706,0.07740702,0.6427038440713659,0.94277423620224,-0.004729446587043639
2587,1228800,459.02,57.86359598000002,474,150,1490,0.2,0.1779366433620453,0.0003,0.5969910934567452,0.34493408203125,0.32348740100860596,0.080128245,0.5541438861953794,0.9572253823280334,-0.010305217809673195
2605,1236992,463.26,58.353622939999994,474,151,1500,0.2,0.17584431171417236,0.0003,0.6146211011335254,0.32353515625,0.2155788540840149,0.062952146,0.4575331160798669,0.9556654095649719,-0.005182503262221872
2623,1245184,460.93,57.99412969,474,152,1510,0.2,0.1737769991159439,0.0003,0.6425795825198293,0.32940673828125,0.05341165512800217,0.07448286,0.4826679385441821,0.9583030939102173,-0.006290211303439719
2642,1253376,467.12,58.88685317,474,153,1520,0.2,0.17083877325057983,0.0003,0.6675695709884166,0.34622802734375,0.14492955803871155,0.08069805,0.4089283440640429,0.9684691429138184,-0.01154568377387477
2661,1261568,471.12,59.340700260000006,474,154,1530,0.2,0.16747432947158813,0.0003,0.711203578254208,0.35693359375,0.05054114758968353,0.078405485,0.3623825778398896,0.9725939631462097,-0.0054736897654947825
2678,1269760,479.91,60.50149566,474,155,1540,0.2,0.16410310566425323,0.0003,0.7537605137098581,0.34830322265625,0.042852215468883514,0.075014725,0.417978767718887,0.966425895690918,-0.008238184459514741
2696,1277952,486.25,61.309930750000014,473,156,1550,0.2,0.16289640963077545,0.0003,0.7774090950377286,0.3638916015625,0.13425159454345703,0.08741944,0.2752751070016529,0.9787793755531311,-0.0006628264061873778
2715,1286144,493.67,62.258640250000006,473,157,1560,0.2,0.160684734582901,0.0003,0.7944091868586838,0.34619140625,0.061613135039806366,0.077618815,0.29382135828054745,0.9764355421066284,-0.005721783039734874
2734,1294336,496.81,62.648184840000006,473,158,1570,0.2,0.1606539487838745,0.0003,0.8063525315374136,0.3686279296875,0.004860283806920052,0.07698019,0.23476731409464263,0.9826495051383972,-0.0012346337292910904
2753,1302528,499.64,62.94678368000001,472,159,1580,0.2,0.16172853112220764,0.0003,0.8000224159099162,0.33599853515625,0.08215063810348511,0.085223496,0.3861591619730461,0.975103497505188,0.002298428879294079
2771,1310720,499.67,63.02310233,472,160,1590,0.2,0.1599830687046051,0.0003,0.8067279077600688,0.3515869140625,0.08950440585613251,0.068802975,0.22491165320025175,0.9799559116363525,0.0031824416835661397
2790,1318912,500.4,63.175054679999995,472,161,1600,0.2,0.1587505042552948,0.0003,0.8232102795969695,0.3447509765625,0.09011843055486679,0.075201444,0.3757130608835723,0.9710976481437683,-0.007398422554979333
2809,1327104,489.03,61.39950889,472,162,1610,0.2,0.15438248217105865,0.0003,0.8652314668521285,0.36563720703125,0.013273727148771286,0.07425301,0.2781248225554009,0.9716435074806213,-0.004737396620112122
2828,1335296,484.33,60.98780600999999,472,163,1620,0.2,0.15513905882835388,0.0003,0.8850644597318024,0.381298828125,0.18213367462158203,0.07388896,0.7140742339368444,0.9337042570114136,0.005279713819709287
2850,1343488,482.7,60.58727859999998,471,164,1630,0.2,0.15387460589408875,0.0003,0.8841724567115307,0.36697998046875,0.032687023282051086,0.09438895,0.39780181156820615,0.9708775877952576,-0.001627914136270192
2869,1351680,484.07,60.68809459999999,471,165,1640,0.2,0.15542325377464294,0.0003,0.8925933085381985,0.37901611328125,0.10668165236711502,0.08920969,0.5402861659706104,0.9559163451194763,0.002943944265553
2889,1359872,482.96,60.441389640000004,470,166,1650,0.2,0.15493756532669067,0.0003,0.8818316594697535,0.3792724609375,0.026921454817056656,0.07464471,0.2812480519132805,0.9754647016525269,2.3076030083757358e-05
2908,1368064,484.55,60.500581919999995,470,167,1660,0.2,0.15492881834506989,0.0003,0.8827666729222983,0.38331298828125,0.1252155900001526,0.07823094,0.38549007127585355,0.9593138694763184,0.001480356359752477
2928,1376256,487.72,61.07997087,469,168,1670,0.2,0.1542140543460846,0.0003,0.8859139382373542,0.36383056640625,0.03989959508180618,0.070182905,0.32690002584131433,0.9750005602836609,-0.006000688268977683
2949,1384448,490.7,61.35501962999999,469,169,1680,0.2,0.15398886799812317,0.0003,0.8936503870412708,0.363134765625,0.11691398918628693,0.08447887,0.5040939012251329,0.9454416036605835,-0.00436611929526407
2975,1392640,495.42,62.05800652,467,170,1690,0.2,0.1510453224182129,0.0003,0.9206652492750436,0.378662109375,0.0778147429227829,0.09152314,0.30963739902654197,0.970583975315094,-0.006299370279702998
2997,1400832,491.98,61.6899425,467,171,1700,0.2,0.14992152154445648,0.0003,0.944002933986485,0.355322265625,0.4005381762981415,0.076099955,0.3034549510659417,0.9752603769302368,-0.006305809237801441
3018,1409024,500.79,62.92921154,466,172,1710,0.2,0.14918506145477295,0.0003,0.9611820125486702,0.3796630859375,0.02074279449880123,0.08254597,0.2829505289439112,0.9712876081466675,-0.0010697378125769318
3039,1417216,503.63,63.262312429999994,466,173,1720,0.2,0.1446673572063446,0.0003,1.004246716434136,0.37706298828125,-0.00983816385269165,0.0807967,0.20871475202438888,0.979104220867157,-0.00538770893454057
3060,1425408,511.48,64.34962016000001,465,174,1730,0.2,0.14217568933963776,0.0003,1.0426181940361858,0.36544189453125,0.032746028155088425,0.08248222,0.26499350551166573,0.981268584728241,-0.006888768998760497
3081,1433600,516.36,64.92331462,465,175,1740,0.2,0.14112159609794617,0.0003,1.066373414732516,0.3998779296875,0.08342543244361877,0.10172191,0.20681063752708723,0.9777565598487854,0.0028691962927041457
3102,1441792,517.48,65.23069577999999,464,176,1750,0.2,0.13815438747406006,0.0003,1.099195926450193,0.3865966796875,0.03904256224632263,0.08662921,0.21454766978276893,0.9814430475234985,-0.007407441759642097
3125,1449984,521.14,65.6264431,463,177,1760,0.2,0.13732868432998657,0.0003,1.1250135901384055,0.3948974609375,0.06485222280025482,0.0873887,0.24362787347345147,0.9739614725112915,-0.0018312924394194852
3147,1458176,517.54,64.97339245,463,178,1770,0.2,0.13433796167373657,0.0003,1.1498445687815546,0.3943115234375,0.043153975158929825,0.08474363,0.24340540201228578,0.9857561588287354,-0.00398392956067255
3168,1466368,511.5,63.870395020000004,462,179,1780,0.2,0.1354067474603653,0.0003,1.1583779880777,0.3689208984375,0.7852009534835815,0.10290752,0.5430564014735865,0.9671853184700012,0.00361330408595677
3190,1474560,509.41,63.654728649999996,462,180,1790,0.2,0.13595503568649292,0.0003,1.1493636740371584,0.39473876953125,0.07738509029150009,0.14802118,0.47661266378709116,0.9592527747154236,-0.0019888439430360448
3211,1482752,499.64,62.50907317,461,181,1800,0.2,0.1350249946117401,0.0003,1.1498656693845988,0.36927490234375,0.07522551715373993,0.11188647,0.32514945469156376,0.969406247138977,-0.007848404114884033
3233,1490944,500.39,62.77895267999998,461,182,1810,0.2,0.13395263254642487,0.0003,1.1734147841110825,0.355859375,0.10124741494655609,0.082370296,0.3425406681810273,0.9709483981132507,-0.0024626659604109593
3253,1499136,496.59,62.46369710000001,460,183,1820,0.2,0.13300016522407532,0.0003,1.189624855853617,0.40126953125,0.10633078217506409,0.09099812,0.2597949087197776,0.9779344201087952,0.0014157184702526138
3275,1507328,496.97,62.888482409999995,460,184,1830,0.2,0.13221710920333862,0.0003,1.1961797658354043,0.37056884765625,0.3669351041316986,0.0930267,0.3372827795392368,0.9793861508369446,0.0008282926919491729
3297,1515520,493.74,62.938318210000006,459,185,1840,0.2,0.1295197606086731,0.0003,1.2247270751744508,0.39085693359375,0.18357376754283905,0.10257043,0.3958141492912546,0.9654206037521362,-0.00658053647584893
3319,1523712,490.49,62.68026198,458,186,1850,0.2,0.12841220200061798,0.0003,1.2473948531784118,0.38175048828125,0.2734810709953308,0.09861095,0.32133575404877773,0.9683096408843994,-0.007726106362497376
3341,1531904,485.45,62.118707449999995,458,187,1860,0.2,0.12808814644813538,0.0003,1.260775004234165,0.37318115234375,0.11233097314834595,0.11873091,0.3657054363487987,0.966821014881134,-0.006238284422761353
3363,1540096,479.29,61.489252640000004,457,188,1870,0.2,0.12739796936511993,0.0003,1.279262313246727,0.37877197265625,0.04672933369874954,0.106899515,0.562185444071656,0.9527388215065002,0.0005687944052624516
3384,1548288,475.01,60.85943988,457,189,1880,0.2,0.12628033757209778,0.0003,1.2883175808936358,0.393115234375,0.008554846048355103,0.09031153,0.39794170642271637,0.9653884768486023,-0.0006156269435450667
3406,1556480,474.98,60.89166881999999,456,190,1890,0.2,0.12602993845939636,0.0003,1.295046911202371,0.40137939453125,0.12689344584941864,0.10757538,0.4485364679538179,0.9663553237915039,-0.003369928853953752
3428,1564672,476.71,61.313048910000006,456,191,1900,0.2,0.12414970993995667,0.0003,1.3124820832163095,0.38741455078125,0.019776221364736557,0.10828003,0.2071972017554799,0.9827627539634705,-0.0016552380200664629
3450,1572864,477.53,61.28740210000001,455,192,1910,0.2,0.12384890764951706,0.0003,1.333761335350573,0.39708251953125,0.1680430769920349,0.103749074,0.334496469781152,0.9758908152580261,0.002847131011003512
3472,1581056,478.28,61.52517117,455,193,1920,0.2,0.12303875386714935,0.0003,1.3342363110743463,0.368115234375,0.6849824786186218,0.10348351,0.31449154367292065,0.9738011956214905,-0.000596546625274641
3494,1589248,477.07,61.28363563999999,454,194,1930,0.2,0.12177771329879761,0.0003,1.3592765029519795,0.38480224609375,0.01762983575463295,0.10294138,0.3762162509505288,0.9735096096992493,-0.004012663903995417
3516,1597440,475.01,60.964765160000006,454,195,1940,0.2,0.1206502765417099,0.0003,1.3763778859749436,0.378271484375,0.1930442750453949,0.12154609,0.44174319807207213,0.9645064473152161,0.0017366662208587514
3538,1605632,472.83,60.51788793000001,453,196,1950,0.2,0.11989451944828033,0.0003,1.3923029977828265,0.39163818359375,0.4548221826553345,0.100764394,0.46332056976971214,0.960598349571228,0.001528609909109946
3561,1613824,474.05,60.54457057,453,197,1960,0.2,0.11985374987125397,0.0003,1.4028170604258776,0.39622802734375,0.11074551939964294,0.082070455,0.30287706294911915,0.9778213500976562,0.00547693923690531
3582,1622016,472.86,60.35324004000001,452,198,1970,0.2,0.12094523012638092,0.0003,1.394952688831836,0.3777099609375,0.0376439243555069,0.08432004,0.3095312166871736,0.9799808859825134,0.0019056931235354568
3604,1630208,474.99,60.366868409999995,452,199,1980,0.2,0.11990253627300262,0.0003,1.3965337053872644,0.3912353515625,0.12184881418943405,0.10231846,0.32228138244827276,0.9672353863716125,-0.0052008285776992125
3625,1638400,478.94,60.90199873000002,451,200,1990,0.2,0.11919745057821274,0.0003,1.401471664197743,0.40528564453125,0.08274790644645691,0.08841945,0.37049321295344273,0.9632466435432434,0.002181230423047964
3647,1646592,479.05,61.04301801000001,451,201,2000,0.2,0.1163143664598465,0.0003,1.448130833543837,0.39925537109375,0.15602056682109833,0.10094996,0.38911242741451135,0.9694006443023682,0.003937776611564914
3669,1654784,472.33,60.22394322000001,451,202,2010,0.2,0.11754344403743744,0.0003,1.4488061047159135,0.40511474609375,0.5519469976425171,0.09414099,0.5450510410810239,0.9531809687614441,0.006950660496659111
3691,1662976,472.7,60.20304958999999,450,203,2020,0.2,0.11658694595098495,0.0003,1.4512276998721063,0.42117919921875,0.17596617341041565,0.094650984,0.789290835900465,0.9547950029373169,0.003328173956469982
3713,1671168,469.53,59.77065861,450,204,2030,0.2,0.11644786596298218,0.0003,1.456371915433556,0.38876953125,0.14473536610603333,0.09739262,0.44035078175365927,0.9688164591789246,0.002327154795966635
3735,1679360,468.16,59.72831101999999,449,205,2040,0.2,0.11481986939907074,0.0003,1.4696471251547336,0.41187744140625,0.153786301612854,0.12642625,0.4213294722925639,0.9663441777229309,0.0007660043194846367
3757,1687552,472.72,60.39434183,449,206,2050,0.2,0.11527738720178604,0.0003,1.4775173930451273,0.4072998046875,0.06263536959886551,0.08859323,0.3096827378933085,0.9724302887916565,0.0009821176159675814
3778,1695744,476.68,60.996809379999995,448,207,2060,0.2,0.11504468321800232,0.0003,1.4790261848829687,0.408251953125,0.09781280159950256,0.096941054,0.31237942033912985,0.9752167463302612,-0.0012229806116010877
3800,1703936,485.4,62.26511732,448,208,2070,0.2,0.11677103489637375,0.0003,1.470107289776206,0.3925048828125,0.06420400738716125,0.09089513,0.3531894012587145,0.9719035625457764,-0.0002524199997424148
3822,1712128,489.31,63.06286975,447,209,2080,0.2,0.11650917679071426,0.0003,1.4597541310824453,0.388330078125,0.03586708381772041,0.07901604,0.1858244232906145,0.9861568808555603,0.0012429557802533964
3845,1720320,494.02,63.73668258000001,447,210,2090,0.2,0.1150331199169159,0.0003,1.470995964296162,0.38306884765625,0.08185496926307678,0.09236567,0.2628827435131825,0.979938805103302,-0.00025600031858630246
3866,1728512,497.58,64.26956366,447,211,2100,0.2,0.11410492658615112,0.0003,1.4943231489509343,0.37821044921875,0.030548997223377228,0.092901886,0.28203829978156136,0.9799067974090576,-0.00269964054114098
3888,1736704,496.31,64.08713466,446,212,2110,0.2,0.11449810117483139,0.0003,1.4914790896698833,0.3931884765625,0.028321493417024612,0.10042831,0.21959085647104076,0.9839354753494263,-0.0002866610956516524
3910,1744896,493.23,63.57048387999999,446,213,2120,0.2,0.11375913769006729,0.0003,1.5005167327821254,0.38778076171875,0.001980576664209366,0.08550373,0.2754019404514111,0.9674694538116455,7.764382862660569e-05
3931,1753088,491.89,63.29104468,445,214,2130,0.2,0.11422857642173767,0.0003,1.5048759939149021,0.40908203125,0.389095276594162,0.10951026,0.551910929393489,0.9568893313407898,0.0058674416270150685
3952,1761280,494.38,63.59023529999999,445,215,2140,0.2,0.11398938298225403,0.0003,1.5025382624939083,0.4207275390625,0.05874922499060631,0.11447172,0.24153468527947553,0.9821316003799438,0.007367140987935272
3972,1769472,497.36,64.15826947,445,216,2150,0.2,0.111949622631073,0.0003,1.523921528365463,0.402734375,0.08314652740955353,0.11425543,0.23258234850509324,0.9794961810112,-0.0024269654455565614
3992,1777664,497.63,64.25049069999999,445,217,2160,0.2,0.1118558943271637,0.0003,1.5350042257457972,0.40206298828125,0.08035281300544739,0.09912668,0.15615024588041707,0.9886202216148376,0.0051197547629271865
4013,1785856,503.78,65.05667651,444,218,2170,0.2,0.1101963073015213,0.0003,1.5532894908450543,0.3835693359375,-0.004300246015191078,0.11290443,0.20158739166945452,0.9822737574577332,-0.0004897748331131879
4034,1794048,510.08,65.99174191000002,444,219,2180,0.2,0.11040657758712769,0.0003,1.563248109165579,0.38922119140625,0.09022755920886993,0.09262324,0.2367927551342291,0.9845125675201416,0.001092903988865146
4055,1802240,514.54,66.56179697000002,444,220,2190,0.2,0.10985264182090759,0.0003,1.5724176826886833,0.40369873046875,0.027656996622681618,0.097812034,0.19749381636065663,0.9855963587760925,-0.0010378822205893811
4076,1810432,511.31,66.02362151,444,221,2200,0.2,0.10903613269329071,0.0003,1.5837651173584164,0.3970703125,0.1293613314628601,0.1057401,0.26242634502996226,0.9818785190582275,0.001327757708804711
4096,1818624,510.27,65.65873098999998,443,222,2210,0.2,0.10799641162157059,0.0003,1.6022622991353273,0.4017822265625,0.03501300513744354,0.10220988,0.2570139725416084,0.9822455048561096,-0.0002058755009784363
4117,1826816,512.62,65.92502458,443,223,2220,0.2,0.10726253688335419,0.0003,1.6190339180640876,0.394580078125,0.09507229924201965,0.10839677,0.2893374970240984,0.9813308715820312,0.0004273949311027536
4139,1835008,510.95,65.67742254000001,443,224,2230,0.2,0.10542191565036774,0.0003,1.6491763131693005,0.42291259765625,0.13774541020393372,0.1163407,0.2151489603704249,0.9771227836608887,0.003381756484031939
4159,1843200,513.13,66.01757822,443,225,2240,0.2,0.10475927591323853,0.0003,1.6735886457376181,0.4046875,0.0008315891027450562,0.09396906,0.2653805463196477,0.9788138270378113,-0.0017544918240673724
4181,1851392,514.67,66.22613987,442,226,2250,0.2,0.10378120839595795,0.0003,1.6884819049388171,0.41202392578125,0.01734294183552265,0.09060136,0.07201020927313947,0.9910171627998352,0.0009675625060481252
4202,1859584,512.85,65.99328638,442,227,2260,0.2,0.10311605036258698,0.0003,1.6926990176551044,0.4218017578125,-0.005441093817353249,0.1410601,0.08250560211090488,0.9887722730636597,0.0055329853557395834
4223,1867776,511.93,65.82714206,442,228,2270,0.2,0.10203845053911209,0.0003,1.7173078160732984,0.3975830078125,0.06506290286779404,0.16383764,0.3093147773164674,0.9647403955459595,-0.0036910994684149047
4243,1875968,503.38,64.48437638,442,229,2280,0.2,0.09950010478496552,0.0003,1.755466647259891,0.42869873046875,0.04765687882900238,0.17458951,0.32365726448915666,0.9760844707489014,-0.0002631999888762948
4265,1884160,500.25,63.815648689999996,441,230,2290,0.2,0.09972915798425674,0.0003,1.7730515395291149,0.40850830078125,0.1302458643913269,0.13277897,0.3598035933289793,0.9717099666595459,0.0062209391620854145
4286,1892352,492.68,62.54600099999999,441,231,2300,0.2,0.10094209015369415,0.0003,1.7641702382825315,0.4295654296875,0.10767261683940887,0.11686661,0.25160343633469895,0.9770379066467285,0.002201085853721452
4307,1900544,488.76,62.03956961000001,441,232,2310,0.2,0.10048028826713562,0.0003,1.7579782706685365,0.42366943359375,0.05836694687604904,0.10222989,0.26491846773278666,0.9804588556289673,0.006078364672521275
4329,1908736,486.55,61.48399550999999,440,233,2320,0.2,0.10062771290540695,0.0003,1.7579549476504326,0.41800537109375,0.11593146622180939,0.10417187,0.3223123053117888,0.9795830845832825,0.00444405167545483
4350,1916928,487.91,61.724792699999995,440,234,2330,0.2,0.09942445158958435,0.0003,1.7635797847993673,0.4086181640625,0.14770755171775818,0.12556309,0.3431649453516002,0.9631907343864441,-0.005013917757605668
4371,1925120,496.55,62.74931971,440,235,2340,0.2,0.09941919147968292,0.0003,1.7776338091120123,0.41641845703125,0.04630180075764656,0.09600567,0.2258563091090764,0.9820324778556824,0.010207265417739109
4392,1933312,496.63,62.83975689,440,236,2350,0.2,0.09867936372756958,0.0003,1.7824030743911863,0.4381591796875,0.08854053914546967,0.12421624,0.3044273466250161,0.9754759669303894,0.0057712583293323405
4413,1941504,496.36,62.74084563,439,237,2360,0.2,0.09693741798400879,0.0003,1.8089879089035095,0.45496826171875,-0.026231396943330765,0.13118032,0.13166473657765893,0.9770171642303467,0.0026110893557415695
4435,1949696,491.23,61.76998062999999,439,238,2370,0.2,0.09682011604309082,0.0003,1.8310732441954314,0.4443603515625,0.10361262410879135,0.16294724,0.30859864737140014,0.9718657732009888,0.002828618209605338
4456,1957888,497.69,62.77953092,439,239,2380,0.2,0.09711958467960358,0.0003,1.8206286067143083,0.45042724609375,0.2118212729692459,0.12848525,0.48892700183787385,0.9675887227058411,0.00011876491571456426
4476,1966080,499.58,63.02776460000001,439,240,2390,0.2,0.09683680534362793,0.0003,1.8301372349262237,0.4759033203125,0.15987612307071686,0.12251739,0.255868748264038,0.975617527961731,0.007630332463122613
4498,1974272,495.3,62.71450310000001,438,241,2400,0.2,0.09528034925460815,0.0003,1.8475447994656862,0.44500732421875,0.0688667744398117,0.12339336,0.21264381602668436,0.9772379994392395,-0.00253441643781116
4519,1982464,500.35,63.5664294,438,242,2410,0.2,0.09468372166156769,0.0003,1.8695366539992393,0.44151611328125,0.024525649845600128,0.12860247,0.17278001951344776,0.9804317951202393,0.002471868147404166
4540,1990656,495.82,63.08457764999999,438,243,2420,0.2,0.09432615339756012,0.0003,1.8762573874555528,0.44376220703125,-0.004138203337788582,0.17244892,0.20495055312785554,0.9840548634529114,0.000500687894418661
4561,1998848,493.62,62.945945959999996,438,244,2430,0.2,0.09411320835351944,0.0003,1.8823574215173722,0.4135009765625,0.18034547567367554,0.14140536,0.37208342731755695,0.9597234725952148,0.0028724894056722404
4582,2007040,494.95,63.383867120000005,437,245,2440,0.2,0.09332168847322464,0.0003,1.8942473768256605,0.430615234375,0.028172258287668228,0.16703048,0.46724200775206554,0.9738930463790894,0.011796667376074765
4603,2015232,483.31,61.718297189999994,437,246,2450,0.2,0.09230735898017883,0.0003,1.9105476223863662,0.46676025390625,0.030783094465732574,0.13713086,0.27474823025549994,0.9742575287818909,0.011984196782987056
4625,2023424,474.91,60.46163473000001,437,247,2460,0.2,0.0926356390118599,0.0003,1.9152161131612957,0.423974609375,0.10951283574104309,0.15760863,0.7519931331538828,0.9473259449005127,0.01046408873899054
4646,2031616,463.55,58.79231468000001,437,248,2470,0.2,0.09194408357143402,0.0003,1.9111171872355044,0.46912841796875,0.16408349573612213,0.16391851,0.44810118653404063,0.9557827711105347,0.00018021989963017403
4667,2039808,465.66,59.057448380000004,437,249,2480,0.2,0.09258995205163956,0.0003,1.9179413569159807,0.4364990234375,0.23988917469978333,0.15161267,0.47386571349343287,0.960577130317688,0.014539974319450265
4688,2048000,464.86,58.90924258000001,436,250,2490,0.2,0.09414568543434143,0.0003,1.8917331718839705,0.42923583984375,0.053484708070755005,0.12043929,0.3712254606347415,0.978786826133728,0.013381569870671229
4708,2056192,464.92,58.8624628,436,251,2500,0.2,0.09392407536506653,0.0003,1.8895957566797734,0.43004150390625,0.12761110067367554,0.12772936,0.45840681697591207,0.9758217334747314,0.013294017292537319
4728,2064384,473.36,60.12374177000001,436,252,2510,0.2,0.09355401992797852,0.0003,1.8924155550077557,0.45308837890625,0.061658792197704315,0.13852598,0.3394626280263765,0.973889946937561,0.005778008205288643
4746,2072576,484.33,61.78473902999999,436,253,2520,0.2,0.09229683876037598,0.0003,1.9112788347527385,0.45751953125,0.09204816073179245,0.14548218,0.3016256893650279,0.9766259789466858,0.007742521304862748
4761,2080768,493.59,63.09300679000001,436,254,2530,0.2,0.09202711284160614,0.0003,1.9295390335842968,0.45616455078125,0.07308956235647202,0.14203781,0.1528098868802772,0.9845961332321167,0.009917681849765358
4776,2088960,501.09,64.16984191,437,255,2540,0.2,0.09146114438772202,0.0003,1.9312581258825958,0.4468994140625,0.010658679530024529,0.12910807,0.25383705964341063,0.9768222570419312,0.003926565592337283
4791,2097152,508.92,65.30092347,437,256,2550,0.2,0.09073810279369354,0.0003,1.9487691149115562,0.45028076171875,0.04052983596920967,0.14003442,0.16298442907136632,0.9891560077667236,0.005861117202039167
4806,2105344,510.48,65.51242160000001,438,257,2560,0.2,0.08881371468305588,0.0003,1.9864734021015464,0.45869140625,-0.03158627822995186,0.13831136,0.08757144161936595,0.992382287979126,0.004893508990880946
4822,2113536,512.01,65.87443528,438,258,2570,0.2,0.09006752073764801,0.0003,1.9741703416220844,0.4284423828125,0.058062225580215454,0.130012,0.36326411435366024,0.9795156717300415,0.007162431389224367
4837,2121728,511.9,65.86005769,438,259,2580,0.2,0.09047739207744598,0.0003,1.9556714133359492,0.46064453125,0.06480381637811661,0.132619,0.28689810111827685,0.9772960543632507,0.011954998282271844
4854,2129920,509.8,65.59784884999999,438,260,2590,0.2,0.09207866340875626,0.0003,1.9287851629778743,0.46085205078125,-0.005132229998707771,0.16364856,0.12158865361343488,0.9857195019721985,0.011775462500736467
4873,2138112,509.8,65.67544011,438,261,2600,0.2,0.09192124009132385,0.0003,1.931667533889413,0.44334716796875,0.06847665458917618,0.12339172,0.393435646299622,0.969918429851532,0.007587327711689795
4893,2146304,503.27,64.75955733,438,262,2610,0.2,0.09151406586170197,0.0003,1.9337970352731646,0.44248046875,0.0436846986413002,0.122594364,0.1309545315314608,0.988609254360199,0.005640378170028271
4913,2154496,495.63,63.62110256,438,263,2620,0.2,0.08997620642185211,0.0003,1.9599115623161196,0.437255859375,0.05417272076010704,0.13401973,0.4741642088352819,0.9696381092071533,0.009440409173657826
4933,2162688,488.31,62.38690723999999,438,264,2630,0.2,0.08834101259708405,0.0003,1.9951358260586858,0.4370361328125,0.09525114297866821,0.17344609,0.48412972008518407,0.9634653329849243,0.007241758684358501
4953,2170880,481.56,61.288135579999995,438,265,2640,0.2,0.0873897522687912,0.0003,2.0147432832047345,0.45755615234375,0.08464719355106354,0.13269472,0.40691790616547224,0.9684814214706421,0.0037705330976677944
4975,2179072,473.64,60.11531378999999,437,266,2650,0.2,0.08740361034870148,0.0003,2.0254415860399604,0.46712646484375,0.12343596667051315,0.15973207,0.40088715339661574,0.9665387868881226,0.006999875898691244
4997,2187264,468.25,59.19954557,437,267,2660,0.2,0.08853898197412491,0.0003,2.0078771254979073,0.4429443359375,0.27247354388237,0.19729944,0.48944193514762446,0.971680223941803,0.02424068909149355
5017,2195456,468.89,59.22791671,437,268,2670,0.2,0.0893060564994812,0.0003,1.9844192993827163,0.431640625,0.34601452946662903,0.11913484,0.5160434478631941,0.9712746143341064,0.007189102854954399
5038,2203648,466.67,58.83822849999999,437,269,2680,0.2,0.08883322030305862,0.0003,1.983508296124637,0.446826171875,0.15565507113933563,0.13854402,0.5399964506359538,0.9549854397773743,0.008149486042748321
5059,2211840,464.41,58.443225850000005,437,270,2690,0.2,0.08871690183877945,0.0003,1.9828938400372862,0.428369140625,0.3372967839241028,0.14522605,0.4274223862812505,0.9699620008468628,0.002585518895284622
5079,2220032,459.4,57.589182900000004,437,271,2700,0.2,0.08912992477416992,0.0003,1.992236308939755,0.429931640625,0.0561070591211319,0.114761,0.40477936531533487,0.971752405166626,0.010778830416529672
5100,2228224,456.24,56.775680599999994,436,272,2710,0.2,0.09018294513225555,0.0003,1.9722663190215826,0.44078369140625,0.1861618161201477,0.16497338,0.35349579286557853,0.9643325805664062,0.00951193798314307
5121,2236416,448.92,55.726119649999994,436,273,2720,0.2,0.08907651901245117,0.0003,1.9794114532880485,0.44991455078125,0.20592240989208221,0.14168769,0.49489737609692386,0.9464341998100281,-0.00026265367541782324
5139,2244608,451.52,56.008248980000005,436,274,2730,0.2,0.08964882791042328,0.0003,1.9787760919891297,0.43765869140625,0.17467550933361053,0.12794045,0.49495314923406114,0.9584865570068359,0.009223653938170174
5158,2252800,444.56,54.87708665,436,275,2740,0.2,0.08872917294502258,0.0003,1.9808067400939762,0.462353515625,0.34736311435699463,0.14103693,0.42154359056439716,0.9670275449752808,0.003180588945360796
5177,2260992,445.63,55.03798848000001,436,276,2750,0.2,0.08716891705989838,0.0003,2.0016846240498127,0.43663330078125,0.16122643649578094,0.1804255,0.43484217989898755,0.9541499018669128,-0.00016277040849672632
5195,2269184,452.17,55.659256660000004,436,277,2760,0.2,0.08726727217435837,0.0003,2.031225351430476,0.45970458984375,0.19711850583553314,0.12913883,0.3472723332204623,0.973304033279419,0.00898288468579267
5214,2277376,458.29,56.47389909,436,278,2770,0.2,0.08703429996967316,0.0003,2.025822412595153,0.47252197265625,0.0898958146572113,0.15153006,0.431482578755822,0.9600170850753784,0.009222214900546533
5232,2285568,458.39,56.51614631,436,279,2780,0.2,0.08571995794773102,0.0003,2.0537818241864443,0.46922607421875,0.1519578993320465,0.14399365,0.3109532192116603,0.960864782333374,0.0054747328658777406
5251,2293760,464.88,57.603496029999995,436,280,2790,0.2,0.08523546159267426,0.0003,2.0674496034160255,0.459375,0.16897428035736084,0.16511196,0.3836629762634402,0.9580422639846802,0.002754674734751461
5269,2301952,470.11,58.29333804,436,281,2800,0.2,0.08521143347024918,0.0003,2.073662104830146,0.47322998046875,0.32657313346862793,0.15041795,0.5171302255912451,0.9591168165206909,0.011853910628451559
5288,2310144,472.89,58.866616279999995,436,282,2810,0.2,0.08519607782363892,0.0003,2.07673775870353,0.48037109375,0.023957423865795135,0.1953657,0.3056370373000391,0.9729849696159363,0.006993645254442527
5306,2318336,471.06,59.116287699999994,436,283,2820,0.2,0.08514827489852905,0.0003,2.0723718566820026,0.450830078125,0.02096772938966751,0.16792378,0.35072952076006914,0.9663777351379395,0.0009407951276443783
5326,2326528,471.07,59.477072690000014,436,284,2830,0.2,0.0857660174369812,0.0003,2.060070614516735,0.437353515625,0.10123510658740997,0.12221603,0.4441023098261212,0.9722630381584167,0.009030158722634952
5345,2334720,472.97,59.750254350000006,436,285,2840,0.2,0.08633929491043091,0.0003,2.048347536288202,0.46668701171875,0.18675017356872559,0.15652505,0.3812534320561099,0.9699849486351013,0.005239238812646363
5365,2342912,472.53,59.851014209999995,436,286,2850,0.2,0.08572738617658615,0.0003,2.05531685333699,0.46455078125,0.2778926193714142,0.13868749,0.4931843694386771,0.9666979312896729,0.0033592426369068564
5386,2351104,473.41,59.94083908,436,287,2860,0.2,0.08447428047657013,0.0003,2.0675286259502172,0.46689453125,0.31908857822418213,0.1680943,0.4265546717768302,0.9612404108047485,0.0058051176640219635
5408,2359296,478.44,60.71475378000001,436,288,2870,0.2,0.08485374599695206,0.0003,2.0869727408513428,0.47529296875,0.187566876411438,0.14744928,0.4040302521461854,0.960314154624939,0.0041116019510809565
5427,2367488,482.53,61.43352323999999,436,289,2880,0.2,0.0849674642086029,0.0003,2.0786624951288104,0.46864013671875,0.006944291293621063,0.14048484,0.3634591467038263,0.9729133248329163,0.0065920042185098286
5445,2375680,486.66,61.79620754,436,290,2890,0.2,0.08554370701313019,0.0003,2.0686407018452884,0.48428955078125,0.14351016283035278,0.18372883,0.35103162211598826,0.974700391292572,0.009081642233286401
5463,2383872,488.85,62.067420580000004,436,291,2900,0.2,0.08453443646430969,0.0003,2.0783644929528236,0.46396484375,0.048760876059532166,0.14584035,0.31536646730819484,0.9768450260162354,0.002080242268857546
5483,2392064,490.49,62.39492593,436,292,2910,0.2,0.08370519429445267,0.0003,2.0989585319533943,0.45775146484375,0.1477651596069336,0.12360486,0.4086871318490012,0.9720388650894165,0.0034909361997051747
5502,2400256,493.58,63.00394493999999,436,293,2920,0.2,0.08295601606369019,0.0003,2.1196740958839655,0.46773681640625,0.07914265990257263,0.14032356,0.3944839083298575,0.9653159379959106,0.004704430972742557
5522,2408448,487.81,62.076496389999996,436,294,2930,0.2,0.08284410834312439,0.0003,2.130942815542221,0.456982421875,0.05183734744787216,0.135952,0.28284015123499556,0.9787468314170837,0.013139867019890516
5540,2416640,483.78,61.394352690000005,436,295,2940,0.2,0.08409370481967926,0.0003,2.1183027083054187,0.4228271484375,0.10392428934574127,0.11915376,0.4763460570204188,0.9696352481842041,0.009917068757386006
5559,2424832,484.25,61.75826290999999,436,296,2950,0.2,0.08587336540222168,0.0003,2.0758004315197467,0.43408203125,0.1095496118068695,0.11477274,0.43948338799818887,0.9721612930297852,0.015845705156243638
5578,2433024,484.83,61.96476985,436,297,2960,0.2,0.08544875681400299,0.0003,2.0645497789606453,0.47122802734375,0.2826133072376251,0.13423264,0.29643472869211107,0.9742451906204224,0.016626706881106658
5596,2441216,490.1,62.766549190000006,436,298,2970,0.2,0.0844147652387619,0.0003,2.0770807849243282,0.44617919921875,0.053635142743587494,0.1317794,0.32012782294186765,0.9776062965393066,0.008109242786667891
5616,2449408,486.71,62.357919380000006,436,299,2980,0.2,0.08375422656536102,0.0003,2.1012738505378366,0.44542236328125,0.01056705042719841,0.11103428,0.307205274682201,0.9814466238021851,0.005158535706868861
5635,2457600,493.53,63.25173887,436,300,2990,0.2,0.08305376023054123,0.0003,2.1173543274402618,0.449365234375,0.21167346835136414,0.13130075,0.3083694607790676,0.9790429472923279,0.0038716539600045508
5654,2465792,497.36,63.71806486000002,436,301,3000,0.2,0.08272570371627808,0.0003,2.1239679258316757,0.4795654296875,0.02650020644068718,0.14549196,0.20596728049131344,0.9772264957427979,0.001302530855355144
5674,2473984,492.14,62.84464647000001,436,302,3010,0.2,0.08198121190071106,0.0003,2.149290096387267,0.45369873046875,0.05334199219942093,0.10856949,0.33555367644294165,0.9687942266464233,0.0010090529690387484
5693,2482176,493.48,63.02435054999999,435,303,3020,0.2,0.08156632632017136,0.0003,2.157075538299978,0.44383544921875,0.06393463909626007,0.17604399,0.3585579486389179,0.973787248134613,0.0083908494498246
5712,2490368,491.17,62.7119486,435,304,3030,0.2,0.08293260633945465,0.0003,2.1417406514286994,0.47620849609375,0.03343888372182846,0.14700961,0.3041165616334183,0.9812769889831543,0.00772008379080944
5732,2498560,487.38,62.02980055,435,305,3040,0.2,0.08302367478609085,0.0003,2.127796834334731,0.47542724609375,0.06279287487268448,0.12885174,0.20432641119114123,0.9831985831260681,0.00786736188820214
5751,2506752,480.77,60.987345600000005,435,306,3050,0.2,0.08300797641277313,0.0003,2.1177572797983886,0.46820068359375,0.10350543260574341,0.14579558,0.41297895854804667,0.9606226682662964,0.0009160198180325097
5770,2514944,480.66,61.11972116,435,307,3060,0.2,0.08320057392120361,0.0003,2.1175458757206798,0.476953125,0.10530069470405579,0.14152876,0.42993495130795056,0.9682822823524475,0.006058364342243295
5789,2523136,481.22,61.17274209999999,435,308,3070,0.2,0.08307264745235443,0.0003,2.1181215232238175,0.46995849609375,0.03248027712106705,0.14737433,0.3276885710598435,0.9687488079071045,0.007267443656019168
5812,2531328,474.71,60.25626573000002,435,309,3080,0.2,0.08366724848747253,0.0003,2.1158703973516824,0.4656005859375,0.014238212257623672,0.14234766,0.3858259020606056,0.9703381061553955,0.002466372056187538
5834,2539520,471.63,59.904273489999994,435,310,3090,0.2,0.08385253697633743,0.0003,2.10969554875046,0.45299072265625,0.10100976377725601,0.12191678,0.37528101077186876,0.9731635451316833,0.0031239008274496884
