cell,set,diversity,track,episode,eval_seed,n_identical_episodes,spawn_idx,spawn_s_m,progress_m,crash_s_m,crash_idx,half_width_m,curvature_1m_abs,curvature_2m_abs,lookback_min_width_m,lookback_max_curv,outside_train_point,outside_train_lookback,narrower_than_train,sharper_than_train,sharper_than_train_2m,outside_own_pool_point,outside_own_pool_lookback,width_rank_track,curv_rank_track,lookback_width_rank_track,lookback_curv_rank_track,n_driven_points,width_rank_driven,curv_rank_driven,p_ood_point_track,p_ood_lookback_track,p_ood_own_pool_point_track
SAC_d100,real,100,Austin,0,0,2,5,0.5,25.695,26.2,262,0.9769,0,0,0.9668,1e-05,True,True,True,False,False,True,True,0.31679,1,0.74068,1,206,0.20388,1,1,1,1
SAC_d100,real,100,Austin,2,2,2,8,0.8,43.063,43.86,439,0.9721,0.00399,0.00625,0.9666,0.00399,True,True,True,False,False,True,True,0.14818,0.59725,0.6312,0.76775,380,0.10526,0,1,1,1
SAC_d100,real,100,Austin,4,4,1,7,0.7,5.807,6.51,65,0.9902,4e-05,4e-05,0.9666,7e-05,True,True,True,False,False,True,True,0.75232,0.91071,0.6312,0.92021,8,,,1,1,1
SAC_d100,real,100,BrandsHatch,0,0,2,5,0.5,65.682,66.18,662,1.2763,0.00622,0.00584,1.2731,0.03819,True,True,True,False,False,True,True,0.98091,0.627,0.99354,0.56722,606,0.97855,0.80528,1,1,1
SAC_d100,real,100,BrandsHatch,2,2,2,8,0.8,57.366,58.17,582,1.2581,0.3262,0.33632,1.2535,0.50001,True,True,True,False,False,True,True,0.13416,0.019366,0.2352,0.014314,523,0.09369,0.017208,1,1,1
SAC_d100,real,100,BrandsHatch,4,4,1,7,0.7,38.215,38.91,389,1.2763,0.03122,0.02912,1.2682,0.03122,True,True,True,False,False,True,True,0.98091,0.39209,0.98541,0.61549,332,0.97892,0.61747,1,1,1
SAC_d100,real,100,Budapest,0,0,2,5,0.5,37.552,38.05,381,1.2388,0.00045,0.00045,1.2386,0.00045,True,True,True,False,False,True,True,0.10482,0.85147,0.81371,0.92971,325,0.055385,0.064615,1,1,1
SAC_d100,real,100,Budapest,2,2,2,8,0.8,54.965,55.77,558,1.2528,0.12627,0.14855,1.2384,0.12627,True,True,True,False,False,True,True,0.74218,0.22926,0.78912,0.39667,499,0.90982,0,1,1,1
SAC_d100,real,100,Budapest,4,4,1,7,0.7,43.178,43.88,439,1.2511,0.00086,0.00086,1.2382,0.00086,True,True,True,False,False,True,True,0.68952,0.77993,0.73174,0.8691,381,0.85827,0,1,1,1
SAC_d100,real,100,Catalunya,0,0,2,5,0.5,36.772,37.27,373,1.2163,0.00021,0.00021,1.2103,0.00021,True,True,True,False,False,True,True,0.3011,0.84069,0.85221,0.8822,317,0.30915,0,1,1,1
SAC_d100,real,100,Catalunya,2,2,2,8,0.8,30.528,31.33,313,1.2186,0.00015,0.00015,1.2089,0.00015,True,True,True,False,False,True,True,0.42946,0.87956,0.58589,0.91555,255,0.50196,0,1,1,1
SAC_d100,real,100,Catalunya,4,4,1,7,0.7,32.379,33.08,331,1.227,0.00017,0.00017,1.2089,0.00017,True,True,True,False,False,True,True,0.76895,0.8654,0.58589,0.90427,273,0.81319,0,1,1,1
SAC_d100,real,100,Hockenheim,0,0,2,5,0.5,26.621,27.12,271,1.0446,0.00217,0.00226,1.0321,0.13107,True,True,True,False,False,True,True,0.55015,0.78883,0.56349,0.34843,216,0.43981,0.76852,1,1,1
SAC_d100,real,100,Hockenheim,2,2,2,8,0.8,144.28,145.08,1451,1.0392,0.00034,0.00036,1.0262,0.00647,True,True,True,False,False,True,True,0.31592,0.9511,0.070853,0.7591,1392,0.28089,0.97486,1,1,1
SAC_d100,real,100,Hockenheim,4,4,1,7,0.7,33.282,33.98,340,1.0462,0.0419,0.04114,1.0314,0.04558,True,True,True,False,False,True,True,0.60017,0.29175,0.48708,0.44957,282,0.47163,0.10638,1,1,1
SAC_d100,real,100,IMS,0,0,2,5,0.5,23.428,23.93,239,0.9753,0.03873,0.03877,0.9578,0.03873,True,True,True,False,False,True,True,0.45684,0.35722,0.40328,0.42545,184,0.19022,0,1,1,1
SAC_d100,real,100,IMS,2,2,2,8,0.8,14.831,15.63,156,0.9869,0.00023,0.00023,0.9713,0.00023,True,True,True,False,False,True,True,0.99352,0.66667,0.79188,0.70795,98,,,1,1,1
SAC_d100,real,100,IMS,4,4,1,7,0.7,30.584,31.28,313,0.9638,0.05432,0.05438,0.9484,0.06851,True,True,True,False,False,True,True,0.21972,0.1624,0.10167,0.083589,255,0.062745,0,1,1,1
SAC_d100,real,100,Melbourne,0,0,2,5,0.5,85.488,85.99,860,1.1658,0.00206,0.00133,1.1456,0.02586,True,True,True,False,False,True,True,0.72612,0.74995,0.67468,0.56905,804,0.71642,0.5709,1,1,1
SAC_d100,real,100,Melbourne,2,2,2,8,0.8,91.937,92.74,927,1.1713,0.00938,0.00939,1.1451,0.00938,True,True,True,False,False,True,True,0.82437,0.52709,0.61375,0.69871,869,0.85386,0.39586,1,1,1
SAC_d100,real,100,Melbourne,4,4,1,7,0.7,35.609,36.31,363,1.1454,0.05539,0.04822,1.1401,0.61169,True,True,True,False,False,True,True,0.11132,0.22496,0.37255,0.075058,306,0,0,1,1,1
SAC_d100,real,100,MexicoCity,0,0,2,5,0.5,12.442,12.94,129,1.0945,0.00014,0.00014,1.0862,0.00036,True,True,True,False,False,True,True,0.36221,0.80628,0.69106,0.79507,74,,,1,1,1
SAC_d100,real,100,MexicoCity,2,2,2,8,0.8,14.289,15.09,151,1.0924,5e-05,5e-05,1.0858,0.00024,True,True,True,False,False,True,True,0.27951,0.88366,0.485,0.83011,92,,,1,1,1
SAC_d100,real,100,MexicoCity,4,4,1,7,0.7,19.306,20.01,200,1.0995,0.0001,0.0001,1.0858,0.0001,True,True,True,False,False,True,True,0.51191,0.82506,0.485,0.87721,143,0.58741,0.93007,1,1,1
SAC_d100,real,100,Montreal,0,0,2,5,0.5,3.649,4.15,41,0.6777,0.0448,0.04485,0.6555,0.04918,True,True,True,False,False,True,True,0.73974,0.26903,0.31533,0.46124,0,,,1,1,1
SAC_d100,real,100,Montreal,2,2,2,8,0.8,3.396,4.2,42,0.6759,0.04441,0.04444,0.6555,0.04918,True,True,True,False,False,True,True,0.55314,0.27008,0.31533,0.46124,0,,,1,1,1
SAC_d100,real,100,Montreal,4,4,1,7,0.7,3.504,4.2,42,0.6759,0.04441,0.04444,0.6555,0.04918,True,True,True,False,False,True,True,0.55314,0.27008,0.31533,0.46124,0,,,1,1,1
SAC_d100,real,100,Monza,0,0,2,5,0.5,13.05,13.55,136,0.9511,0.00048,0.00047,0.9403,0.00048,True,True,True,False,False,True,True,0.1466,0.68774,0.28424,0.7774,80,,,1,1,1
SAC_d100,real,100,Monza,2,2,2,8,0.8,30.107,30.91,309,1.0031,0.00094,0.00094,0.9412,0.00108,True,True,True,False,False,True,True,0.95024,0.61063,0.66644,0.68505,251,0.93227,0,1,1,1
SAC_d100,real,100,Monza,4,4,1,7,0.7,21.554,22.25,223,0.9572,0.00045,0.00045,0.941,0.00045,True,True,True,False,False,True,True,0.24994,0.6976,0.53844,0.78413,165,0.23636,0.09697,1,1,1
SAC_d100,real,100,MoscowRaceway,0,0,2,5,0.5,24.06,24.56,246,1.0801,0.00036,0.00036,1.074,0.00036,True,True,True,False,False,True,True,0.61586,0.87577,0.90675,0.9684,190,0.73158,0.44737,1,1,1
SAC_d100,real,100,MoscowRaceway,2,2,2,8,0.8,44.066,44.87,449,1.086,0.75751,0.59244,1.0649,0.99636,True,True,True,True,False,True,True,0.85037,0.010843,0.35533,0.033457,390,0.95897,0,1,1,1
SAC_d100,real,100,MoscowRaceway,4,4,1,7,0.7,51.357,52.06,521,1.0803,0.00629,0.02115,1.0624,0.28106,True,True,True,False,False,True,True,0.68247,0.50713,0.097584,0.36338,463,0.74298,0.25918,1,1,1
SAC_d100,real,100,Nuerburgring,0,0,2,5,0.5,11.632,12.13,121,1.1738,0.0007,0.00052,1.1317,0.0007,True,True,True,False,False,True,True,0.94935,0.76109,0.632,0.8541,66,,,1,1,1
SAC_d100,real,100,Nuerburgring,2,2,2,8,0.8,32.174,32.97,330,1.1316,0.3573,0.32571,1.1301,0.3573,True,True,True,False,False,True,True,0.038548,0.030704,0.48342,0.12976,271,0.02214,0,1,1,1
SAC_d100,real,100,Nuerburgring,4,4,1,7,0.7,33.027,33.73,337,1.1473,0.53655,0.50168,1.1301,0.53655,True,True,True,False,False,True,True,0.51838,0.0071717,0.48342,0.029583,280,0.41786,0,1,1,1
SAC_d100,real,100,Oschersleben,0,0,2,5,0.5,25.148,25.65,256,0.9682,0.07119,0.09633,0.9585,0.07119,True,True,True,False,False,True,True,0.45207,0.34279,0.14801,0.52301,201,0.50249,0,1,1,1
SAC_d100,real,100,Oschersleben,2,2,2,8,0.8,24.289,25.09,251,0.9665,0.01797,0.03962,0.9585,0.01797,True,True,True,False,False,True,True,0.28796,0.40836,0.14801,0.56212,192,0.40625,0,1,1,1
SAC_d100,real,100,Oschersleben,4,4,1,7,0.7,24.506,25.21,252,0.965,0.02433,0.04832,0.9585,0.02433,True,True,True,False,False,True,True,0.13535,0.39724,0.14801,0.55368,195,0.28718,0,1,1,1
SAC_d100,real,100,Sakhir,0,0,2,5,0.5,24.254,24.75,248,1.1105,4e-05,4e-05,1.1105,4e-05,True,True,True,False,False,True,True,0.63416,0.9043,1,0.94344,192,0.64583,0.29167,1,1,1
SAC_d100,real,100,Sakhir,2,2,2,8,0.8,34.586,35.39,354,1.1107,6e-05,5e-05,1.1105,8e-05,True,True,True,False,False,True,True,0.64751,0.85498,1,0.87828,295,0.65763,0.14915,1,1,1
SAC_d100,real,100,Sakhir,4,4,1,7,0.7,33.66,34.36,344,1.1105,8e-05,8e-05,1.1105,8e-05,True,True,True,False,False,True,True,0.63416,0.82353,1,0.87828,286,0.63636,0,1,1,1
SAC_d100,real,100,SaoPaulo,0,0,2,5,0.5,12.357,12.86,129,1.1057,0.00127,0.00116,1.0877,0.00341,True,True,True,False,False,True,True,0.76211,0.8271,0.10502,0.85176,73,,,1,1,1
SAC_d100,real,100,SaoPaulo,2,2,2,8,0.8,33.411,34.21,342,1.0967,0.07886,0.10643,1.0862,0.59599,True,True,True,False,False,True,True,0.29301,0.31012,0.029591,0.040905,284,0.33451,0.19366,1,1,1
SAC_d100,real,100,SaoPaulo,4,4,1,7,0.7,22.235,22.94,229,1.1062,0.0865,0.10184,1.0878,0.0865,True,True,True,False,False,True,True,0.78271,0.28489,0.19785,0.50769,172,0.71512,0,1,1,1
SAC_d100,real,100,Sepang,0,0,2,5,0.5,54.376,54.88,549,1.1846,0.48832,0.39381,1.1846,0.48832,True,True,True,False,False,True,True,0.066119,0.016016,0.61602,0.092402,493,0.028398,0,1,1,1
SAC_d100,real,100,Sepang,2,2,2,8,0.8,32.354,33.15,332,1.209,2e-05,2e-05,1.1892,4e-05,True,True,True,False,False,True,True,0.80123,0.97741,0.95585,0.97413,273,0.66667,0.92674,1,1,1
SAC_d100,real,100,Sepang,4,4,1,7,0.7,32.454,33.15,332,1.209,2e-05,2e-05,1.1892,4e-05,True,True,True,False,False,True,True,0.80123,0.97741,0.95585,0.97413,274,0.66788,0.92701,1,1,1
SAC_d100,real,100,Shanghai,0,0,2,5,0.5,76.442,76.94,769,1.2373,0.13563,0.15142,1.2225,0.48532,True,True,True,False,False,True,True,0.5228,0.13522,0.35001,0.098654,714,0.58123,0.16246,1,1,1
SAC_d100,real,100,Shanghai,2,2,2,8,0.8,98.1,98.9,989,1.233,0.01116,0.01114,1.2231,0.25961,True,True,True,False,False,True,True,0.3054,0.41089,0.36106,0.17219,930,0.42151,0.53441,1,1,1
SAC_d100,real,100,Shanghai,4,4,1,7,0.7,52.658,53.36,534,1.2297,0.10772,0.1077,1.2193,0.10772,True,True,True,False,False,True,True,0.18947,0.22946,0.17963,0.37894,476,0.42647,0.035714,1,1,1
SAC_d100,real,100,Silverstone,0,0,2,5,0.5,80.931,81.43,814,1.002,0.86263,0.70735,0.9963,0.95359,True,True,True,True,True,True,True,0.22664,0.00131,0.82882,0.011135,759,0.18577,0,1,1,1
SAC_d100,real,100,Silverstone,2,2,2,8,0.8,44.015,44.81,448,1.0223,0.05087,0.05282,0.9996,0.05087,True,True,True,False,False,True,True,0.71616,0.32729,0.94738,0.5024,390,0.75385,0.15385,1,1,1
SAC_d100,real,100,Silverstone,4,4,1,7,0.7,44.084,44.78,448,1.0223,0.05087,0.05282,0.9996,0.05087,True,True,True,False,False,True,True,0.71616,0.32729,0.94738,0.5024,390,0.75385,0.15385,1,1,1
SAC_d100,real,100,Sochi,0,0,2,5,0.5,24.204,24.7,247,1.0208,0.00027,0.00027,1.0066,0.00027,True,True,True,False,False,True,True,0.62268,0.88185,0.90858,0.93898,192,0.78125,0.057292,1,1,1
SAC_d100,real,100,Sochi,2,2,2,8,0.8,20.777,21.58,216,1.0106,3e-05,3e-05,1.0066,4e-05,True,True,True,False,False,True,True,0.30099,0.98555,0.90858,0.99375,157,0.20382,0.93631,1,1,1
SAC_d100,real,100,Sochi,4,4,1,7,0.7,52.186,52.89,529,1.0308,0.00018,0.00018,1.0003,0.00725,True,True,True,False,False,True,True,0.81436,0.89953,0.60349,0.69621,471,0.93206,0.55839,1,1,1
SAC_d100,real,100,Spa,0,0,2,5,0.5,32.278,32.78,328,0.9963,0.27686,0.55833,0.9836,1.1045,True,True,True,False,False,True,True,0.41497,0.030298,0.63354,0.0091975,272,0.46324,0,1,1,1
SAC_d100,real,100,Spa,2,2,2,8,0.8,47.327,48.13,481,1.0079,0.02008,0.02007,0.9845,0.02008,True,True,True,False,False,True,True,0.78972,0.39675,0.69829,0.58521,423,0.78723,0.15366,1,1,1
SAC_d100,real,100,Spa,4,4,1,7,0.7,53.609,54.31,543,1.012,0.00597,0.00527,0.9833,0.02099,True,True,True,False,False,True,True,0.84364,0.56285,0.5468,0.56772,486,0.83745,0.42593,1,1,1
SAC_d100,real,100,Spielberg,0,0,2,5,0.5,34.897,35.4,354,1.0722,0.77534,0.57124,1.0625,0.77534,True,True,True,True,False,True,True,0.29324,0.0055329,0.47787,0.034653,298,0.44631,0,1,1,1
SAC_d100,real,100,Spielberg,2,2,2,8,0.8,43.423,44.22,442,1.0691,0.0159,0.0147,1.0643,0.06191,True,True,True,False,False,True,True,0.16016,0.41555,0.6028,0.39924,384,0.25781,0.14844,1,1,1
SAC_d100,real,100,Spielberg,4,4,1,7,0.7,20.732,21.43,214,1.0859,2e-05,2e-05,1.062,2e-05,True,True,True,False,False,True,True,0.90419,0.97146,0.22219,0.99272,157,0.94268,0.64331,1,1,1
SAC_d100,real,100,YasMarina,0,0,2,5,0.5,45.869,46.37,464,0.9395,0.2737,0.29682,0.9144,0.2737,True,True,True,False,False,True,True,0.85305,0.094197,0.80909,0.28837,408,0.8701,0.078431,1,1,1
SAC_d100,real,100,YasMarina,2,2,2,8,0.8,22.356,23.16,232,0.9178,0.00017,0.00017,0.9143,0.00023,True,True,True,False,False,True,True,0.22432,0.91786,0.77945,0.95705,173,0.35838,0.7052,1,1,1
SAC_d100,real,100,YasMarina,4,4,1,7,0.7,45.493,46.19,462,0.939,0.22595,0.25046,0.9144,0.22595,True,True,True,False,False,True,True,0.84099,0.10801,0.80909,0.31324,404,0.86386,0.091584,1,1,1
SAC_d100,real,100,Zandvoort,0,0,2,5,0.5,58.347,58.85,588,1.0448,0.04706,0.04623,1.0045,0.05384,True,True,True,False,False,True,True,0.98351,0.41933,0.20902,0.59716,533,1,0.22139,1,1,1
SAC_d100,real,100,Zandvoort,2,2,2,8,0.8,40.175,40.97,410,1.0197,0.29181,0.29784,1.0054,0.34713,True,True,True,False,False,True,True,0.56263,0.063144,0.42165,0.13763,351,0.61538,0.071225,1,1,1
SAC_d100,real,100,Zandvoort,4,4,1,7,0.7,37.928,38.63,386,1.0223,0.23474,0.25947,1.0046,0.37834,True,True,True,False,False,True,True,0.68299,0.10077,0.29124,0.092784,329,0.76596,0.048632,1,1,1
SAC_d100,test,100,test_track_0,0,0,2,5,0.5,86.008,86.51,865,1.4713,0.00433,0.00448,1.4627,0.03858,False,False,False,False,False,False,False,0.3854,0.63017,0.30381,0.66398,810,0.38395,0.6,0,0,0
SAC_d100,test,100,test_track_0,2,2,2,8,0.8,83.902,84.7,847,1.4721,0.00754,0.00775,1.4627,0.14261,False,False,False,False,False,False,False,0.43854,0.56951,0.30381,0.54053,789,0.42712,0.53612,0,0,0
SAC_d100,test,100,test_track_0,4,4,1,7,0.7,85.686,86.39,864,1.4672,0.00444,0.00457,1.4627,0.04121,False,False,False,False,False,False,False,0.11863,0.62802,0.30381,0.65969,806,0.081886,0.6005,0,0,0
SAC_d100,test,100,test_track_1,4,4,1,7,0.7,32.917,33.62,336,1.4717,0,0,1.4632,0,False,False,False,False,False,False,False,0.38405,1,0.60399,1,279,0.39068,1,0,0,0
SAC_d100,test,100,test_track_3,2,2,2,8,0.8,158.53,159.33,1593,1.4675,0.00012,0.00024,1.4616,0.57394,False,False,False,False,False,False,False,0.14354,0.82764,0.14141,0.16916,1535,0.11922,0.89837,0,0,0
SAC_d100,test,100,test_track_3,4,4,1,7,0.7,141.84,142.54,1425,1.4779,0.00177,0.00183,1.4627,0.04088,False,False,False,False,False,False,False,0.68837,0.70438,0.42369,0.6857,1368,0.70029,0.76681,0,0,0
SAC_d100,test,100,test_track_4,0,0,2,5,0.5,80.374,80.87,809,1.4635,0.54908,0.53279,1.4628,0.54908,False,False,False,False,False,False,False,0.035733,0.029518,0.41326,0.28845,753,0.022576,0.015936,0,0,0
SAC_d100,test,100,test_track_4,4,4,1,7,0.7,94.017,94.72,947,1.4784,0,0,1.4784,0.00235,False,False,False,False,False,False,False,0.63387,1,0.99845,0.75453,890,0.6191,1,0,0,0
SAC_d100,test,100,test_track_5,4,4,1,7,0.7,46.582,47.28,473,1.4797,0.2019,0.23757,1.4626,0.2019,False,False,False,False,False,False,False,0.70808,0.21291,0.31906,0.53739,415,0.66506,0.18795,0,0,0
SAC_d100,test,100,test_track_6,0,0,2,5,0.5,126.64,127.14,1271,1.4708,0,0,1.4648,0.0014,False,False,False,False,False,False,False,0.40169,1,0.70748,0.8269,1216,0.41859,1,0,0,0
SAC_d100,test,100,test_track_8,0,0,2,5,0.5,122.48,122.98,1230,1.491,0.31439,0.34051,1.4614,0.4144,False,False,False,False,False,False,False,0.91803,0.12872,0.092896,0.3394,1174,0.91908,0.12181,0,0,0
SAC_d100,test,100,test_track_8,2,2,2,8,0.8,23.4,24.2,242,1.4697,0,0,1.4663,0,False,False,False,False,False,False,False,0.31148,1,0.84578,1,183,0.36066,1,0,0,0
SAC_d100,test,100,test_track_8,4,4,1,7,0.7,23.668,24.37,244,1.4712,0,0,1.4663,0,False,False,False,False,False,False,False,0.39344,1,0.84578,1,186,0.45161,1,0,0,0
SAC_d100,test,100,test_track_9,0,0,2,5,0.5,89.304,89.8,898,1.4685,0.01598,0.01613,1.4633,0.11897,False,False,False,False,False,False,False,0.1606,0.50375,0.62473,0.58351,843,0.098458,0.39027,0,0,0
SAC_d100,test,100,test_track_9,2,2,2,8,0.8,151.09,151.89,1519,1.4698,0.60062,0.41474,1.4628,0.60062,False,False,False,False,False,False,False,0.30567,0.00053533,0.43469,0.027302,1460,0.30274,0,0,0,0
SAC_d100,test,100,test_track_9,4,4,1,7,0.7,163.8,164.5,1645,1.4853,0,0,1.4719,0,False,False,False,False,False,False,False,0.856,1,0.99251,1,1588,0.85642,1,0,0,0
SAC_d100,test,100,test_track_10,0,0,2,5,0.5,50.655,51.16,512,1.4871,0,0,1.4627,0.00032,False,False,False,False,False,False,False,0.86722,1,0.34778,0.88056,456,0.8136,1,0,0,0
SAC_d100,test,100,test_track_10,2,2,2,8,0.8,55.587,56.39,564,1.4636,0.18865,0.23876,1.4626,0.18865,False,False,False,False,False,False,False,0.044444,0.21111,0.29444,0.49389,505,0.029703,0.12673,0,0,0
SAC_d100,test,100,test_track_10,4,4,1,7,0.7,56.352,57.05,571,1.5071,0.56514,0.43466,1.4626,0.56514,False,False,False,False,False,False,False,0.95778,0.015556,0.29444,0.23778,513,0.91228,0.013645,0,0,0
SAC_d100,test,100,test_track_11,0,0,2,5,0.5,54.244,54.74,547,1.4695,0.00127,0.00129,1.4679,0.01605,False,False,False,False,False,False,False,0.29238,0.69514,0.90604,0.73062,492,0.31911,0.48374,0,0,0
SAC_d100,test,100,test_track_11,4,4,1,7,0.7,42.263,42.96,430,1.4742,0.03211,0.03248,1.4631,0.20257,False,False,False,False,False,False,False,0.54271,0.47898,0.66229,0.37451,372,0.53495,0.21774,0,0,0
SAC_d100,test,100,test_track_12,0,0,2,5,0.5,60.151,60.65,607,1.4699,0.03598,0.03652,1.4627,0.29119,False,False,False,False,False,False,False,0.35132,0.44185,0.59472,0.48082,551,0.41198,0.27223,0,0,0
SAC_d100,test,100,test_track_12,2,2,2,8,0.8,154.32,155.12,1551,1.4795,0.17627,0.19843,1.4649,0.3712,False,False,False,False,False,False,False,0.77158,0.22842,0.89568,0.41607,1493,0.78098,0.20496,0,0,0
SAC_d100,test,100,test_track_13,0,0,2,5,0.5,99.665,100.17,1002,1.4688,0.00026,0.00035,1.4687,0.00401,False,False,False,False,False,False,False,0.21825,0.78373,0.93006,0.80357,946,0.20402,0.76427,0,0,0
SAC_d100,test,100,test_track_14,0,0,2,5,0.5,131.35,131.85,1319,1.4675,0.1324,0.0459,1.4625,0.63154,False,False,False,False,False,False,False,0.11187,0.30346,0.28492,0.03152,1263,0.12985,0.32304,0,0,0
SAC_d100,test,100,test_track_14,2,2,2,8,0.8,140.17,140.97,1410,1.4857,0,0,1.4668,0.00405,False,False,False,False,False,False,False,0.88195,1,0.85785,0.81768,1351,0.88379,1,0,0,0
SAC_d100,test,100,test_track_15,0,0,2,5,0.5,79.108,79.61,796,1.4765,0.13053,0.16167,1.4631,0.13053,False,False,False,False,False,False,False,0.64098,0.19205,0.36697,0.46911,741,0.62348,0.1525,0,0,0
SAC_d100,test,100,test_track_15,2,2,2,8,0.8,84.639,85.44,854,1.4713,0.0017,0.00183,1.4688,0.32687,False,False,False,False,False,False,False,0.4208,0.60306,1,0.30214,796,0.4309,0.39196,0,0,0
SAC_d100,test,100,test_track_15,4,4,1,7,0.7,76.622,77.32,773,1.4825,0.05724,0.06143,1.4631,0.17227,False,False,False,False,False,False,False,0.76024,0.27462,0.36697,0.4159,716,0.73045,0.17737,0,0,0
SAC_d100,test,100,test_track_16,0,0,2,5,0.5,57.134,57.63,576,1.4688,0.28049,0.29627,1.4615,0.41302,False,False,False,False,False,False,False,0.24132,0.17916,0.19439,0.38818,521,0.34357,0.10173,0,0,0
SAC_d100,test,100,test_track_17,0,0,2,5,0.494,50.788,51.28,513,1.4651,0.50777,0.31798,1.4628,0.50777,False,False,False,False,False,False,False,0.087772,0.081719,0.47942,0.2954,457,0.14661,0.089716,0.0066586,0.038741,0.0066586
SAC_d100,test,100,test_track_17,2,2,2,8,0.807,154.41,155.22,1552,1.4876,0.08543,0.05765,1.4676,0.10182,False,False,False,False,False,False,False,0.85593,0.34806,0.99576,0.61017,1494,0.85609,0.34203,0.0066586,0.038741,0.0066586
SAC_d100,test,100,test_track_17,4,4,1,7,0.706,49.888,50.59,506,1.4793,0.05997,0.16422,1.4628,0.10853,False,False,False,False,False,False,False,0.65617,0.40738,0.47942,0.60048,448,0.625,0.1317,0.0066586,0.038741,0.0066586
SAC_d100,test,100,test_track_18,2,2,2,8,0.8,161.07,161.87,1619,1.4657,0.00591,0.00606,1.4635,0.10009,False,False,False,False,False,False,False,0.059555,0.55619,0.46815,0.56189,1560,0.059615,0.57436,0,0,0
SAC_d100,test,100,test_track_19,0,0,2,5,0.5,59.974,60.47,605,1.4763,0.5476,0.54343,1.4618,0.589,False,False,False,False,False,False,False,0.62812,0.04577,0.17368,0.094401,549,0.61749,0.020036,0,0,0
SAC_d100,test,100,test_track_19,2,2,2,8,0.8,69.803,70.6,706,1.4763,0,0,1.4649,0.00371,False,False,False,False,False,False,False,0.62812,1,0.59624,0.72047,648,0.60802,1,0,0,0
SAC_d100,test,100,test_track_19,4,4,1,7,0.7,52.167,52.87,529,1.4734,0,0,1.4688,0,False,False,False,False,False,False,False,0.50715,1,0.94606,1,471,0.54352,1,0,0,0
SAC_d1,real,1,Austin,0,0,2,5,0.5,1.501,2,20,0.9795,7e-05,6e-05,0.9682,0.00039,True,True,True,False,False,True,True,0.41154,0.89005,0.8162,0.88245,0,,,1,1,1
SAC_d1,real,1,Austin,2,2,2,8,0.8,1.655,2.46,25,0.9898,7e-05,6e-05,0.9682,0.00034,True,True,True,False,False,True,True,0.74424,0.89005,0.8162,0.88791,0,,,1,1,1
SAC_d1,real,1,Austin,4,4,1,7,0.7,1.654,2.35,24,0.9849,7e-05,6e-05,0.9682,0.00035,True,True,True,False,False,True,True,0.5887,0.89005,0.8162,0.88696,0,,,1,1,1
SAC_d1,real,1,BrandsHatch,0,0,2,5,0.5,21.678,22.18,222,1.2749,0.12366,0.12472,1.251,0.12366,True,True,True,False,False,True,True,0.91243,0.13724,0.071569,0.30957,166,0.92169,0.036145,1,1,1
SAC_d1,real,1,BrandsHatch,2,2,2,8,0.8,20.469,21.27,213,1.2573,0.1197,0.11997,1.251,0.11971,True,True,True,False,False,True,True,0.098793,0.14819,0.071569,0.31771,154,0.14935,0.045455,1,1,1
SAC_d1,real,1,BrandsHatch,4,4,1,7,0.7,20.577,21.28,213,1.2573,0.1197,0.11997,1.251,0.11971,True,True,True,False,False,True,True,0.098793,0.14819,0.071569,0.31771,155,0.15484,0.045161,1,1,1
SAC_d1,real,1,Budapest,0,0,2,5,0.5,13.837,14.34,143,1.2479,3e-05,3e-05,1.2384,0.00031,True,True,True,False,False,True,True,0.58743,0.99106,0.78912,0.96771,88,,,1,1,1
SAC_d1,real,1,Budapest,2,2,2,8,0.8,14.674,15.47,155,1.2454,0.00011,0.00011,1.2384,0.00023,True,True,True,False,False,True,True,0.48535,0.96324,0.78912,0.98584,96,,,1,1,1
SAC_d1,real,1,Budapest,4,4,1,7,0.7,8.245,8.95,89,1.2443,0.00033,0.00031,1.2389,0.00033,True,True,True,False,False,True,True,0.42375,0.88525,0.85941,0.96324,32,,,1,1,1
SAC_d1,real,1,Catalunya,0,0,2,5,0.5,7.612,8.11,81,1.2185,1e-05,1e-05,1.2146,6e-05,True,True,True,False,False,True,True,0.42226,0.99544,0.96833,0.98249,26,,,1,1,1
SAC_d1,real,1,Catalunya,2,2,2,8,0.8,6.622,7.42,74,1.2152,0,0,1.2094,7e-05,True,True,True,False,False,True,True,0.23009,1,0.76871,0.97409,16,,,1,1,1
SAC_d1,real,1,Catalunya,4,4,1,7,0.7,6.71,7.41,74,1.2152,0,0,1.2094,7e-05,True,True,True,False,False,True,True,0.23009,1,0.76871,0.97409,17,,,1,1,1
SAC_d1,real,1,Hockenheim,0,0,2,5,0.5,9.798,10.3,103,1.0681,0.00871,0.00859,1.0312,0.00871,True,True,True,False,False,True,True,0.97999,0.53126,0.3651,0.72576,47,,,1,1,1
SAC_d1,real,1,Hockenheim,2,2,2,8,0.8,9.955,10.76,108,1.0314,0.00911,0.00853,1.0312,0.00911,True,True,True,False,False,True,True,0.021673,0.52376,0.3651,0.72242,49,,,1,1,1
SAC_d1,real,1,Hockenheim,4,4,1,7,0.7,10.417,11.12,111,1.0321,0.0088,0.00819,1.0312,0.00911,True,True,True,False,False,True,True,0.031675,0.52904,0.3651,0.72242,54,,,1,1,1
SAC_d1,real,1,IMS,0,0,2,5,0.5,1.483,1.98,20,0.9736,6e-05,6e-05,0.9633,0.0001,True,True,True,False,False,True,True,0.39236,0.88639,0.42921,0.86865,0,,,1,1,1
SAC_d1,real,1,IMS,2,2,2,8,0.8,1.477,2.28,23,0.9869,5e-05,5e-05,0.9633,0.0001,True,True,True,False,False,True,True,0.99352,0.9072,0.42921,0.86865,0,,,1,1,1
SAC_d1,real,1,IMS,4,4,1,7,0.7,1.476,2.18,22,0.9858,5e-05,5e-05,0.9633,0.0001,True,True,True,False,False,True,True,0.77141,0.9072,0.42921,0.86865,0,,,1,1,1
SAC_d1,real,1,Melbourne,0,0,2,5,0.5,6.053,6.55,66,1.1642,5e-05,5e-05,1.1558,0.00013,True,True,True,False,False,True,True,0.65233,0.98081,0.98693,0.97892,10,,,1,1,1
SAC_d1,real,1,Melbourne,2,2,2,8,0.8,14.341,15.14,151,1.1551,0.00036,0.00036,1.1525,0.00036,True,True,True,False,False,True,True,0.30888,0.8969,0.86232,0.93338,93,,,1,1,1
SAC_d1,real,1,Melbourne,4,4,1,7,0.7,14.386,15.09,151,1.1551,0.00036,0.00036,1.1525,0.00036,True,True,True,False,False,True,True,0.30888,0.8969,0.86232,0.93338,93,,,1,1,1
SAC_d1,real,1,MexicoCity,0,0,2,5,0.5,2.423,2.92,29,1.0866,0.00134,0.00134,1.0858,0.00232,True,True,True,False,False,True,True,0.067564,0.5935,0.485,0.62265,0,,,1,1,1
SAC_d1,real,1,MexicoCity,2,2,2,8,0.8,2.491,3.29,33,1.095,0.00126,0.00126,1.0858,0.00224,True,True,True,False,False,True,True,0.37903,0.59994,0.485,0.63022,0,,,1,1,1
SAC_d1,real,1,MexicoCity,4,4,1,7,0.7,2.491,3.19,32,1.1127,0.00128,0.00128,1.0858,0.00226,True,True,True,False,False,True,True,0.84132,0.59798,0.485,0.62433,0,,,1,1,1
SAC_d1,real,1,Montreal,0,0,2,5,0.5,5.446,5.95,59,0.6858,0.03697,0.03695,0.6659,0.04918,True,True,True,False,False,True,True,0.89653,0.29183,0.79621,0.46124,4,,,1,1,1
SAC_d1,real,1,Montreal,2,2,2,8,0.8,4.476,5.28,53,0.6777,0.03984,0.03975,0.6659,0.04918,True,True,True,False,False,True,True,0.73974,0.28271,0.79621,0.46124,0,,,1,1,1
SAC_d1,real,1,Montreal,4,4,1,7,0.7,4.541,5.24,52,0.6777,0.0403,0.04019,0.6659,0.04918,True,True,True,False,False,True,True,0.73974,0.28166,0.79621,0.46124,0,,,1,1,1
SAC_d1,real,1,Monza,0,0,2,5,0.5,5.454,5.95,60,0.9512,5e-05,5e-05,0.9407,0.00023,True,True,True,False,False,True,True,0.14772,0.93903,0.38848,0.87043,4,,,1,1,1
SAC_d1,real,1,Monza,2,2,2,8,0.8,8.788,9.59,96,0.9849,0.00026,0.00026,0.9407,0.00026,True,True,True,False,False,True,True,0.72921,0.77046,0.38848,0.86102,37,,,1,1,1
SAC_d1,real,1,Monza,4,4,1,7,0.7,11.594,12.29,123,1.0041,0.00041,0.00041,0.9403,0.00041,True,True,True,False,False,True,True,0.96167,0.71105,0.28424,0.80273,65,,,1,1,1
SAC_d1,real,1,MoscowRaceway,0,0,2,5,0.5,11.303,11.8,118,1.0751,0.00044,0.00044,1.0744,0.00072,True,True,True,False,False,True,True,0.3259,0.84975,0.95353,0.886,63,,,1,1,1
SAC_d1,real,1,MoscowRaceway,2,2,2,8,0.8,10.073,10.87,109,1.0779,0.00049,0.00049,1.0741,0.00072,True,True,True,False,False,True,True,0.4938,0.83364,0.92317,0.886,50,,,1,1,1
SAC_d1,real,1,MoscowRaceway,4,4,1,7,0.7,15.513,16.21,162,1.0775,0.00016,0.00016,1.0736,0.00048,True,True,True,False,False,True,True,0.47088,0.94672,0.88321,0.943,105,0.35238,0.82857,1,1,1
SAC_d1,real,1,Nuerburgring,0,0,2,5,0.5,13.361,13.86,139,1.1337,0.00273,0.00273,1.1332,0.00273,True,True,True,False,False,True,True,0.10623,0.62371,0.92425,0.73353,83,,,1,1,1
SAC_d1,real,1,Nuerburgring,2,2,2,8,0.8,36.041,36.84,368,1.1415,0.20054,0.25619,1.1185,0.7956,True,True,True,False,False,True,True,0.35164,0.12461,0.01143,0.01143,310,0.32581,0,1,1,1
SAC_d1,real,1,Nuerburgring,4,4,1,7,0.7,32.647,33.35,333,1.1426,0.45935,0.40736,1.1301,0.45935,True,True,True,False,False,True,True,0.37853,0.01143,0.48342,0.05558,276,0.32971,0,1,1,1
SAC_d1,real,1,Oschersleben,0,0,2,5,0.5,3.809,4.31,43,0.9646,9e-05,9e-05,0.9541,0.00011,True,True,True,False,False,True,True,0.11465,0.95475,0.019555,0.96012,0,,,1,1,1
SAC_d1,real,1,Oschersleben,2,2,2,8,0.8,3.811,4.61,46,0.9657,9e-05,9e-05,0.9541,0.00011,True,True,True,False,False,True,True,0.1783,0.95475,0.019555,0.96012,0,,,1,1,1
SAC_d1,real,1,Oschersleben,4,4,1,7,0.7,3.787,4.49,45,0.9703,9e-05,9e-05,0.9541,0.00011,True,True,True,False,False,True,True,0.57784,0.95475,0.019555,0.96012,0,,,1,1,1
SAC_d1,real,1,Sakhir,0,0,2,5,0.5,13.677,14.18,142,1.1105,0,0,1.1105,2e-05,True,True,True,False,False,True,True,0.63416,1,1,0.98824,86,,,1,1,1
SAC_d1,real,1,Sakhir,2,2,2,8,0.8,13.327,14.13,141,1.1116,0,0,1.1105,2e-05,True,True,True,False,False,True,True,0.6914,1,1,0.98824,83,,,1,1,1
SAC_d1,real,1,Sakhir,4,4,1,7,0.7,32.055,32.76,328,1.121,7e-05,7e-05,1.1105,7e-05,True,True,True,False,False,True,True,0.93009,0.83824,1,0.88869,270,0.8963,0.014815,1,1,1
SAC_d1,real,1,SaoPaulo,0,0,2,5,0.5,7.064,7.56,76,1.1048,0.00368,0.00301,1.0919,0.01276,True,True,True,False,False,True,True,0.72846,0.7125,0.71279,0.71395,20,,,1,1,1
SAC_d1,real,1,SaoPaulo,2,2,2,8,0.8,7.599,8.4,84,1.0955,0.00288,0.00288,1.0919,0.01276,True,True,True,False,False,True,True,0.23006,0.74471,0.71279,0.71395,25,,,1,1,1
SAC_d1,real,1,SaoPaulo,4,4,1,7,0.7,7.19,7.89,79,1.1089,0.00341,0.00323,1.0919,0.01276,True,True,True,False,False,True,True,0.87264,0.72353,0.71279,0.71395,21,,,1,1,1
SAC_d1,real,1,Sepang,0,0,2,5,0.5,6.034,6.53,65,1.1967,0.00013,0.00013,1.1892,0.00021,True,True,True,False,False,True,True,0.45257,0.8809,0.95585,0.90595,10,,,1,1,1
SAC_d1,real,1,Sepang,2,2,2,8,0.8,5.36,6.16,62,1.2155,0.00014,0.00014,1.1892,0.00021,True,True,True,False,False,True,True,0.92895,0.87618,0.95585,0.90595,3,,,1,1,1
SAC_d1,real,1,Sepang,4,4,1,7,0.7,6.126,6.83,68,1.2123,0.00013,0.00013,1.1892,0.0002,True,True,True,False,False,True,True,0.87187,0.8809,0.95585,0.90821,11,,,1,1,1
SAC_d1,real,1,Shanghai,0,0,2,5,0.5,5.559,6.06,61,1.2257,0.00132,0.00132,1.2188,0.00182,True,True,True,False,False,True,True,0.10106,0.70866,0.096444,0.77898,5,,,1,1,1
SAC_d1,real,1,Shanghai,2,2,2,8,0.8,5.028,5.83,58,1.2246,0.00139,0.00139,1.2188,0.00182,True,True,True,False,False,True,True,0.055857,0.6956,0.096444,0.77898,0,,,1,1,1
SAC_d1,real,1,Shanghai,4,4,1,7,0.7,5.641,6.34,63,1.2422,0.00127,0.00127,1.2188,0.00182,True,True,True,False,False,True,True,0.7183,0.71851,0.096444,0.77898,6,,,1,1,1
SAC_d1,real,1,Silverstone,0,0,2,5,0.5,7.862,8.36,84,1.0055,1e-05,1e-05,0.9963,7e-05,True,True,True,False,False,True,True,0.36921,0.99607,0.82882,0.97926,28,,,1,1,1
SAC_d1,real,1,Silverstone,2,2,2,8,0.8,30.172,30.97,310,1.0025,0.34801,0.29006,0.9953,0.38425,True,True,True,False,False,True,True,0.24214,0.026638,0.52904,0.095633,251,0.21912,0,1,1,1
SAC_d1,real,1,Silverstone,4,4,1,7,0.7,15.314,16.01,160,0.9975,5e-05,5e-05,0.9963,5e-05,True,True,True,False,False,True,True,0.10917,0.96419,0.82882,0.98712,103,0.058252,0.36893,1,1,1
SAC_d1,real,1,Sochi,0,0,2,5,0.5,2.415,2.92,29,1.0201,0.00018,0.00018,1.0037,0.00108,True,True,True,False,False,True,True,0.60457,0.89953,0.78439,0.86309,0,,,1,1,1
SAC_d1,real,1,Sochi,2,2,2,8,0.8,2.417,3.22,32,1.0243,0.00016,0.00016,1.0037,0.0006,True,True,True,False,False,True,True,0.69297,0.90448,0.78439,0.88163,0,,,1,1,1
SAC_d1,real,1,Sochi,4,4,1,7,0.7,2.477,3.18,32,1.0243,0.00016,0.00016,1.0037,0.0006,True,True,True,False,False,True,True,0.69297,0.90448,0.78439,0.88163,0,,,1,1,1
SAC_d1,real,1,Spa,0,0,2,5,0.5,11.233,11.73,117,0.984,0.00032,0.00032,0.9825,0.00032,True,True,True,False,False,True,True,0.055005,0.84364,0.31957,0.91271,62,,,1,1,1
SAC_d1,real,1,Spa,2,2,2,8,0.8,10.772,11.57,116,0.9946,0.00031,0.00031,0.9825,0.00031,True,True,True,False,False,True,True,0.36718,0.84707,0.31957,0.91416,57,,,1,1,1
SAC_d1,real,1,Spa,4,4,1,7,0.7,10.424,11.12,111,1.0079,0.00026,0.00026,0.9825,0.00026,True,True,True,False,False,True,True,0.78972,0.86366,0.31957,0.92263,54,,,1,1,1
SAC_d1,real,1,Spielberg,0,0,2,5,0.5,7.256,7.76,78,1.0841,3e-05,3e-05,1.0624,5e-05,True,True,True,False,False,True,True,0.86488,0.95341,0.46971,0.93943,22,,,1,1,1
SAC_d1,real,1,Spielberg,2,2,2,8,0.8,27.08,27.88,279,1.0757,3e-05,3e-05,1.0622,4e-05,True,True,True,False,False,True,True,0.58445,0.95341,0.32411,0.96302,220,0.58636,0.35455,1,1,1
SAC_d1,real,1,Spielberg,4,4,1,7,0.7,6.319,7.02,70,1.0707,3e-05,3e-05,1.0622,5e-05,True,True,True,False,False,True,True,0.23384,0.95341,0.32411,0.93943,13,,,1,1,1
SAC_d1,real,1,YasMarina,0,0,2,5,0.5,8.083,8.58,86,0.9202,0.00039,0.00039,0.9142,0.00066,True,True,True,False,False,True,True,0.29967,0.81939,0.63351,0.83949,30,,,1,1,1
SAC_d1,real,1,YasMarina,2,2,2,8,0.8,8.58,9.38,94,0.9446,0.00035,0.00035,0.9142,0.00062,True,True,True,False,False,True,True,0.91409,0.83647,0.63351,0.84401,35,,,1,1,1
SAC_d1,real,1,YasMarina,4,4,1,7,0.7,7.706,8.41,84,0.9163,0.0004,0.0004,0.9142,0.00067,True,True,True,False,False,True,True,0.17081,0.81437,0.63351,0.83798,27,,,1,1,1
SAC_d1,real,1,Zandvoort,0,0,2,5,0.5,8.375,8.87,89,1.024,0.00014,0.00014,1.0071,0.00018,True,True,True,False,False,True,True,0.74742,0.94459,0.68041,0.95851,33,,,1,1,1
SAC_d1,real,1,Zandvoort,2,2,2,8,0.8,13.695,14.49,145,1.0207,3e-05,3e-05,1.0062,0.00013,True,True,True,False,False,True,True,0.60747,0.99046,0.50206,0.97784,86,,,1,1,1
SAC_d1,real,1,Zandvoort,4,4,1,7,0.7,20.228,20.93,209,1.0246,0.0001,0.0001,1.007,0.0001,True,True,True,False,False,True,True,0.76856,0.95954,0.66572,0.9884,152,0.86184,0.42763,1,1,1
SAC_d1,test,1,test_track_0,0,0,2,5,0.5,124.58,125.08,1251,1.4648,0.0322,0.02738,1.4596,0.54113,False,False,False,False,False,False,False,0.056897,0.40258,0.082126,0.2351,1195,0.033473,0.38159,0,0,0.0010735
SAC_d1,test,1,test_track_0,2,2,2,8,0.8,112.36,113.15,1132,1.4759,1e-05,2e-05,1.4626,0.00995,False,False,False,False,False,False,False,0.60011,0.82448,0.27644,0.77134,1073,0.59366,0.84716,0,0,0.0010735
SAC_d1,test,1,test_track_0,4,4,1,7,0.7,37.957,38.66,387,1.4638,0.04982,0.05039,1.4626,0.35929,False,False,False,False,False,False,False,0.0365,0.34675,0.27644,0.34085,329,0,0.094225,0,0,0.0010735
SAC_d1,test,1,test_track_1,0,0,2,5,0.5,18.802,19.3,193,1.4738,0.5444,0.50661,1.4617,0.58812,False,False,False,False,False,False,False,0.49402,0.055271,0.24957,0.16182,138,0.50725,0,0,0,0.0045584
SAC_d1,test,1,test_track_1,2,2,2,8,0.8,18.502,19.3,193,1.4738,0.5444,0.50661,1.4617,0.58812,False,False,False,False,False,False,False,0.49402,0.055271,0.24957,0.16182,135,0.51111,0,0,0,0.0045584
SAC_d1,test,1,test_track_1,4,4,1,7,0.7,18.602,19.3,193,1.4738,0.5444,0.50661,1.4617,0.58812,False,False,False,False,False,False,False,0.49402,0.055271,0.24957,0.16182,136,0.51471,0,0,0,0.0045584
SAC_d1,test,1,test_track_2,0,0,2,5,0.5,27.253,27.75,278,1.4689,0.08039,0.17542,1.462,0.58869,False,False,False,False,False,False,False,0.24754,0.30357,0.13978,0.17118,222,0.09009,0.022523,0,0,0.0043103
SAC_d1,test,1,test_track_2,2,2,2,8,0.8,93.712,94.51,945,1.4644,0.00793,0.01048,1.4629,0.00793,False,False,False,False,False,False,False,0.088054,0.53879,0.60283,0.67672,887,0.085682,0.41263,0,0,0.0043103
SAC_d1,test,1,test_track_2,4,4,1,7,0.7,35.544,36.24,362,1.4648,0,0,1.4628,2e-05,False,False,False,False,False,False,False,0.099754,1,0.57266,0.83128,305,0.042623,1,0,0,0.0043103
SAC_d1,test,1,test_track_3,0,0,2,5,0.5,154.48,154.98,1550,1.4848,0.54456,0.54686,1.4625,0.57834,False,False,False,False,False,False,False,0.85699,0.059765,0.31644,0.16702,1494,0.85877,0.060241,0,0,0.0010672
SAC_d1,test,1,test_track_3,2,2,2,8,0.8,37.422,38.22,382,1.4694,0,0,1.4676,0.00422,False,False,False,False,False,False,False,0.28122,1,0.91142,0.82231,324,0.26543,1,0,0,0.0010672
SAC_d1,test,1,test_track_3,4,4,1,7,0.7,30.172,30.87,309,1.4692,0.03399,0.03848,1.4595,0.47927,False,False,False,False,False,False,False,0.26254,0.44877,0.054429,0.33938,251,0.20717,0.15936,0,0,0.0010672
SAC_d1,test,1,test_track_4,0,0,2,5,0.5,90.824,91.32,913,1.4903,0.00075,0.00064,1.4647,0.06417,False,False,False,False,False,False,False,0.87571,0.66235,0.62248,0.62299,858,0.82517,0.39161,0,0,0.0015536
SAC_d1,test,1,test_track_4,2,2,2,8,0.8,53.102,53.9,539,1.4688,0,0,1.4688,0,False,False,False,False,False,False,False,0.23511,1,0.96945,1,481,0.2869,1,0,0,0.0015536
SAC_d1,test,1,test_track_4,4,4,1,7,0.7,27.234,27.93,279,1.4853,0.54753,0.54337,1.4606,0.54753,False,False,False,False,False,False,False,0.78975,0.037286,0.18488,0.29518,222,0.86937,0,0,0,0.0015536
SAC_d1,test,1,test_track_5,0,0,2,5,0.5,42.756,43.26,433,1.4779,0.0442,0.04497,1.4649,0.32523,False,False,False,False,False,False,False,0.66285,0.47648,0.79976,0.45597,377,0.62865,0.24934,0,0,0
SAC_d1,test,1,test_track_5,2,2,2,8,0.8,35.21,36.01,360,1.4643,0.16262,0.20322,1.4628,0.35167,False,False,False,False,False,False,False,0.060314,0.2509,0.45054,0.4427,302,0.099338,0.086093,0,0,0
SAC_d1,test,1,test_track_5,4,4,1,7,0.7,35.228,35.93,359,1.4881,0.16611,0.19917,1.4628,0.35167,False,False,False,False,False,False,False,0.90109,0.24668,0.45054,0.4427,302,0.86093,0.086093,0,0,0
SAC_d1,test,1,test_track_6,0,0,2,5,0.5,79.88,80.38,804,1.4813,0.10466,0.11363,1.4614,0.57576,False,False,False,False,False,False,False,0.77986,0.29252,0.12304,0.094089,748,0.81684,0.30214,0,0,0
SAC_d1,test,1,test_track_6,2,2,2,8,0.8,36.428,37.23,372,1.4634,0.14694,0.10365,1.4634,0.14694,False,False,False,False,False,False,False,0.021713,0.23884,0.5971,0.52352,314,0.019108,0.092357,0,0,0
SAC_d1,test,1,test_track_7,0,0,2,5,0.5,22.289,22.79,228,1.4916,0.08525,0.17012,1.4627,0.58808,False,False,False,False,False,False,False,0.91298,0.35912,0.32804,0.14296,172,1,0,0,0,0.003453
SAC_d1,test,1,test_track_7,2,2,2,8,0.8,22.218,23.02,230,1.4796,0.03409,0.11762,1.4672,0.58808,False,False,False,False,False,False,False,0.70097,0.55732,0.93992,0.14296,172,0.7093,0.034884,0,0,0.003453
SAC_d1,test,1,test_track_7,4,4,1,7,0.7,20.872,21.57,216,1.4932,0.54134,0.48734,1.4627,0.58808,False,False,False,False,False,False,False,0.92196,0.041436,0.32804,0.14296,158,1,0,0,0,0.003453
SAC_d1,test,1,test_track_8,0,0,2,5,0.5,34.357,34.86,349,1.4713,0.07914,0.08226,1.4668,0.40664,False,False,False,False,False,False,False,0.3983,0.36673,0.88403,0.37523,293,0.44369,0.1058,0,0,0.00060716
SAC_d1,test,1,test_track_8,2,2,2,8,0.8,59.944,60.74,607,1.4801,0.39449,0.39931,1.4647,0.45342,False,False,False,False,False,False,False,0.73163,0.092289,0.70128,0.26897,549,0.75956,0.10018,0,0,0.00060716
SAC_d1,test,1,test_track_8,4,4,1,7,0.7,35.759,36.46,365,1.4693,0.04094,0.04197,1.4668,0.40664,False,False,False,False,False,False,False,0.28962,0.50759,0.88403,0.37523,307,0.3127,0.12052,0,0,0.00060716
SAC_d1,test,1,test_track_9,0,0,2,5,0.5,36.822,37.32,373,1.4875,0.53614,0.56478,1.4628,0.5891,False,False,False,False,False,False,False,0.90418,0.04818,0.43469,0.055139,318,0.88994,0.044025,0,0,0.0010707
SAC_d1,test,1,test_track_9,2,2,2,8,0.8,36.573,37.37,374,1.4883,0.53867,0.55571,1.4628,0.5891,False,False,False,False,False,False,False,0.91756,0.042291,0.43469,0.055139,315,0.90159,0.04127,0,0,0.0010707
SAC_d1,test,1,test_track_9,4,4,1,7,0.7,37.662,38.36,384,1.4694,0.52844,0.46898,1.4628,0.5891,False,False,False,False,False,False,False,0.27944,0.054069,0.43469,0.055139,326,0.32822,0.04908,0,0,0.0010707
SAC_d1,test,1,test_track_10,0,0,2,5,0.5,39.239,39.74,397,1.4749,0.54766,0.52143,1.459,0.5891,False,False,False,False,False,False,False,0.56111,0.033889,0.028333,0.11611,342,0.54971,0.023392,0,0,0.0027778
SAC_d1,test,1,test_track_10,2,2,2,8,0.8,55.033,55.83,558,1.4842,0.03753,0.06515,1.4626,0.03753,False,False,False,False,False,False,False,0.80556,0.39167,0.29444,0.68778,500,0.764,0.17,0,0,0.0027778
SAC_d1,test,1,test_track_10,4,4,1,7,0.7,39.606,40.31,403,1.4859,0.47118,0.40957,1.459,0.5891,False,False,False,False,False,False,False,0.84389,0.1,0.028333,0.11611,346,0.76879,0.060694,0,0,0.0027778
SAC_d1,test,1,test_track_11,0,0,2,5,0.5,46.388,46.89,469,1.4873,0.049,0.06524,1.4629,0.05911,False,False,False,False,False,False,False,0.87714,0.41327,0.56307,0.67017,413,0.86683,0.26877,0,0,0
SAC_d1,test,1,test_track_11,2,2,2,8,0.8,38.078,38.88,389,1.4688,0.12085,0.11877,1.463,0.23678,False,False,False,False,False,False,False,0.22865,0.21353,0.61432,0.32983,330,0.24545,0.09697,0,0,0
SAC_d1,test,1,test_track_12,0,0,2,5,0.5,21.623,22.12,221,1.469,0.28468,0.28956,1.4603,0.58786,False,False,False,False,False,False,False,0.29556,0.15827,0.23082,0.10911,166,0.51807,0,0,0,0.0053957
SAC_d1,test,1,test_track_12,2,2,2,8,0.8,20.543,21.34,213,1.4644,0.56006,0.49087,1.461,0.58786,False,False,False,False,False,False,False,0.089329,0.013789,0.23621,0.10911,155,0.012903,0,0,0,0.0053957
SAC_d1,test,1,test_track_12,4,4,1,7,0.7,20.596,21.3,213,1.4644,0.56006,0.49087,1.461,0.58786,False,False,False,False,False,False,False,0.089329,0.013789,0.23621,0.10911,155,0.012903,0,0,0,0.0053957
SAC_d1,test,1,test_track_13,0,0,2,5,0.5,45.483,45.98,460,1.4957,0.47362,0.28036,1.4688,0.47362,False,False,False,False,False,False,False,0.92659,0.065972,0.98661,0.26438,404,0.92079,0.032178,0,0,0
SAC_d1,test,1,test_track_13,2,2,2,8,0.8,87.825,88.63,886,1.469,0.54752,0.54398,1.4631,0.5885,False,False,False,False,False,False,False,0.23065,0.023313,0.52183,0.050595,828,0.21377,0.018116,0,0,0
SAC_d1,test,1,test_track_13,4,4,1,7,0.7,73.052,73.75,738,1.4696,0.0014,0.0016,1.4628,0.56346,False,False,False,False,False,False,False,0.27133,0.70238,0.3755,0.13492,680,0.275,0.67794,0,0,0
SAC_d1,test,1,test_track_14,0,0,2,5,0.5,42.077,42.58,426,1.4667,0.15771,0.1667,1.4614,0.54694,False,False,False,False,False,False,False,0.086527,0.27009,0.13473,0.25834,370,0.051351,0.075676,0,0,0.0049444
SAC_d1,test,1,test_track_14,2,2,2,8,0.8,113.94,114.74,1147,1.4999,0.27391,0.28142,1.461,0.58803,False,False,False,False,False,False,False,0.97713,0.17491,0.098888,0.10445,1089,0.97521,0.14692,0,0,0.0049444
SAC_d1,test,1,test_track_14,4,4,1,7,0.7,114.49,115.19,1152,1.4704,0.2116,0.2189,1.461,0.58803,False,False,False,False,False,False,False,0.37515,0.2225,0.098888,0.10445,1094,0.36289,0.19744,0,0,0.0049444
SAC_d1,test,1,test_track_15,0,0,2,5,0.5,3.149,3.65,36,1.4699,0,0,1.4365,0.59764,False,False,False,False,False,False,True,0.3419,1,0.031193,0.031193,0,,,0,0,0.0085627
SAC_d1,test,1,test_track_15,2,2,2,8,0.8,31.171,31.97,320,1.4707,0.54592,0.54684,1.4587,0.58872,False,False,False,False,False,False,False,0.39205,0.033028,0.073394,0.06422,261,0.47126,0,0,0,0.0085627
SAC_d1,test,1,test_track_15,4,4,1,7,0.7,32.227,32.93,329,1.4711,0.54476,0.4986,1.4587,0.58872,False,False,False,False,False,False,False,0.40856,0.040367,0.073394,0.06422,272,0.48529,0,0,0,0.0085627
SAC_d1,test,1,test_track_16,0,0,2,5,0.5,23.385,23.88,239,1.4941,0.19644,0.23621,1.461,0.58909,False,False,False,False,False,False,False,0.93236,0.23705,0.156,0.10664,183,1,0.021858,0,0,0.0030469
SAC_d1,test,1,test_track_16,2,2,2,8,0.8,23.456,24.26,243,1.4688,0.01909,0.12042,1.461,0.56592,False,False,False,False,False,False,False,0.24132,0.59293,0.156,0.16453,184,0.22826,0.076087,0,0,0.0030469
SAC_d1,test,1,test_track_16,4,4,1,7,0.7,23.037,23.74,237,1.4786,0.32581,0.29132,1.461,0.58909,False,False,False,False,False,False,False,0.71907,0.15174,0.156,0.10664,180,0.71667,0.0055556,0,0,0.0030469
SAC_d1,test,1,test_track_17,0,0,2,5,0.494,20.376,20.87,209,1.4824,0.53925,0.44105,1.4632,0.5891,False,False,False,False,False,False,False,0.74334,0.067797,0.58838,0.17131,153,0.75817,0.0065359,0.0066586,0.038741,0.012712
SAC_d1,test,1,test_track_17,2,2,2,8,0.807,20.343,21.15,212,1.4638,0.43227,0.36197,1.4632,0.5891,False,False,False,False,False,False,False,0.055085,0.098668,0.58838,0.17131,153,0.13072,0,0.0066586,0.038741,0.012712
SAC_d1,test,1,test_track_17,4,4,1,7,0.706,47.039,47.75,477,1.4883,0.07969,0.0753,1.4628,0.08695,False,False,False,False,False,False,False,0.86804,0.36259,0.47942,0.65799,420,0.89762,0.1381,0.0066586,0.038741,0.012712
SAC_d1,test,1,test_track_18,0,0,2,5,0.5,151.07,151.57,1516,1.489,0.55253,0.53793,1.4583,0.58866,False,False,False,False,False,False,False,0.93216,0.023822,0.082341,0.052822,1460,0.93493,0.019178,0,0,0.0010357
SAC_d1,test,1,test_track_18,2,2,2,8,0.8,135.45,136.25,1362,1.4776,0.43767,0.41406,1.4611,0.5889,False,False,False,False,False,False,False,0.67789,0.10357,0.16209,0.026411,1304,0.67101,0.08589,0,0,0.0010357
SAC_d1,test,1,test_track_18,4,4,1,7,0.7,135.55,136.25,1362,1.4776,0.43767,0.41406,1.4611,0.5889,False,False,False,False,False,False,False,0.67789,0.10357,0.16209,0.026411,1305,0.6705,0.085824,0,0,0.0010357
SAC_d1,test,1,test_track_19,0,0,2,5,0.5,75.161,75.66,757,1.4759,0.0006,0.0011,1.4648,0.0006,False,False,False,False,False,False,False,0.61381,0.64814,0.55701,0.79649,701,0.59344,0.29815,0,0,0
SAC_d1,test,1,test_track_19,2,2,2,8,0.8,88.383,89.18,892,1.4735,0.00051,0.00049,1.4639,0.08974,False,False,False,False,False,False,False,0.51206,0.65345,0.43237,0.54107,833,0.497,0.35174,0,0,0
SAC_d1,test,1,test_track_19,4,4,1,7,0.7,28.105,28.81,288,1.4712,0.54796,0.37646,1.462,0.58938,False,False,False,False,False,False,False,0.37474,0.043318,0.19534,0.062934,231,0.42857,0,0,0,0
SAC_d20,real,20,Austin,0,0,2,5,0.5,33.774,34.27,343,0.9763,2e-05,2e-05,0.9666,2e-05,True,True,True,False,False,True,True,0.29352,0.95251,0.6312,0.97863,287,0.16725,0.44251,1,1,1
SAC_d20,real,20,Austin,2,2,2,8,0.8,32.966,33.77,338,0.9768,2e-05,2e-05,0.967,2e-05,True,True,True,False,False,True,True,0.3137,0.95251,0.78129,0.97863,279,0.21505,0.44444,1,1,1
SAC_d20,real,20,Austin,4,4,1,7,0.7,33.443,34.14,341,0.9825,2e-05,2e-05,0.9666,2e-05,True,True,True,False,False,True,True,0.49988,0.95251,0.6312,0.97863,284,0.60915,0.44014,1,1,1
SAC_d20,real,20,BrandsHatch,0,0,2,5,0.5,112.59,113.09,1131,1.2662,0.34192,0.27148,1.2567,0.34471,True,True,True,False,False,True,True,0.50631,0.0084199,0.87426,0.050239,1075,0.41116,0.022326,1,1,1
SAC_d20,real,20,BrandsHatch,2,2,2,8,0.8,45.321,46.12,461,1.2704,0.00065,0.00066,1.266,0.02477,True,True,True,False,False,True,True,0.73814,0.91103,0.96632,0.63823,403,0.57072,0.98511,1,1,1
SAC_d20,real,20,BrandsHatch,4,4,1,7,0.7,109.67,110.37,1104,1.2754,0.10006,0.10033,1.255,0.15531,True,True,True,False,False,True,True,0.92338,0.18973,0.73702,0.21695,1046,0.82314,0.24092,1,1,1
SAC_d20,real,20,Budapest,0,0,2,5,0.5,59.317,59.82,598,1.2551,0.44658,0.45695,1.2334,0.66935,True,True,True,False,False,True,True,0.80452,0.014158,0.083458,0.025584,543,0.95948,0,1,1,1
SAC_d20,real,20,Budapest,2,2,2,8,0.8,56.02,56.82,568,1.2497,0.31416,0.30676,1.2384,0.31416,True,True,True,False,False,True,True,0.6458,0.037258,0.78912,0.15002,510,0.82549,0,1,1,1
SAC_d20,real,20,Budapest,4,4,1,7,0.7,58.597,59.3,593,1.2429,0.62968,0.54586,1.2334,0.66935,True,True,True,False,False,True,True,0.33259,0.0024839,0.083458,0.025584,535,0.37757,0,1,1,1
SAC_d20,real,20,Catalunya,0,0,2,5,0.5,106.05,106.55,1066,1.2214,0.08006,0.08634,1.2037,0.15291,True,True,True,False,False,True,True,0.55854,0.3059,0.10461,0.32294,1010,0.66535,0.19505,1,1,1
SAC_d20,real,20,Catalunya,2,2,2,8,0.8,107.09,107.89,1079,1.2252,0.08178,0.08194,1.2088,0.15291,True,True,True,False,False,True,True,0.71161,0.30038,0.54607,0.32294,1020,0.76373,0.20098,1,1,1
SAC_d20,real,20,Catalunya,4,4,1,7,0.7,62.306,63.01,630,1.2262,0.00042,0.0004,1.2147,0.00042,True,True,True,False,False,True,True,0.7416,0.77951,0.98512,0.82366,573,0.82373,0,1,1,1
SAC_d20,real,20,Hockenheim,0,0,2,5,0.5,29.136,29.64,296,1.0417,0.01907,0.01906,1.0315,0.02233,True,True,True,False,False,True,True,0.43901,0.40539,0.50236,0.57127,241,0.33195,0.16183,1,1,1
SAC_d20,real,20,Hockenheim,2,2,2,8,0.8,32.369,33.17,332,1.046,0.04558,0.04432,1.0314,0.04558,True,True,True,False,False,True,True,0.59183,0.28063,0.48708,0.44957,273,0.47253,0.10623,1,1,1
SAC_d20,real,20,Hockenheim,4,4,1,7,0.7,67.719,68.42,684,1.038,0.17501,0.2142,1.0304,0.6136,True,True,True,False,False,True,True,0.21478,0.12503,0.26869,0.053348,627,0.15311,0.031898,1,1,1
SAC_d20,real,20,IMS,0,0,2,5,0.5,20.382,20.88,209,0.9869,0.01807,0.01807,0.9717,0.01807,True,True,True,False,False,True,True,0.99352,0.41249,0.92187,0.48072,153,1,0,1,1,1
SAC_d20,real,20,IMS,2,2,2,8,0.8,24.797,25.6,256,0.9493,0.04992,0.04995,0.9426,0.04992,True,True,True,False,False,True,True,0.0092119,0.24667,0.0348,0.39338,197,0,0,1,1,1
SAC_d20,real,20,IMS,4,4,1,7,0.7,26.459,27.16,272,0.9507,0.06085,0.06043,0.9426,0.06085,True,True,True,False,False,True,True,0.019447,0.070283,0.0348,0.20096,214,0,0,1,1,1
SAC_d20,real,20,Melbourne,0,0,2,5,0.5,34.495,34.99,350,1.1612,0.24822,0.22412,1.1401,0.61169,True,True,True,False,False,True,True,0.51866,0.049758,0.37255,0.075058,294,0.26531,0,1,1,1
SAC_d20,real,20,Melbourne,2,2,2,8,0.8,32.772,33.57,336,1.1473,0.60171,0.49595,1.1471,0.60171,True,True,True,False,False,True,True,0.15602,0.013072,0.83238,0.076323,277,0,0,1,1,1
SAC_d20,real,20,Melbourne,4,4,1,7,0.7,134.94,135.64,1356,1.1488,0.00647,0.00643,1.1388,0.5116,True,True,True,False,False,True,True,0.19165,0.58022,0.28126,0.10352,1299,0.13318,0.5766,1,1,1
SAC_d20,real,20,MexicoCity,0,0,2,5,0.5,37.942,38.44,384,1.087,3e-05,3e-05,1.0858,3e-05,True,True,True,False,False,True,True,0.082422,0.93524,0.485,0.97757,329,0.13374,0.87538,1,1,1
SAC_d20,real,20,MexicoCity,2,2,2,8,0.8,16.521,17.32,173,1.1271,3e-05,3e-05,1.0858,0.00016,True,True,True,False,False,True,True,0.96776,0.93524,0.485,0.85029,115,0.9913,1,1,1,1
SAC_d20,real,20,MexicoCity,4,4,1,7,0.7,23.032,23.73,237,1.0864,7e-05,7e-05,1.0859,0.0001,True,True,True,False,False,True,True,0.060835,0.8531,0.56434,0.87721,180,0.1,0.80556,1,1,1
SAC_d20,real,20,Montreal,0,0,2,5,0.5,10.344,10.84,108,0.6777,0.01071,0.01072,0.6749,0.03745,True,True,True,False,False,True,True,0.73974,0.52438,0.94563,0.4893,53,,,1,1,1
SAC_d20,real,20,Montreal,2,2,2,8,0.8,7.722,8.52,85,0.6777,0.0242,0.02419,0.6707,0.04726,True,True,True,False,False,True,True,0.73974,0.35181,0.86987,0.4672,27,,,1,1,1
SAC_d20,real,20,Montreal,4,4,1,7,0.7,8.295,8.99,90,0.6776,0.02172,0.02157,0.6734,0.0452,True,True,True,False,False,True,True,0.61487,0.37706,0.93371,0.47176,32,,,1,1,1
SAC_d20,real,20,Monza,0,0,2,5,0.5,16.015,16.52,165,0.9683,0.00022,0.00022,0.9403,0.00049,True,True,True,False,False,True,True,0.46223,0.78884,0.28424,0.77516,110,0.32727,0.30909,1,1,1
SAC_d20,real,20,Monza,2,2,2,8,0.8,72.36,73.16,732,0.9413,0.1267,0.09621,0.9413,1.2193,True,True,True,False,False,True,True,0.036763,0.086528,0.70634,0.011432,673,0.026746,0,1,1,1
SAC_d20,real,20,Monza,4,4,1,7,0.7,15.911,16.61,166,0.9542,0.00021,0.00021,0.9403,0.00049,True,True,True,False,False,True,True,0.2004,0.79287,0.28424,0.77516,109,0.15596,0.33028,1,1,1
SAC_d20,real,20,MoscowRaceway,0,0,2,5,0.5,45.418,45.92,459,1.0806,0.0396,0.09847,1.0649,0.99636,True,True,True,False,False,True,True,0.69672,0.35316,0.35533,0.033457,404,0.77475,0.13614,1,1,1
SAC_d20,real,20,MoscowRaceway,2,2,2,8,0.8,45.355,46.15,462,1.0885,0.0441,0.027,1.0649,0.99636,True,True,True,False,False,True,True,0.89343,0.34263,0.35533,0.033457,403,0.99504,0.12903,1,1,1
SAC_d20,real,20,MoscowRaceway,4,4,1,7,0.7,30.515,31.22,312,1.078,0.06421,0.16987,1.0663,0.57066,True,True,True,False,False,True,True,0.49783,0.30917,0.47955,0.15737,255,0.41569,0,1,1,1
SAC_d20,real,20,Nuerburgring,0,0,2,5,0.5,35.473,35.97,360,1.1388,0.61414,0.56643,1.1185,0.7956,True,True,True,False,False,True,True,0.28844,0.0035858,0.01143,0.01143,304,0.26645,0,1,1,1
SAC_d20,real,20,Nuerburgring,2,2,2,8,0.8,34.318,35.12,351,1.1532,0.78835,0.70616,1.1225,0.78835,True,True,True,True,True,True,True,0.64904,0.00067234,0.014792,0.011878,293,0.5529,0,1,1,1
SAC_d20,real,20,Nuerburgring,4,4,1,7,0.7,34.839,35.54,355,1.1418,0.77143,0.69451,1.1225,0.7956,True,True,True,True,True,True,True,0.36015,0.0013447,0.014792,0.01143,298,0.33557,0,1,1,1
SAC_d20,real,20,Oschersleben,0,0,2,5,0.5,36.053,36.55,366,0.9723,0.24074,0.24303,0.9629,0.31612,True,True,True,False,False,True,True,0.66718,0.19709,0.48313,0.28067,310,0.65806,0.06129,1,1,1
SAC_d20,real,20,Oschersleben,2,2,2,8,0.8,26.897,27.7,277,0.9673,0.40298,0.35472,0.9575,0.4595,True,True,True,False,False,True,True,0.39072,0.029525,0.039494,0.13727,218,0.44037,0,1,1,1
SAC_d20,real,20,Oschersleben,4,4,1,7,0.7,36.142,36.84,368,0.9706,0.23789,0.24026,0.9625,0.31612,True,True,True,False,False,True,True,0.59394,0.20245,0.43252,0.28067,311,0.61093,0.061093,1,1,1
SAC_d20,real,20,Sakhir,0,0,2,5,0.5,60.796,61.3,613,1.1217,0.63807,0.64793,1.1017,1.1194,True,True,True,False,True,True,True,0.94027,0.017195,0.65294,0.011538,557,0.89946,0,1,1,1
SAC_d20,real,20,Sakhir,2,2,2,8,0.8,26.35,27.15,271,1.1105,5e-05,5e-05,1.1105,5e-05,True,True,True,False,False,True,True,0.63416,0.8776,1,0.91855,213,0.6385,0.16901,1,1,1
SAC_d20,real,20,Sakhir,4,4,1,7,0.7,32.351,33.05,331,1.1105,8e-05,8e-05,1.1105,8e-05,True,True,True,False,False,True,True,0.63416,0.82353,1,0.87828,273,0.6337,0,1,1,1
SAC_d20,real,20,SaoPaulo,0,0,2,5,0.5,27.025,27.52,275,1.1,0.30977,0.27674,1.0929,0.32546,True,True,True,False,False,True,True,0.52742,0.055701,0.84885,0.17581,220,0.55,0,1,1,1
SAC_d20,real,20,SaoPaulo,2,2,2,8,0.8,26.397,27.2,272,1.1003,0.32546,0.29324,1.0891,0.32546,True,True,True,False,False,True,True,0.53931,0.046417,0.528,0.17581,213,0.56338,0,1,1,1
SAC_d20,real,20,SaoPaulo,4,4,1,7,0.7,25.311,26.01,260,1.1089,0.23257,0.21263,1.0881,0.23257,True,True,True,False,False,True,True,0.87264,0.085292,0.33043,0.20104,203,0.85222,0,1,1,1
SAC_d20,real,20,Sepang,0,0,2,5,0.5,60.622,61.12,611,1.2011,0.3707,0.38868,1.1826,0.3707,True,True,True,False,False,True,True,0.57988,0.041889,0.27023,0.15606,556,0.36511,0.021583,1,1,1
SAC_d20,real,20,Sepang,2,2,2,8,0.8,51.206,52.01,520,1.2153,0.03528,0.03535,1.1885,0.03528,True,True,True,False,False,True,True,0.92444,0.36632,0.86735,0.48624,462,0.88961,0,1,1,1
SAC_d20,real,20,Sepang,4,4,1,7,0.7,58.512,59.21,592,1.1984,0.23994,0.23849,1.1826,0.63085,True,True,True,False,False,True,True,0.49815,0.076797,0.27023,0.048871,535,0.28037,0,1,1,1
SAC_d20,real,20,Shanghai,0,0,2,5,0.5,289.78,290.28,2903,1.2367,0.05188,0.05697,1.2187,0.9671,True,True,True,False,False,True,True,0.49849,0.33574,0.043601,0.034157,2847,0.47489,0.41201,1,1,1
SAC_d20,real,20,Shanghai,2,2,2,8,0.8,77.482,78.28,783,1.2414,0.14852,0.14454,1.2225,0.48532,True,True,True,False,False,True,True,0.68837,0.11754,0.35001,0.098654,724,0.68646,0.15055,1,1,1
SAC_d20,real,20,Shanghai,4,4,1,7,0.7,125.35,126.05,1260,1.2321,0.00582,0.01358,1.225,0.12084,True,True,True,False,False,True,True,0.27105,0.4555,0.86297,0.35945,1203,0.3192,0.50956,1,1,1
SAC_d20,real,20,Silverstone,0,0,2,5,0.5,36.419,36.92,369,1.025,0.01107,0.00487,0.9909,0.12757,True,True,True,False,False,True,True,0.78581,0.5369,0.30087,0.37838,314,0.92994,0.10828,1,1,1
SAC_d20,real,20,Silverstone,2,2,2,8,0.8,42.722,43.52,435,1.0184,0.01469,0.01475,1.0004,0.03648,True,True,True,False,False,True,True,0.62358,0.49192,0.969,0.53493,377,0.7321,0.22281,1,1,1
SAC_d20,real,20,Silverstone,4,4,1,7,0.7,29.481,30.18,302,1.0421,0.33354,0.2656,0.9953,0.33354,True,True,True,False,False,True,True,0.9917,0.028166,0.52904,0.10153,244,1,0,1,1,1
SAC_d20,real,20,Sochi,0,0,2,5,0.5,38.748,39.25,392,1.0113,0.06139,0.05545,1.0069,0.1727,True,True,True,False,False,True,True,0.32687,0.21302,0.91483,0.29086,337,0.26113,0.038576,1,1,1
SAC_d20,real,20,Sochi,2,2,2,8,0.8,92.308,93.11,931,1.0051,0.10277,0.2503,1.0008,0.10277,True,True,True,False,False,True,True,0.14575,0.14317,0.62527,0.39478,873,0.15235,0.019473,1,1,1
SAC_d20,real,20,Sochi,4,4,1,7,0.7,96.041,96.74,967,1.0001,0.12249,0.12106,0.9934,0.7751,True,True,True,False,False,True,True,0.047434,0.12635,0.27124,0.035144,910,0.02967,0.0098901,1,1,1
SAC_d20,real,20,Spa,0,0,2,5,0.5,74.647,75.15,751,1.0012,0.00029,0.00029,0.9936,0.00064,True,True,True,False,False,True,True,0.61136,0.85248,0.99297,0.86745,696,0.59483,0.85201,1,1,1
SAC_d20,real,20,Spa,2,2,2,8,0.8,32.139,32.94,329,0.9974,0.20824,0.50181,0.9836,1.1045,True,True,True,False,False,True,True,0.44959,0.071957,0.63354,0.0091975,271,0.51292,0,1,1,1
SAC_d20,real,20,Spa,4,4,1,7,0.7,31.951,32.65,327,0.9836,0.38678,0.59458,0.9836,1.1045,True,True,True,False,False,True,True,0.047069,0.01569,0.63354,0.0091975,269,0.033457,0,1,1,1
SAC_d20,real,20,Spielberg,0,0,2,5,0.5,73.585,74.09,741,1.0605,0.00218,0.00219,1.06,0.00737,True,True,True,False,False,True,True,0.0026209,0.68084,0.044554,0.70122,685,0.0014599,0.3927,1,1,1
SAC_d20,real,20,Spielberg,2,2,2,8,0.8,37.123,37.92,379,1.0769,0.00207,0.03238,1.0627,0.82784,True,True,True,False,False,True,True,0.64473,0.68462,0.51427,0.033197,321,0.61371,0.0093458,1,1,1
SAC_d20,real,20,Spielberg,4,4,1,7,0.7,34.458,35.16,352,1.0723,0.65522,0.51747,1.0623,0.65522,True,True,True,False,False,True,True,0.40798,0.0075713,0.4237,0.036692,294,0.44898,0,1,1,1
SAC_d20,real,20,YasMarina,0,0,2,5,0.5,26.935,27.43,274,0.9175,0.13422,0.18682,0.9142,0.13422,True,True,True,False,False,True,True,0.21377,0.15147,0.63351,0.38206,219,0.3379,0,1,1,1
SAC_d20,real,20,YasMarina,2,2,2,8,0.8,12.123,12.92,129,0.9571,0.00017,0.00017,0.9144,0.00043,True,True,True,False,False,True,True,0.95679,0.91786,0.80909,0.89249,71,,,1,1,1
SAC_d20,real,20,YasMarina,4,4,1,7,0.7,13.965,14.66,147,0.9386,7e-05,7e-05,0.9142,0.00034,True,True,True,False,False,True,True,0.8312,0.9676,0.63351,0.92037,89,,,1,1,1
SAC_d20,real,20,Zandvoort,0,0,2,5,0.5,62.51,63.01,630,1.0387,0.10108,0.10183,1.0045,0.10108,True,True,True,False,False,True,True,0.94536,0.23711,0.20902,0.37784,575,0.99652,0.19478,1,1,1
SAC_d20,real,20,Zandvoort,2,2,2,8,0.8,61.135,61.93,619,1.0176,0.02159,0.0249,1.0045,0.05272,True,True,True,False,False,True,True,0.4732,0.57036,0.20902,0.60515,561,0.5098,0.30125,1,1,1
SAC_d20,real,20,Zandvoort,4,4,1,7,0.7,13.495,14.19,142,1.0243,3e-05,3e-05,1.0062,0.00013,True,True,True,False,False,True,True,0.75799,0.99046,0.50206,0.97784,84,,,1,1,1
SAC_d20,test,20,test_track_0,0,0,2,5,0.5,123.55,124.05,1241,1.4794,0.18826,0.20506,1.4596,0.54113,False,False,False,False,False,False,False,0.7139,0.1927,0.082126,0.2351,1185,0.72911,0.16287,0,0,0
SAC_d20,test,20,test_track_0,4,4,1,7,0.7,25.88,26.58,266,1.4741,0,0,1.465,0,False,False,False,False,False,False,False,0.53301,1,0.75309,1,208,0.52404,1,0,0,0
SAC_d20,test,20,test_track_1,0,0,2,5,0.5,42.298,42.8,428,1.4703,0.02288,0.02377,1.4628,0.20715,False,False,False,False,False,False,False,0.29117,0.51909,0.49402,0.51738,372,0.33871,0.18011,0,0,0.0005698
SAC_d20,test,20,test_track_1,2,2,2,8,0.8,165.4,166.2,1662,1.476,0.54536,0.54305,1.4609,0.60222,False,False,False,False,False,False,False,0.58063,0.052991,0.19145,0.045014,1603,0.58328,0.044916,0,0,0.0005698
SAC_d20,test,20,test_track_1,4,4,1,7,0.7,165.15,165.85,1658,1.4741,0.54869,0.54218,1.4609,0.60222,False,False,False,False,False,False,False,0.50826,0.026781,0.19145,0.045014,1601,0.51218,0.019988,0,0,0.0005698
SAC_d20,test,20,test_track_2,0,0,2,5,0.5,100.47,100.97,1010,1.4661,0.12518,0.12085,1.4587,0.60401,False,False,False,False,False,False,False,0.13424,0.23399,0.062808,0.062808,954,0.13417,0.18973,0,0,0
SAC_d20,test,20,test_track_2,2,2,2,8,0.8,85.044,85.84,858,1.4875,0.00044,0.00041,1.4623,0.05035,False,False,False,False,False,False,False,0.89039,0.67857,0.20259,0.59175,800,0.8875,0.4925,0,0,0
SAC_d20,test,20,test_track_2,4,4,1,7,0.7,98.49,99.19,992,1.4689,0.05079,0.14955,1.4587,0.60401,False,False,False,False,False,False,False,0.24754,0.35591,0.062808,0.062808,934,0.26231,0.25696,0,0,0
SAC_d20,test,20,test_track_3,2,2,2,8,0.8,153.12,153.92,1539,1.4964,0.51901,0.405,1.4625,0.51901,False,False,False,False,False,False,False,0.97279,0.087513,0.31644,0.30096,1481,0.97232,0.086428,0,0,0
SAC_d20,test,20,test_track_3,4,4,1,7,0.7,28.368,29.07,291,1.4698,0.25423,0.30971,1.4595,0.47927,False,False,False,False,False,False,False,0.30363,0.20277,0.054429,0.33938,233,0.2618,0.103,0,0,0
SAC_d20,test,20,test_track_4,0,0,2,5,0.5,38.593,39.09,391,1.4688,0,0,1.4687,0,False,False,False,False,False,False,False,0.23511,1,0.75971,1,335,0.19701,1,0,0,0.00051787
SAC_d20,test,20,test_track_4,2,2,2,8,0.8,79.401,80.2,802,1.4736,0.45437,0.3506,1.4628,0.45437,False,False,False,False,False,False,False,0.48317,0.12325,0.41326,0.35629,744,0.52151,0.086022,0,0,0.00051787
SAC_d20,test,20,test_track_6,0,0,2,5,0.5,23.588,24.09,241,1.4803,0,0,1.4652,0,False,False,False,False,False,False,False,0.75995,1,0.74306,1,185,0.77838,1,0,0,0
SAC_d20,test,20,test_track_6,4,4,1,7,0.7,24.572,25.27,253,1.4794,0,0,1.467,0,False,False,False,False,False,False,False,0.73522,1,0.86731,1,195,0.7641,1,0,0,0
SAC_d20,test,20,test_track_8,0,0,2,5,0.5,109.93,110.43,1104,1.4787,0.03865,0.05749,1.4622,0.12317,False,False,False,False,False,False,False,0.6946,0.51973,0.20583,0.62781,1049,0.71115,0.54147,0,0,0
SAC_d20,test,20,test_track_9,0,0,2,5,0.5,31.002,31.5,315,1.4711,0,1e-05,1.4688,0,False,False,False,False,False,False,False,0.36617,1,0.98501,1,260,0.47308,1,0,0,0
SAC_d20,test,20,test_track_9,2,2,2,8,0.8,153.99,154.79,1548,1.4864,0.08034,0.16036,1.4628,0.60062,False,False,False,False,False,False,False,0.88437,0.34368,0.43469,0.027302,1489,0.87911,0.36602,0,0,0
SAC_d20,test,20,test_track_9,4,4,1,7,0.7,151.41,152.11,1521,1.4771,0.57905,0.50618,1.4628,0.60062,False,False,False,False,False,False,False,0.62741,0.0069593,0.43469,0.027302,1464,0.64139,0.0047814,0,0,0
SAC_d20,test,20,test_track_10,0,0,2,5,0.5,56.618,57.12,571,1.5071,0.56514,0.43466,1.4626,0.56514,False,False,False,False,False,False,False,0.95778,0.015556,0.29444,0.23778,516,0.91279,0.013566,0,0,0.0016667
SAC_d20,test,20,test_track_10,2,2,2,8,0.8,123.14,123.94,1239,1.4813,0.00037,0.00037,1.4629,0.04471,False,False,False,False,False,False,False,0.74389,0.78333,0.45778,0.66833,1181,0.75783,0.72481,0,0,0.0016667
SAC_d20,test,20,test_track_10,4,4,1,7,0.7,134.21,134.91,1349,1.4992,0.14081,0.03445,1.4595,0.52963,False,False,False,False,False,False,False,0.94722,0.23722,0.056667,0.32611,1292,0.95124,0.22059,0,0,0.0016667
SAC_d20,test,20,test_track_11,2,2,2,8,0.8,55.001,55.8,558,1.4733,0.001,0.00088,1.468,0.00762,False,False,False,False,False,False,False,0.51051,0.71353,0.91656,0.75953,500,0.538,0.514,0,0,0
SAC_d20,test,20,test_track_12,0,0,2,5,0.5,149.83,150.33,1503,1.481,0.04463,0.13876,1.4595,0.04463,False,False,False,False,False,False,False,0.79916,0.40528,0.16427,0.67986,1448,0.80249,0.39986,0,0,0.0023981
SAC_d20,test,20,test_track_12,4,4,1,7,0.7,137.88,138.58,1386,1.4827,0.19567,0.24016,1.4626,0.19567,False,False,False,False,False,False,False,0.82374,0.21283,0.55995,0.52458,1328,0.82229,0.19729,0,0,0.0023981
SAC_d20,test,20,test_track_13,0,0,2,5,0.5,66.193,66.69,667,1.4754,0.13058,0.10601,1.4624,0.32443,False,False,False,False,False,False,False,0.5754,0.28075,0.2252,0.42312,611,0.56137,0.12766,0,0,0
SAC_d20,test,20,test_track_13,2,2,2,8,0.8,65.469,66.27,663,1.4723,0.12836,0.13066,1.4624,0.34487,False,False,False,False,False,False,False,0.43651,0.28373,0.2252,0.41369,604,0.42053,0.12417,0,0,0
SAC_d20,test,20,test_track_13,4,4,1,7,0.7,30.857,31.56,316,1.4714,0.00635,0.00653,1.4644,0.06647,False,False,False,False,False,False,False,0.38591,0.58681,0.65129,0.63889,258,0.40698,0.21705,0,0,0
SAC_d20,test,20,test_track_14,0,0,2,5,0.5,53.654,54.15,542,1.4727,0.18044,0.1817,1.4662,0.31187,False,False,False,False,False,False,False,0.52719,0.24907,0.74784,0.4864,486,0.53498,0.10905,0,0,0.0024722
SAC_d20,test,20,test_track_14,2,2,2,8,0.8,75.697,76.5,765,1.4881,0.2568,0.2783,1.4624,0.38678,False,False,False,False,False,False,False,0.92831,0.19036,0.27194,0.41409,706,0.94193,0.11473,0,0,0.0024722
SAC_d20,test,20,test_track_14,4,4,1,7,0.7,132.41,133.11,1331,1.4582,0.51959,0.49702,1.4582,0.63154,False,False,False,False,False,False,True,0.00061805,0.051916,0.03152,0.03152,1274,0,0.040816,0,0,0.0024722
SAC_d20,test,20,test_track_15,0,0,2,5,0.5,6.722,7.22,72,1.4688,0,0,1.4687,2e-05,False,False,False,False,False,False,False,0.26422,1,0.80673,0.81651,17,,,0,0,0.004893
SAC_d20,test,20,test_track_15,2,2,2,8,0.8,38.384,39.18,392,1.4799,0,0,1.4632,0.03239,False,False,False,False,False,False,False,0.72049,1,0.39205,0.59939,333,0.68468,1,0,0,0.004893
SAC_d20,test,20,test_track_15,4,4,1,7,0.7,26.235,26.93,269,1.5101,0.00304,0.00585,1.4688,0.00304,False,False,False,False,False,False,False,0.97187,0.55963,1,0.73578,212,0.92453,0,0,0,0.004893
SAC_d20,test,20,test_track_16,4,4,1,7,0.7,49.073,49.77,498,1.4688,0,0,1.4688,0,False,False,False,False,False,False,False,0.24132,1,0.98781,1,440,0.34091,1,0,0,0
SAC_d20,test,20,test_track_17,0,0,2,5,0.494,42.488,42.98,430,1.4686,0,0,1.4627,0,False,False,False,False,False,False,False,0.19249,1,0.25969,1,374,0.24599,1,0.0066586,0.038741,0.0084746
SAC_d20,test,20,test_track_17,2,2,2,8,0.807,41.969,42.78,428,1.4693,0,0,1.4627,0,False,False,False,False,False,False,False,0.24274,1,0.25969,1,369,0.26287,1,0.0066586,0.038741,0.0084746
SAC_d20,test,20,test_track_17,4,4,1,7,0.706,145.62,146.33,1463,1.4733,0.24205,0.18987,1.4669,0.24344,False,False,False,False,False,False,False,0.45581,0.19068,0.96913,0.50605,1406,0.46088,0.18848,0.0066586,0.038741,0.0084746
SAC_d20,test,20,test_track_18,0,0,2,5,0.5,54.294,54.79,548,1.4661,0.28613,0.27679,1.4661,0.28613,False,False,False,False,False,False,False,0.06784,0.15898,0.63749,0.41792,492,0.0020325,0.10772,0,0,0
SAC_d20,test,20,test_track_18,4,4,1,7,0.7,161.76,162.46,1625,1.47,0.00486,0.00496,1.4635,0.06205,False,False,False,False,False,False,False,0.33661,0.57276,0.46815,0.59451,1567,0.32227,0.58966,0,0,0
SAC_d20,test,20,test_track_19,0,0,2,5,0.5,23.537,24.04,240,1.462,0.49,0.36496,1.462,0.49,False,False,False,False,False,False,False,0.004904,0.1606,0.19534,0.4058,185,0,0,0,0,0
SAC_d20,test,20,test_track_19,2,2,2,8,0.8,236.51,237.31,2373,1.4717,0.54071,0.55148,1.4594,0.58909,False,False,False,False,False,False,False,0.4058,0.12669,0.083367,0.073559,2315,0.40475,0.12268,0,0,0
SAC_d20,test,20,test_track_19,4,4,1,7,0.7,101.58,102.28,1023,1.5035,0.18161,0.00986,1.4595,0.58722,False,False,False,False,False,False,False,0.94483,0.25828,0.10421,0.15693,965,0.87876,0.15959,0,0,0
SAC_d5,real,5,Austin,0,0,2,5,0.5,8.175,8.68,87,0.9774,2e-05,2e-05,0.9666,6e-05,True,True,True,False,False,True,True,0.33389,0.95251,0.6312,0.92401,31,,,1,1,1
SAC_d5,real,5,Austin,2,2,2,8,0.8,8.121,8.92,89,0.9884,2e-05,2e-05,0.9666,6e-05,True,True,True,False,False,True,True,0.7072,0.95251,0.6312,0.92401,31,,,1,1,1
SAC_d5,real,5,Austin,4,4,1,7,0.7,8.227,8.93,89,0.9884,2e-05,2e-05,0.9666,6e-05,True,True,True,False,False,True,True,0.7072,0.95251,0.6312,0.92401,32,,,1,1,1
SAC_d5,real,5,BrandsHatch,0,0,2,5,0.5,50.838,51.34,513,1.2689,0.20011,0.19592,1.2563,0.20011,True,True,True,False,False,True,True,0.65338,0.071008,0.84536,0.17682,458,0.48253,0,1,1,1
SAC_d5,real,5,BrandsHatch,2,2,2,8,0.8,57.129,57.93,579,1.2722,0.33367,0.3481,1.2546,0.50001,True,True,True,False,False,True,True,0.82262,0.012349,0.49509,0.014314,521,0.69866,0.011516,1,1,1
SAC_d5,real,5,BrandsHatch,4,4,1,7,0.7,65.196,65.9,659,1.2763,0.00572,0.0057,1.2731,0.07328,True,True,True,False,False,True,True,0.98091,0.63851,0.99354,0.46702,601,0.97837,0.81032,1,1,1
SAC_d5,real,5,Budapest,0,0,2,5,0.5,10.49,10.99,110,1.2404,0.00019,0.00019,1.2384,0.00033,True,True,True,False,False,True,True,0.17735,0.93393,0.78912,0.96324,54,,,1,1,1
SAC_d5,real,5,Budapest,2,2,2,8,0.8,24.339,25.14,251,1.2427,0.00031,0.00031,1.2363,0.00049,True,True,True,False,False,True,True,0.31719,0.89245,0.42871,0.9225,193,0.32642,0.15544,1,1,1
SAC_d5,real,5,Budapest,4,4,1,7,0.7,11.057,11.76,118,1.2389,0.00014,0.00014,1.2384,0.00033,True,True,True,False,False,True,True,0.10904,0.95057,0.78912,0.96324,60,,,1,1,1
SAC_d5,real,5,Catalunya,0,0,2,5,0.5,29.019,29.52,295,1.2218,0.00013,0.00013,1.2089,0.00013,True,True,True,False,False,True,True,0.58349,0.89251,0.58589,0.9273,240,0.775,0,1,1,1
SAC_d5,real,5,Catalunya,2,2,2,8,0.8,46.615,47.42,474,1.218,2e-05,2e-05,1.2087,0.00011,True,True,True,False,False,True,True,0.39635,0.9844,0.51871,0.93762,416,0.46635,0.88702,1,1,1
SAC_d5,real,5,Catalunya,4,4,1,7,0.7,25.862,26.56,266,1.216,0.0001,0.0001,1.2135,0.0001,True,True,True,False,False,True,True,0.28239,0.91267,0.9477,0.94434,208,0.30288,0.0096154,1,1,1
SAC_d5,real,5,Hockenheim,0,0,2,5,0.5,13.165,13.66,137,1.0406,0.00046,0.00046,1.0314,0.00911,True,True,True,False,False,True,True,0.39928,0.92942,0.48708,0.72242,81,,,1,1,1
SAC_d5,real,5,Hockenheim,2,2,2,8,0.8,8.054,8.85,89,1.0521,0.00693,0.00693,1.0312,0.00693,True,True,True,False,False,True,True,0.78077,0.56488,0.3651,0.74159,30,,,1,1,1
SAC_d5,real,5,Hockenheim,4,4,1,7,0.7,7.453,8.15,82,1.0686,0.00603,0.00603,1.0312,0.00603,True,True,True,False,False,True,True,0.98166,0.58627,0.3651,0.76882,24,,,1,1,1
SAC_d5,real,5,IMS,0,0,2,5,0.5,4.883,5.38,54,0.9869,1e-05,1e-05,0.9722,9e-05,True,True,True,False,False,True,True,0.99352,0.98942,0.96725,0.88878,0,,,1,1,1
SAC_d5,real,5,IMS,2,2,2,8,0.8,4.923,5.72,57,0.9869,2e-05,2e-05,0.9722,8e-05,True,True,True,False,False,True,True,0.99352,0.96929,0.96725,0.90788,0,,,1,1,1
SAC_d5,real,5,IMS,4,4,1,7,0.7,4.924,5.62,56,0.9869,2e-05,2e-05,0.9722,9e-05,True,True,True,False,False,True,True,0.99352,0.96929,0.96725,0.88878,0,,,1,1,1
SAC_d5,real,5,Melbourne,0,0,2,5,0.5,11.886,12.39,124,1.1659,0.00026,0.00026,1.1525,0.00026,True,True,True,False,False,True,True,0.73097,0.9144,0.86232,0.94371,68,,,1,1,1
SAC_d5,real,5,Melbourne,2,2,2,8,0.8,10.832,11.63,116,1.1566,0.00023,0.00023,1.1554,0.00023,True,True,True,False,False,True,True,0.34851,0.91946,0.97238,0.94666,58,,,1,1,1
SAC_d5,real,5,Melbourne,4,4,1,7,0.7,9.58,10.28,103,1.1602,0.00018,0.00018,1.1554,0.00018,True,True,True,False,False,True,True,0.47923,0.92895,0.97238,0.95193,45,,,1,1,1
SAC_d5,real,5,MexicoCity,0,0,2,5,0.5,9.433,9.93,99,1.0864,0.00025,0.00025,1.0858,0.00095,True,True,True,False,False,True,True,0.060835,0.76086,0.485,0.70732,44,,,1,1,1
SAC_d5,real,5,MexicoCity,2,2,2,8,0.8,41.221,42.02,420,1.0866,4e-05,4e-05,1.0863,5e-05,True,True,True,False,False,True,True,0.067564,0.90889,0.70227,0.93776,362,0.10497,0.72928,1,1,1
SAC_d5,real,5,MexicoCity,4,4,1,7,0.7,29.232,29.93,299,1.0907,3e-05,3e-05,1.0864,6e-05,True,True,True,False,False,True,True,0.19652,0.93524,0.72302,0.91169,242,0.31818,0.94628,1,1,1
SAC_d5,real,5,Montreal,0,0,2,5,0.5,2.013,2.51,25,0.6737,0.04622,0.04296,0.6555,0.04622,True,True,True,False,False,True,True,0.4644,0.26447,0.31533,0.46896,0,,,1,1,1
SAC_d5,real,5,Montreal,2,2,2,8,0.8,1.96,2.76,28,0.6748,0.04881,0.04563,0.6555,0.04881,True,True,True,False,False,True,True,0.5121,0.2571,0.31533,0.463,0,,,1,1,1
SAC_d5,real,5,Montreal,4,4,1,7,0.7,1.834,2.53,25,0.6737,0.04622,0.04296,0.6555,0.04622,True,True,True,False,False,True,True,0.4644,0.26447,0.31533,0.46896,0,,,1,1,1
SAC_d5,real,5,Monza,0,0,2,5,0.5,7.785,8.29,83,0.996,0.00018,0.00018,0.9407,0.00018,True,True,True,False,False,True,True,0.86729,0.81036,0.38848,0.89913,27,,,1,1,1
SAC_d5,real,5,Monza,2,2,2,8,0.8,8.559,9.36,94,1.0055,0.00025,0.00025,0.9407,0.00025,True,True,True,False,False,True,True,0.98162,0.77471,0.38848,0.86371,35,,,1,1,1
SAC_d5,real,5,Monza,4,4,1,7,0.7,7.911,8.61,86,0.9883,0.0002,0.0002,0.9407,0.0002,True,True,True,False,False,True,True,0.76777,0.79848,0.38848,0.8803,29,,,1,1,1
SAC_d5,real,5,MoscowRaceway,0,0,2,5,0.5,7.642,8.14,81,1.0766,0.00067,0.00067,1.0741,0.00072,True,True,True,False,False,True,True,0.42317,0.78748,0.92317,0.886,26,,,1,1,1
SAC_d5,real,5,MoscowRaceway,2,2,2,8,0.8,6.863,7.66,77,1.0798,0.00069,0.00069,1.0741,0.00072,True,True,True,False,False,True,True,0.59789,0.78284,0.92317,0.886,18,,,1,1,1
SAC_d5,real,5,MoscowRaceway,4,4,1,7,0.7,7.643,8.34,83,1.0795,0.00066,0.00066,1.0741,0.00072,True,True,True,False,False,True,True,0.58178,0.79027,0.92317,0.886,26,,,1,1,1
SAC_d5,real,5,Nuerburgring,0,0,2,5,0.5,33.632,34.13,341,1.1476,0.56253,0.59557,1.1301,0.56253,True,True,True,False,True,True,True,0.52779,0.0053788,0.48342,0.02779,286,0.43357,0,1,1,1
SAC_d5,real,5,Nuerburgring,2,2,2,8,0.8,22.768,23.57,236,1.1469,0.01637,0.01637,1.1315,0.01748,True,True,True,False,False,True,True,0.50605,0.43635,0.61632,0.58673,177,0.33898,0,1,1,1
SAC_d5,real,5,Nuerburgring,4,4,1,7,0.7,25.315,26.01,260,1.1489,0.01573,0.01602,1.1343,0.01715,True,True,True,False,False,True,True,0.56029,0.44868,0.98207,0.59301,203,0.38424,0.10345,1,1,1
SAC_d5,real,5,Oschersleben,0,0,2,5,0.5,5.038,5.54,55,0.9666,9e-05,9e-05,0.9581,0.00011,True,True,True,False,False,True,True,0.30675,0.95475,0.1112,0.96012,0,,,1,1,1
SAC_d5,real,5,Oschersleben,2,2,2,8,0.8,5.504,6.3,63,0.9639,9e-05,9e-05,0.9581,0.0001,True,True,True,False,False,True,True,0.047163,0.95475,0.1112,0.97316,5,,,1,1,1
SAC_d5,real,5,Oschersleben,4,4,1,7,0.7,5.02,5.72,57,0.9641,9e-05,9e-05,0.9581,0.00011,True,True,True,False,False,True,True,0.071319,0.95475,0.1112,0.96012,0,,,1,1,1
SAC_d5,real,5,Sakhir,0,0,2,5,0.5,8.145,8.64,86,1.1105,2e-05,2e-05,1.1105,5e-05,True,True,True,False,False,True,True,0.63416,0.95792,1,0.91855,31,,,1,1,1
SAC_d5,real,5,Sakhir,2,2,2,8,0.8,7.299,8.1,81,1.1105,2e-05,2e-05,1.1105,5e-05,True,True,True,False,False,True,True,0.63416,0.95792,1,0.91855,22,,,1,1,1
SAC_d5,real,5,Sakhir,4,4,1,7,0.7,7.305,8.01,80,1.1105,2e-05,2e-05,1.1105,5e-05,True,True,True,False,False,True,True,0.63416,0.95792,1,0.91855,23,,,1,1,1
SAC_d5,real,5,SaoPaulo,0,0,2,5,0.5,32.846,33.35,333,1.1086,0.02562,0.02864,1.0862,0.59599,True,True,True,False,False,True,True,0.86133,0.50653,0.029591,0.040905,278,0.8705,0.23381,1,1,1
SAC_d5,real,5,SaoPaulo,2,2,2,8,0.8,22.125,22.93,229,1.1062,0.0865,0.10184,1.0878,0.0865,True,True,True,False,False,True,True,0.78271,0.28489,0.19785,0.50769,171,0.7193,0,1,1,1
SAC_d5,real,5,SaoPaulo,4,4,1,7,0.7,25.856,26.56,266,1.098,0.29437,0.28547,1.0881,0.29437,True,True,True,False,False,True,True,0.41398,0.060923,0.33043,0.1877,208,0.42788,0,1,1,1
SAC_d5,real,5,Sepang,0,0,2,5,0.5,8.976,9.48,95,1.2032,9e-05,9e-05,1.1957,0.00016,True,True,True,False,False,True,True,0.64661,0.89754,0.98172,0.91704,39,,,1,1,1
SAC_d5,real,5,Sepang,2,2,2,8,0.8,10.077,10.88,109,1.201,7e-05,7e-05,1.1958,0.00014,True,True,True,False,False,True,True,0.57639,0.91027,0.9885,0.92074,50,,,1,1,1
SAC_d5,real,5,Sepang,4,4,1,7,0.7,11.608,12.31,123,1.1985,5e-05,5e-05,1.1958,0.00012,True,True,True,False,False,True,True,0.49959,0.93244,0.9885,0.92341,66,,,1,1,1
SAC_d5,real,5,Shanghai,0,0,2,5,0.5,34.715,35.22,352,1.233,0.00948,0.0089,1.2191,0.0099,True,True,True,False,False,True,True,0.3054,0.42375,0.13984,0.52542,297,0.54545,0,1,1,1
SAC_d5,real,5,Shanghai,2,2,2,8,0.8,15.081,15.88,159,1.2438,0.00102,0.00102,1.2216,0.00102,True,True,True,False,False,True,True,0.78139,0.77275,0.30802,0.92264,100,0.77,0.55,1,1,1
SAC_d5,real,5,Shanghai,4,4,1,7,0.7,24.097,24.8,248,1.2344,0.00143,0.00143,1.2191,0.00145,True,True,True,False,False,True,True,0.39642,0.68877,0.13984,0.83846,190,0.61579,0.26842,1,1,1
SAC_d5,real,5,Silverstone,0,0,2,5,0.5,6.111,6.61,66,1.0277,2e-05,2e-05,0.9963,0.0001,True,True,True,False,False,True,True,0.84236,0.9869,0.82882,0.97183,11,,,1,1,1
SAC_d5,real,5,Silverstone,2,2,2,8,0.8,6.093,6.89,69,1.0153,2e-05,2e-05,0.9963,9e-05,True,True,True,False,False,True,True,0.569,0.9869,0.82882,0.97293,10,,,1,1,1
SAC_d5,real,5,Silverstone,4,4,1,7,0.7,6.191,6.89,69,1.0153,2e-05,2e-05,0.9963,9e-05,True,True,True,False,False,True,True,0.569,0.9869,0.82882,0.97293,11,,,1,1,1
SAC_d5,real,5,Sochi,0,0,2,5,0.5,19.156,19.66,197,1.0117,4e-05,4e-05,1.004,4e-05,True,True,True,False,False,True,True,0.34066,0.96529,0.81932,0.99375,141,0.29787,0.41844,1,1,1
SAC_d5,real,5,Sochi,2,2,2,8,0.8,18.712,19.51,195,1.0351,4e-05,4e-05,1.004,4e-05,True,True,True,False,False,True,True,0.86244,0.96529,0.81932,0.99375,137,0.94161,0.40146,1,1,1
SAC_d5,real,5,Sochi,4,4,1,7,0.7,31.331,32.03,320,1.0373,0.02863,0.03446,1.0037,0.02863,True,True,True,False,False,True,True,0.88659,0.34411,0.78439,0.60328,263,0.96198,0,1,1,1
SAC_d5,real,5,Spa,0,0,2,5,0.5,7.049,7.55,75,0.9894,0.0001,0.0001,0.9829,0.0006,True,True,True,False,False,True,True,0.1807,0.94463,0.41767,0.88314,20,,,1,1,1
SAC_d5,real,5,Spa,2,2,2,8,0.8,8.141,8.94,89,0.9922,4e-05,4e-05,0.9835,0.00046,True,True,True,False,False,True,True,0.29522,0.97908,0.60848,0.89901,31,,,1,1,1
SAC_d5,real,5,Spa,4,4,1,7,0.7,6.126,6.83,68,1.0001,0.00017,0.00017,0.9829,0.00067,True,True,True,False,False,True,True,0.56321,0.90243,0.41767,0.86601,11,,,1,1,1
SAC_d5,real,5,Spielberg,0,0,2,5,0.5,7.081,7.58,76,1.0754,3e-05,3e-05,1.0624,5e-05,True,True,True,False,False,True,True,0.57105,0.95341,0.46971,0.93943,20,,,1,1,1
SAC_d5,real,5,Spielberg,2,2,2,8,0.8,15.129,15.93,159,1.0625,0,0,1.0624,2e-05,True,True,True,False,False,True,True,0.026209,1,0.46971,0.99272,101,0.089109,1,1,1,1
SAC_d5,real,5,Spielberg,4,4,1,7,0.7,17.881,18.58,186,1.0622,1e-05,1e-05,1.0622,1e-05,True,True,True,False,False,True,True,0.012231,0.99097,0.32411,1,128,0.023438,0.96875,1,1,1
SAC_d5,real,5,YasMarina,0,0,2,5,0.5,2.557,3.06,31,0.9219,0.00068,0.00068,0.9143,0.00094,True,True,True,False,False,True,True,0.35318,0.74378,0.77945,0.7993,0,,,1,1,1
SAC_d5,real,5,YasMarina,2,2,2,8,0.8,2.78,3.58,36,0.9371,0.00066,0.00066,0.9143,0.00092,True,True,True,False,False,True,True,0.78925,0.74755,0.77945,0.80131,0,,,1,1,1
SAC_d5,real,5,YasMarina,4,4,1,7,0.7,3.635,4.33,43,0.9155,0.00062,0.00062,0.9144,0.00088,True,True,True,False,False,True,True,0.13489,0.75559,0.80909,0.80608,0,,,1,1,1
SAC_d5,real,5,Zandvoort,0,0,2,5,0.5,7.264,7.76,78,1.0192,0.00016,0.00016,1.0071,0.00018,True,True,True,False,False,True,True,0.54485,0.9366,0.68041,0.95851,22,,,1,1,1
SAC_d5,real,5,Zandvoort,2,2,2,8,0.8,7.47,8.27,83,1.0211,0.00015,0.00015,1.0071,0.00018,True,True,True,False,False,True,True,0.62655,0.94046,0.68041,0.95851,24,,,1,1,1
SAC_d5,real,5,Zandvoort,4,4,1,7,0.7,9.478,10.18,102,1.0107,0.00011,0.00011,1.0071,0.00018,True,True,True,False,False,True,True,0.17758,0.95593,0.68041,0.95851,44,,,1,1,1
SAC_d5,test,5,test_track_0,4,4,1,7,0.7,92.306,93.01,930,1.4706,0.02675,0.02826,1.4647,0.19429,False,False,False,False,False,False,False,0.34461,0.41868,0.61782,0.50886,873,0.33562,0.4181,0,0,0.0010735
SAC_d5,test,5,test_track_1,0,0,2,5,0.5,30.114,30.61,306,1.488,0,0,1.4626,0,False,False,False,False,False,False,False,0.89402,1,0.33561,1,251,0.92829,1,0,0,0.0045584
SAC_d5,test,5,test_track_1,2,2,2,8,0.8,27.842,28.64,286,1.4785,0,0,1.4625,0.00098,False,False,False,False,False,False,False,0.66781,1,0.3208,0.87179,228,0.63158,1,0,0,0.0045584
SAC_d5,test,5,test_track_1,4,4,1,7,0.7,26.644,27.34,273,1.4795,0,0,1.4625,0.00671,False,False,False,False,False,False,False,0.70199,1,0.3208,0.83305,216,0.65278,1,0,0,0.0045584
SAC_d5,test,5,test_track_2,0,0,2,5,0.5,27.138,27.64,276,1.466,0.18499,0.23008,1.462,0.58869,False,False,False,False,False,False,False,0.13116,0.18842,0.13978,0.17118,221,0,0.0090498,0,0,0.0036946
SAC_d5,test,5,test_track_2,4,4,1,7,0.7,26.831,27.53,275,1.4885,0.24143,0.25685,1.462,0.58869,False,False,False,False,False,False,False,0.91626,0.16441,0.13978,0.17118,218,0.98165,0.0045872,0,0,0.0036946
SAC_d5,test,5,test_track_3,0,0,2,5,0.5,32.015,32.52,325,1.4688,0.0075,0.0083,1.4595,0.47927,False,False,False,False,False,False,False,0.23533,0.59712,0.054429,0.33938,270,0.17778,0.22963,0,0,0.0010672
SAC_d5,test,5,test_track_3,2,2,2,8,0.8,143.11,143.91,1439,1.486,0.00109,0.00111,1.4627,0.01333,False,False,False,False,False,False,False,0.87834,0.7444,0.42369,0.75934,1381,0.8798,0.80666,0,0,0.0010672
SAC_d5,test,5,test_track_3,4,4,1,7,0.7,33.117,33.82,338,1.4796,0.00269,0.0029,1.4683,0.42014,False,False,False,False,False,False,False,0.7508,0.67556,0.95091,0.35592,281,0.77224,0.30249,0,0,0.0010672
SAC_d5,test,5,test_track_4,2,2,2,8,0.8,27.585,28.39,284,1.4726,0.54095,0.5515,1.4606,0.54843,False,False,False,False,False,False,False,0.43501,0.088555,0.18488,0.29311,225,0.49333,0,0,0,0.0015536
SAC_d5,test,5,test_track_4,4,4,1,7,0.7,57.605,58.31,583,1.4688,0.09785,0.07722,1.4688,0.09785,False,False,False,False,False,False,False,0.23511,0.34076,0.96945,0.60176,526,0.31179,0.11597,0,0,0.0015536
SAC_d5,test,5,test_track_5,0,0,2,5,0.5,36.534,37.03,370,1.4694,0.00609,0.09892,1.4628,0.35167,False,False,False,False,False,False,False,0.29976,0.72256,0.45054,0.4427,315,0.32698,0.1873,0,0,0
SAC_d5,test,5,test_track_6,0,0,2,5,0.5,46.449,46.95,469,1.509,0.25689,0.25653,1.4597,0.44884,False,False,False,False,False,False,False,0.96743,0.14536,0.06152,0.24065,414,0.95894,0.065217,0,0,0
SAC_d5,test,5,test_track_6,2,2,2,8,0.8,46.13,46.93,469,1.509,0.25689,0.25653,1.4597,0.44884,False,False,False,False,False,False,False,0.96743,0.14536,0.06152,0.24065,411,0.95864,0.065693,0,0,0
SAC_d5,test,5,test_track_7,0,0,2,5,0.5,29.733,30.23,302,1.4951,0,0,1.4646,0.00012,False,False,False,False,False,False,False,0.94061,1,0.77072,0.82459,247,0.9919,1,0,0,0.003453
SAC_d5,test,5,test_track_7,2,2,2,8,0.8,34.214,35.01,350,1.48,0,0,1.4646,0,False,False,False,False,False,False,False,0.71271,1,0.77072,1,292,0.67123,1,0,0,0.003453
SAC_d5,test,5,test_track_7,4,4,1,7,0.7,30.604,31.3,313,1.4651,0,0,1.4646,1e-05,False,False,False,False,False,False,False,0.072514,1,0.77072,0.85704,256,0.12109,1,0,0,0.003453
SAC_d5,test,5,test_track_8,0,0,2,5,0.5,36.569,37.07,371,1.4667,0.03363,0.03435,1.4667,0.4038,False,False,False,False,False,False,False,0.11597,0.54159,0.85367,0.37583,315,0.04127,0.14603,0,0,0
SAC_d5,test,5,test_track_8,2,2,2,8,0.8,117.19,117.98,1180,1.5309,0.01105,0.01124,1.4675,0.10737,False,False,False,False,False,False,False,0.99939,0.67456,0.90285,0.66606,1121,0.99911,0.73417,0,0,0
SAC_d5,test,5,test_track_9,0,0,2,5,0.5,151.64,152.14,1521,1.4771,0.57905,0.50618,1.4628,0.60062,False,False,False,False,False,False,True,0.62741,0.0069593,0.43469,0.027302,1466,0.64188,0.0047749,0,0,0.0010707
SAC_d5,test,5,test_track_9,4,4,1,7,0.7,48.258,48.96,490,1.4903,1e-05,2e-05,1.4628,0.003,False,False,False,False,False,False,False,0.94807,0.81638,0.43469,0.80621,432,0.93981,0.5787,0,0,0.0010707
SAC_d5,test,5,test_track_10,0,0,2,5,0.5,48.292,48.79,488,1.472,0,0,1.4627,0.005,False,False,False,False,False,False,False,0.42167,1,0.34778,0.81222,432,0.43056,1,0,0,0.0027778
SAC_d5,test,5,test_track_10,2,2,2,8,0.8,48.205,49,490,1.4634,0,0,1.4627,0.00399,False,False,False,False,False,False,False,0.04,1,0.34778,0.81778,432,0.016204,1,0,0,0.0027778
SAC_d5,test,5,test_track_10,4,4,1,7,0.7,49.244,49.94,499,1.4627,0,0,1.4627,0.00156,False,False,False,False,False,False,False,0.011111,1,0.34778,0.85111,442,0.0045249,1,0,0,0.0027778
SAC_d5,test,5,test_track_11,0,0,2,5,0.5,47.572,48.07,481,1.471,0.06528,0.0575,1.4628,0.07897,False,False,False,False,False,False,False,0.38173,0.35283,0.45861,0.63141,425,0.36,0.23294,0,0,0
SAC_d5,test,5,test_track_11,4,4,1,7,0.7,36.871,37.57,376,1.473,0.22691,0.10879,1.463,0.2364,False,False,False,False,False,False,False,0.49869,0.10775,0.61432,0.35611,318,0.48113,0.072327,0,0,0
SAC_d5,test,5,test_track_12,0,0,2,5,0.5,33.111,33.61,336,1.4658,0,0,1.4625,0,False,False,False,False,False,False,False,0.15887,1,0.497,1,281,0.22776,1,0,0,0.0047962
SAC_d5,test,5,test_track_12,2,2,2,8,0.8,50.637,51.44,514,1.4823,0.05225,0.05315,1.4624,0.31181,False,False,False,False,False,False,False,0.81715,0.38369,0.45324,0.47002,456,0.75,0.13377,0,0,0.0047962
SAC_d5,test,5,test_track_12,4,4,1,7,0.7,32.221,32.92,329,1.4746,0,0,1.4625,0,False,False,False,False,False,False,False,0.61271,1,0.497,1,272,0.63235,1,0,0,0.0047962
SAC_d5,test,5,test_track_13,0,0,2,5,0.5,55.489,55.99,560,1.4776,0.00083,0.00082,1.4663,0.00803,False,False,False,False,False,False,False,0.65476,0.73661,0.79613,0.77331,504,0.64286,0.68651,0,0,0
SAC_d5,test,5,test_track_13,4,4,1,7,0.7,92.267,92.97,930,1.4813,0.01948,0.02151,1.4618,0.54821,False,False,False,False,False,False,False,0.7505,0.49107,0.17113,0.17659,872,0.74771,0.38647,0,0,0
SAC_d5,test,5,test_track_14,0,0,2,5,0.5,131.21,131.71,1317,1.4805,0.4246,0.14187,1.4625,0.63154,False,False,False,False,False,False,True,0.78121,0.089617,0.28492,0.03152,1262,0.77813,0.074485,0,0,0.0037083
SAC_d5,test,5,test_track_14,2,2,2,8,0.8,131.75,132.55,1325,1.4609,0.59879,0.27965,1.4597,0.63154,False,False,False,False,False,True,True,0.0030902,0.0030902,0.035847,0.03152,1267,0,0,0,0,0.0037083
SAC_d5,test,5,test_track_14,4,4,1,7,0.7,132.41,133.11,1331,1.4582,0.51959,0.49702,1.4582,0.63154,False,False,False,False,False,False,True,0.00061805,0.051916,0.03152,0.03152,1274,0,0.040816,0,0,0.0037083
SAC_d5,test,5,test_track_15,0,0,2,5,0.5,50.035,50.54,505,1.4809,0,0,1.4635,0,False,False,False,False,False,False,False,0.73639,1,0.42018,1,450,0.69778,1,0,0,0.0085627
SAC_d5,test,5,test_track_15,2,2,2,8,0.8,58.746,59.55,595,1.4699,0.15048,0.12032,1.4639,0.16668,False,False,False,False,False,False,False,0.3419,0.18104,0.44343,0.44954,537,0.37244,0.10056,0,0,0.0085627
SAC_d5,test,5,test_track_15,4,4,1,7,0.7,49.547,50.25,502,1.4641,0,0,1.4638,0,False,False,False,False,False,False,False,0.047706,1,0.4422,1,445,0.040449,1,0,0,0.0085627
SAC_d5,test,5,test_track_16,0,0,2,5,0.5,24.601,25.1,251,1.469,0.00114,0.0096,1.461,0.56592,False,False,False,False,False,False,False,0.25594,0.7014,0.156,0.16453,196,0.22959,0.17857,0,0,0.0024375
SAC_d5,test,5,test_track_16,2,2,2,8,0.8,23.718,24.52,245,1.4688,0.01361,0.06614,1.461,0.56592,False,False,False,False,False,False,False,0.24132,0.60756,0.156,0.16453,187,0.22995,0.096257,0,0,0.0024375
SAC_d5,test,5,test_track_17,0,0,2,5,0.494,22.326,22.82,228,1.4716,0.00118,0.006,1.4634,0.56826,False,False,False,False,False,False,False,0.38196,0.70278,0.63801,0.1931,173,0.46821,0.30058,0.0066586,0.038741,0.012107
SAC_d5,test,5,test_track_17,2,2,2,8,0.807,35.349,36.16,362,1.489,0,0,1.4631,0,False,False,False,False,False,False,False,0.87833,1,0.58354,1,303,0.90429,1,0.0066586,0.038741,0.012107
SAC_d5,test,5,test_track_17,4,4,1,7,0.706,50.056,50.76,508,1.4764,0.2179,0.20738,1.4628,0.2179,False,False,False,False,False,False,False,0.57264,0.21247,0.47942,0.52724,450,0.56222,0.10889,0.0066586,0.038741,0.012107
SAC_d5,test,5,test_track_18,0,0,2,5,0.5,54.808,55.31,553,1.4575,0.57376,0.41614,1.4575,0.57376,False,False,False,False,False,False,False,0.0010357,0.0088037,0.052822,0.16416,498,0,0.0040161,0,0,0.00051787
SAC_d5,test,5,test_track_18,4,4,1,7,0.7,48.011,48.71,487,1.4771,0,0,1.467,0.00155,False,False,False,False,False,False,False,0.66649,1,0.74107,0.84205,430,0.69302,1,0,0,0.00051787
SAC_d5,test,5,test_track_19,0,0,2,5,0.5,28.655,29.15,292,1.5081,0.27858,0.27026,1.4628,0.58938,False,False,False,False,False,False,False,0.95014,0.21291,0.34205,0.062934,236,1,0.016949,0,0,0
SAC_d5,test,5,test_track_19,2,2,2,8,0.8,45.01,45.81,458,1.4688,0,0,1.4687,0,False,False,False,False,False,False,False,0.20229,1,0.79608,1,400,0.2325,1,0,0,0
SAC_d5,test,5,test_track_19,4,4,1,7,0.7,47.011,47.71,477,1.5298,0,0,1.4688,0,False,False,False,False,False,False,False,0.99428,1,0.94606,1,420,0.98333,1,0,0,0
