split,track,length_m,n_points,map_resolution_m,width_min_m,width_p10_m,width_median_m,curv_max_per_m,curv_p90_per_m,curv_median_per_m,min_radius_m,curv2m_max_per_m,curv_spline_max_per_m
train,synthetic_track_0,164.1,1641,0.0625,1.458,1.466,1.474,0.5942,0.358,0.0202,1.683,0.575,0.7553
train,synthetic_track_1,182.2,1823,0.0625,1.458,1.466,1.474,0.5936,0.4281,0.0364,1.685,0.5812,0.7975
train,synthetic_track_2,186.2,1863,0.0625,1.458,1.467,1.474,0.5964,0.492,0.0167,1.677,0.58,0.762
train,synthetic_track_3,171.4,1715,0.0625,1.458,1.468,1.473,0.595,0.4464,0.0359,1.681,0.5788,0.7711
train,synthetic_track_4,191.9,1919,0.0625,1.458,1.467,1.473,0.5921,0.5091,0.0134,1.689,0.5767,0.7418
train,synthetic_track_5,190.2,1902,0.0625,1.456,1.467,1.473,0.6003,0.4497,0.015,1.666,0.569,0.8278
train,synthetic_track_6,180.6,1807,0.0625,1.454,1.466,1.473,0.5926,0.4247,0.0284,1.687,0.5701,1.1964
train,synthetic_track_7,175.4,1755,0.0625,1.457,1.465,1.473,0.5883,0.4068,0.007,1.7,0.5682,0.753
train,synthetic_track_8,142.5,1425,0.0625,1.458,1.468,1.473,0.5905,0.2793,0.034,1.693,0.5696,0.7489
train,synthetic_track_9,183.4,1834,0.0625,1.46,1.467,1.473,0.5909,0.3624,0.0248,1.692,0.5687,0.7703
train,synthetic_track_10,197.0,1970,0.0625,1.459,1.467,1.474,0.5906,0.3852,0.0109,1.693,0.5781,0.7417
train,synthetic_track_11,149.3,1494,0.0625,1.459,1.468,1.473,0.6046,0.3279,0.0508,1.654,0.5747,0.8312
train,synthetic_track_12,150.4,1505,0.0625,1.456,1.466,1.474,0.5906,0.3736,0.0295,1.693,0.5696,1.1268
train,synthetic_track_13,157.8,1579,0.0625,1.459,1.466,1.474,0.5929,0.3013,0.0222,1.687,0.5753,0.7488
train,synthetic_track_14,180.0,1800,0.0625,1.456,1.467,1.473,0.6105,0.5171,0.0147,1.638,0.5684,0.7901
train,synthetic_track_15,172.6,1726,0.0625,1.455,1.465,1.474,0.5932,0.3517,0.0138,1.686,0.5678,0.7521
train,synthetic_track_16,166.9,1670,0.0625,1.461,1.466,1.474,0.6034,0.4251,0.0299,1.657,0.5783,0.7874
train,synthetic_track_17,158.4,1584,0.0625,1.459,1.469,1.472,0.589,0.3156,0.033,1.698,0.5699,0.8045
train,synthetic_track_18,154.4,1545,0.0625,1.458,1.466,1.473,0.6013,0.3002,0.0312,1.663,0.5748,0.9123
train,synthetic_track_19,181.1,1811,0.0625,1.457,1.466,1.474,0.5954,0.4563,0.0224,1.68,0.5704,0.8538
train,synthetic_track_20,171.4,1715,0.0625,1.459,1.468,1.474,0.5975,0.4469,0.0216,1.674,0.5731,0.7912
train,synthetic_track_21,229.9,2300,0.0625,1.458,1.466,1.474,0.5956,0.5411,0.0113,1.679,0.5709,0.7536
train,synthetic_track_22,173.7,1738,0.0625,1.455,1.466,1.474,0.5901,0.3146,0.037,1.695,0.5699,0.7451
train,synthetic_track_23,180.5,1806,0.0625,1.455,1.465,1.473,0.6046,0.4472,0.0156,1.654,0.5812,0.8527
train,synthetic_track_24,161.2,1613,0.0625,1.46,1.467,1.474,0.5917,0.3374,0.0153,1.69,0.5718,0.7658
train,synthetic_track_25,165.2,1652,0.0625,1.458,1.467,1.474,0.5948,0.3294,0.023,1.681,0.59,0.7701
train,synthetic_track_26,179.4,1794,0.0625,1.459,1.467,1.473,0.597,0.4413,0.0168,1.675,0.5722,0.772
train,synthetic_track_27,169.7,1698,0.0625,1.461,1.466,1.474,0.5958,0.3335,0.0276,1.679,0.5755,0.7432
train,synthetic_track_28,163.5,1635,0.0625,1.458,1.467,1.474,0.5942,0.408,0.0248,1.683,0.569,0.767
train,synthetic_track_29,159.0,1590,0.0625,1.46,1.466,1.473,0.5892,0.2652,0.0305,1.697,0.5804,0.738
train,synthetic_track_30,203.2,2033,0.0625,1.457,1.468,1.473,0.589,0.4797,0.0078,1.698,0.5739,0.7652
train,synthetic_track_31,201.5,2016,0.0625,1.458,1.468,1.473,0.5892,0.534,0.0057,1.697,0.5711,0.7425
train,synthetic_track_32,178.8,1789,0.0625,1.456,1.466,1.473,0.5907,0.4622,0.0223,1.693,0.5782,0.7513
train,synthetic_track_33,173.1,1732,0.0625,1.458,1.466,1.474,0.5901,0.3925,0.0191,1.695,0.5714,0.774
train,synthetic_track_34,185.6,1857,0.0625,1.455,1.466,1.473,0.5891,0.3429,0.0101,1.698,0.5662,0.7398
train,synthetic_track_35,198.7,1987,0.0625,1.46,1.467,1.473,0.5888,0.4353,0.0187,1.698,0.5784,0.7464
train,synthetic_track_36,190.2,1902,0.0625,1.457,1.468,1.474,0.5914,0.4091,0.0122,1.691,0.572,0.7538
train,synthetic_track_37,178.3,1783,0.0625,1.459,1.468,1.473,0.5952,0.436,0.0061,1.68,0.5752,0.7447
train,synthetic_track_38,182.2,1823,0.0625,1.43,1.468,1.474,0.6013,0.4921,0.0062,1.663,0.5734,0.8825
train,synthetic_track_39,176.0,1760,0.0625,1.459,1.466,1.474,0.5918,0.3459,0.0064,1.69,0.5803,0.8634
train,synthetic_track_40,185.6,1857,0.0625,1.458,1.467,1.473,0.5935,0.4413,0.0162,1.685,0.571,0.737
train,synthetic_track_41,197.0,1970,0.0625,1.457,1.468,1.474,0.5954,0.4773,0.0219,1.68,0.5737,0.7447
train,synthetic_track_42,197.6,1976,0.0625,1.461,1.464,1.474,0.5919,0.4353,0.0058,1.689,0.5692,0.7434
train,synthetic_track_43,160.1,1601,0.0625,1.459,1.466,1.474,0.629,0.475,0.0419,1.59,0.5815,0.9091
train,synthetic_track_44,186.2,1863,0.0625,1.458,1.466,1.474,0.591,0.3926,0.0084,1.692,0.5711,0.7672
train,synthetic_track_45,176.0,1760,0.0625,1.46,1.468,1.473,0.5894,0.3227,0.0125,1.697,0.5795,0.7416
train,synthetic_track_46,182.8,1828,0.0625,1.46,1.467,1.474,0.5985,0.4184,0.0261,1.671,0.5675,0.7779
train,synthetic_track_47,194.2,1942,0.0625,1.46,1.466,1.474,0.5889,0.4087,0.0074,1.698,0.5685,0.7539
train,synthetic_track_48,176.5,1765,0.0625,1.456,1.468,1.473,0.5895,0.3799,0.0144,1.696,0.5713,0.7582
train,synthetic_track_49,182.8,1828,0.0625,1.459,1.466,1.473,0.5925,0.4068,0.0162,1.688,0.5751,0.756
train,synthetic_track_50,167.5,1675,0.0625,1.46,1.468,1.472,0.5934,0.3879,0.0134,1.685,0.5773,0.8614
train,synthetic_track_51,183.4,1834,0.0625,1.457,1.466,1.473,0.5971,0.4309,0.021,1.675,0.5695,0.7556
train,synthetic_track_52,168.6,1687,0.0625,1.461,1.467,1.474,0.5967,0.4101,0.0175,1.676,0.5722,0.7609
train,synthetic_track_53,189.0,1891,0.0625,1.455,1.466,1.472,0.5912,0.4015,0.0143,1.691,0.572,0.7678
train,synthetic_track_54,185.1,1851,0.0625,1.458,1.467,1.473,0.5897,0.2781,0.0097,1.696,0.5727,0.7438
train,synthetic_track_55,160.1,1601,0.0625,1.458,1.466,1.473,0.6002,0.2428,0.0166,1.666,0.5713,0.8215
train,synthetic_track_56,174.3,1743,0.0625,1.46,1.467,1.474,0.5908,0.4822,0.0157,1.693,0.5812,0.7437
train,synthetic_track_57,194.7,1948,0.0625,1.458,1.467,1.473,0.5923,0.4597,0.0172,1.688,0.5784,0.7573
train,synthetic_track_58,166.3,1664,0.0625,1.46,1.467,1.474,0.5896,0.3928,0.0158,1.696,0.5747,0.7446
train,synthetic_track_59,169.7,1698,0.0625,1.46,1.465,1.474,0.5891,0.2722,0.0136,1.697,0.5692,0.7647
train,synthetic_track_60,165.8,1658,0.0625,1.458,1.467,1.473,0.6095,0.366,0.0213,1.641,0.5678,0.8522
train,synthetic_track_61,174.3,1743,0.0625,1.459,1.466,1.474,0.5891,0.2998,0.0183,1.697,0.5683,0.7746
train,synthetic_track_62,193.0,1931,0.0625,1.457,1.467,1.474,0.5923,0.4241,0.0133,1.688,0.57,0.7473
train,synthetic_track_63,180.5,1806,0.0625,1.457,1.466,1.473,0.614,0.4468,0.0208,1.629,0.5765,0.8198
train,synthetic_track_64,166.3,1664,0.0625,1.459,1.467,1.473,0.661,0.3975,0.0311,1.513,0.5699,0.9452
train,synthetic_track_65,176.0,1760,0.0625,1.461,1.466,1.474,0.5938,0.398,0.0152,1.684,0.5718,0.7491
train,synthetic_track_66,180.0,1800,0.0625,1.458,1.467,1.473,0.5895,0.3422,0.008,1.696,0.5685,1.071
train,synthetic_track_67,196.4,1965,0.0625,1.457,1.466,1.473,0.5916,0.424,0.0141,1.69,0.5744,0.7678
train,synthetic_track_68,169.2,1692,0.0625,1.458,1.467,1.474,0.6133,0.3582,0.0161,1.63,0.5821,0.7872
train,synthetic_track_69,184.5,1846,0.0625,1.457,1.466,1.473,0.5913,0.418,0.022,1.691,0.5706,0.8029
train,synthetic_track_70,158.4,1584,0.0625,1.46,1.465,1.473,0.601,0.3212,0.03,1.664,0.5751,0.7833
train,synthetic_track_71,152.7,1528,0.0625,1.458,1.469,1.472,0.5942,0.3699,0.0539,1.683,0.569,0.7511
train,synthetic_track_72,174.4,1744,0.0625,1.46,1.467,1.473,0.5904,0.4244,0.0303,1.694,0.5757,0.7537
train,synthetic_track_73,197.6,1976,0.0625,1.46,1.466,1.474,0.5956,0.4471,0.0158,1.679,0.582,0.7954
train,synthetic_track_74,165.2,1652,0.0625,1.46,1.466,1.474,0.5925,0.3501,0.0262,1.688,0.5691,0.7635
train,synthetic_track_75,177.1,1772,0.0625,1.453,1.466,1.474,0.6346,0.5118,0.0218,1.576,0.5926,1.0035
train,synthetic_track_76,147.6,1477,0.0625,1.457,1.467,1.473,0.6122,0.3642,0.0195,1.633,0.5948,0.8612
train,synthetic_track_77,183.9,1840,0.0625,1.458,1.468,1.474,0.6017,0.5318,0.027,1.662,0.5713,0.7689
train,synthetic_track_78,190.7,1908,0.0625,1.459,1.468,1.474,0.5955,0.4841,0.0149,1.679,0.572,0.7852
train,synthetic_track_79,167.5,1675,0.0625,1.461,1.466,1.474,0.5992,0.3553,0.0151,1.669,0.569,0.8284
train,synthetic_track_80,170.9,1709,0.0625,1.458,1.465,1.473,0.6354,0.5173,0.0379,1.574,0.5918,1.0805
train,synthetic_track_81,172.6,1726,0.0625,1.459,1.466,1.474,0.6082,0.3835,0.0213,1.644,0.5696,0.8107
train,synthetic_track_82,168.0,1681,0.0625,1.459,1.467,1.474,0.5944,0.3705,0.0232,1.682,0.5742,0.7717
train,synthetic_track_83,165.2,1652,0.0625,1.456,1.466,1.473,0.6124,0.3452,0.0283,1.633,0.568,0.7801
train,synthetic_track_84,167.5,1675,0.0625,1.458,1.468,1.473,0.6,0.515,0.0199,1.667,0.5706,0.765
train,synthetic_track_85,156.1,1562,0.0625,1.448,1.465,1.474,0.5963,0.3744,0.0215,1.677,0.5717,0.7896
train,synthetic_track_86,181.7,1817,0.0625,1.457,1.467,1.473,0.59,0.3856,0.0303,1.695,0.571,0.924
train,synthetic_track_87,162.4,1624,0.0625,1.459,1.467,1.474,0.5895,0.3289,0.0296,1.696,0.5697,0.7448
train,synthetic_track_88,196.4,1965,0.0625,1.459,1.466,1.473,0.6057,0.4376,0.0064,1.651,0.5768,0.8097
train,synthetic_track_89,206.6,2067,0.0625,1.458,1.468,1.473,0.5946,0.465,0.0086,1.682,0.5691,0.752
train,synthetic_track_90,181.7,1817,0.0625,1.46,1.468,1.473,0.592,0.3429,0.0103,1.689,0.5697,0.7498
train,synthetic_track_91,148.7,1488,0.0625,1.455,1.466,1.473,0.5923,0.3473,0.0202,1.688,0.5691,0.725
train,synthetic_track_92,187.3,1874,0.0625,1.457,1.467,1.473,0.5907,0.3614,0.0113,1.693,0.5688,0.8371
train,synthetic_track_93,149.3,1494,0.0625,1.461,1.465,1.473,0.6101,0.3486,0.0263,1.639,0.5725,0.8024
train,synthetic_track_94,171.4,1715,0.0625,1.458,1.466,1.473,0.5896,0.3432,0.0259,1.696,0.5706,0.7483
train,synthetic_track_95,178.3,1783,0.0625,1.458,1.465,1.474,0.5974,0.479,0.0382,1.674,0.5724,0.7797
train,synthetic_track_96,171.4,1715,0.0625,1.458,1.467,1.473,0.6146,0.4457,0.0129,1.627,0.5934,0.8705
train,synthetic_track_97,168.6,1687,0.0625,1.46,1.465,1.473,0.5987,0.4186,0.0323,1.67,0.5846,0.7667
train,synthetic_track_98,206.1,2061,0.0625,1.457,1.466,1.473,0.5923,0.4534,0.0089,1.688,0.5753,0.7618
train,synthetic_track_99,185.1,1851,0.0625,1.46,1.467,1.474,0.5901,0.3794,0.0161,1.695,0.5708,0.7642
test,test_track_0,186.2,1863,0.0625,1.456,1.466,1.473,0.5987,0.3558,0.0131,1.67,0.569,0.7923
test,test_track_1,175.4,1755,0.0625,1.455,1.466,1.474,0.62,0.4797,0.0265,1.613,0.5842,0.838
test,test_track_2,162.4,1624,0.0625,1.457,1.465,1.473,0.6057,0.4412,0.0132,1.651,0.5975,0.7926
test,test_track_3,187.3,1874,0.0625,1.46,1.466,1.473,0.6017,0.4787,0.0189,1.662,0.5755,0.8185
test,test_track_4,193.0,1931,0.0625,1.459,1.467,1.474,0.6115,0.5321,0.0205,1.635,0.5855,0.8179
test,test_track_5,165.8,1658,0.0625,1.458,1.466,1.473,0.5901,0.3854,0.0377,1.695,0.5698,0.781
test,test_track_6,165.8,1658,0.0625,1.459,1.467,1.472,0.589,0.3142,0.0127,1.698,0.5753,0.742
test,test_track_7,144.8,1448,0.0625,1.448,1.466,1.474,0.635,0.4237,0.0507,1.575,0.5795,0.7685
test,test_track_8,164.6,1647,0.0625,1.458,1.466,1.473,0.5957,0.374,0.042,1.679,0.5811,0.7856
test,test_track_9,186.8,1868,0.0625,1.461,1.466,1.474,0.6006,0.394,0.0166,1.665,0.5728,0.8023
test,test_track_10,180.0,1800,0.0625,1.459,1.466,1.474,0.6347,0.4709,0.0177,1.576,0.5923,0.9239
test,test_track_11,152.1,1522,0.0625,1.458,1.466,1.473,0.5886,0.2366,0.0279,1.699,0.5698,0.7617
test,test_track_12,166.8,1668,0.0625,1.448,1.465,1.472,0.6377,0.3847,0.0244,1.568,0.5931,1.1204
test,test_track_13,201.5,2016,0.0625,1.459,1.466,1.474,0.5888,0.3759,0.0173,1.698,0.5677,0.8012
test,test_track_14,161.8,1618,0.0625,1.458,1.467,1.472,0.6315,0.3945,0.0331,1.583,0.5803,0.9441
test,test_track_15,163.5,1635,0.0625,1.436,1.467,1.473,0.5976,0.3522,0.0067,1.673,0.5681,0.7489
test,test_track_16,164.1,1641,0.0625,1.456,1.467,1.473,0.6015,0.4655,0.0487,1.662,0.576,0.7785
test,test_track_17,165.1,1652,0.0625,1.439,1.466,1.474,1.1379,0.416,0.0251,0.879,0.6138,4.4502
test,test_track_18,193.0,1931,0.0625,1.457,1.467,1.473,0.5889,0.4423,0.01,1.698,0.5752,0.7507
test,test_track_19,244.7,2447,0.0625,1.458,1.468,1.473,0.5933,0.5452,0.0049,1.686,0.5702,0.7597
real,Austin,421.0,4211,0.08089,0.96,0.971,0.983,1.1744,0.2266,0.0074,0.852,0.9348,1.4406
real,BrandsHatch,356.3,3563,0.05005,1.251,1.257,1.266,0.5,0.1434,0.0134,2.0,0.4531,0.55
real,Budapest,402.6,4026,0.06446,1.227,1.239,1.246,0.6753,0.2155,0.0113,1.481,0.5763,0.8944
real,Catalunya,416.8,4168,0.06016,1.201,1.212,1.22,0.9518,0.1927,0.0125,1.051,0.7105,1.174
real,Hockenheim,359.8,3599,0.06702,1.018,1.036,1.043,1.0904,0.2183,0.0106,0.917,0.8974,1.1964
real,IMS,293.1,2931,0.06367,0.942,0.957,0.977,0.0734,0.0584,0.0024,13.622,0.0714,0.075
real,Melbourne,474.3,4743,0.09009,1.128,1.145,1.161,1.1514,0.1405,0.0112,0.868,0.7388,1.7572
real,MexicoCity,356.7,3567,0.06991,1.08,1.087,1.099,1.2326,0.211,0.0037,0.811,0.8308,1.5952
real,Montreal,285.0,2851,0.07134,0.647,0.666,0.675,1.1039,0.2641,0.0124,0.906,0.9269,1.4556
real,Monza,446.1,4461,0.09585,0.913,0.946,0.97,1.2193,0.1141,0.0028,0.82,0.8348,1.4636
real,MoscowRaceway,322.8,3228,0.0554,1.061,1.071,1.078,1.1828,0.3228,0.007,0.845,0.9141,1.3524
real,Nuerburgring,446.1,4462,0.07542,1.118,1.134,1.147,0.7956,0.224,0.0099,1.257,0.7072,0.8965
real,Oschersleben,260.7,2608,0.04295,0.954,0.964,0.969,0.5926,0.2923,0.0047,1.688,0.4379,0.7806
real,Sakhir,441.9,4420,0.05695,1.093,1.102,1.11,1.1194,0.1569,0.0018,0.893,0.9319,1.364
real,SaoPaulo,344.7,3447,0.04877,1.082,1.093,1.1,0.8184,0.212,0.027,1.222,0.6108,0.898
real,Sepang,487.0,4870,0.05944,1.178,1.186,1.199,0.8622,0.1897,0.0058,1.16,0.6219,1.1852
real,Shanghai,497.6,4977,0.06505,1.208,1.226,1.237,1.6264,0.1654,0.0036,0.615,1.2629,1.8928
real,Silverstone,457.9,4580,0.07712,0.982,0.997,1.011,0.9536,0.1893,0.0141,1.049,0.7247,1.1456
real,Sochi,463.8,4638,0.08501,0.987,1.003,1.016,1.2401,0.1671,0.0102,0.806,0.7731,2.2479
real,Spa,554.4,5545,0.09267,0.971,0.987,0.999,1.1045,0.1693,0.0098,0.905,0.7978,2.0533
real,Spielberg,343.3,3434,0.05796,1.055,1.067,1.074,1.2796,0.1538,0.0084,0.782,0.9975,1.9523
real,YasMarina,398.0,3981,0.07314,0.901,0.915,0.927,1.3798,0.2516,0.0071,0.725,0.9179,2.29
real,Zandvoort,387.9,3880,0.05109,1.001,1.009,1.018,0.8634,0.2355,0.0311,1.158,0.6991,1.0176
narrowA,narrowA_track_0,186.2,1863,0.0625,1.05,1.061,1.072,0.5987,0.3558,0.0131,1.67,0.569,0.7923
narrowA,narrowA_track_1,175.4,1755,0.0625,1.05,1.061,1.07,0.62,0.4797,0.0265,1.613,0.5842,0.838
narrowA,narrowA_track_2,162.4,1624,0.0625,1.039,1.06,1.071,0.6057,0.4412,0.0132,1.651,0.5975,0.7926
narrowA,narrowA_track_3,187.3,1874,0.0625,1.049,1.061,1.071,0.6017,0.4787,0.0189,1.662,0.5755,0.8185
narrowA,narrowA_track_4,193.0,1931,0.0625,1.04,1.061,1.074,0.6115,0.5321,0.0205,1.635,0.5855,0.8179
narrowA,narrowA_track_5,165.8,1658,0.0625,1.052,1.06,1.072,0.5901,0.3854,0.0377,1.695,0.5698,0.781
narrowA,narrowA_track_6,165.8,1658,0.0625,1.054,1.06,1.073,0.589,0.3142,0.0127,1.698,0.5753,0.742
narrowA,narrowA_track_7,144.8,1448,0.0625,1.051,1.06,1.072,0.635,0.4237,0.0507,1.575,0.5795,0.7685
narrowA,narrowA_track_8,164.6,1647,0.0625,1.054,1.06,1.072,0.5957,0.374,0.042,1.679,0.5811,0.7856
narrowA,narrowA_track_9,186.8,1868,0.0625,1.049,1.061,1.072,0.6006,0.394,0.0166,1.665,0.5728,0.8023
narrowA,narrowA_track_10,180.0,1800,0.0625,1.052,1.061,1.071,0.6347,0.4709,0.0177,1.576,0.5923,0.9239
narrowA,narrowA_track_11,152.1,1522,0.0625,1.053,1.06,1.073,0.5886,0.2366,0.0279,1.699,0.5698,0.7617
narrowA,narrowA_track_12,166.8,1668,0.0625,1.049,1.06,1.069,0.6377,0.3847,0.0244,1.568,0.5931,1.1204
narrowA,narrowA_track_13,201.5,2016,0.0625,1.049,1.061,1.072,0.5888,0.3759,0.0173,1.698,0.5677,0.8012
narrowA,narrowA_track_14,161.8,1618,0.0625,1.05,1.06,1.072,0.6315,0.3945,0.0331,1.583,0.5803,0.9441
narrowA,narrowA_track_15,163.5,1635,0.0625,1.033,1.062,1.075,0.5976,0.3522,0.0067,1.673,0.5681,0.7489
narrowA,narrowA_track_16,164.1,1641,0.0625,1.049,1.061,1.074,0.6015,0.4655,0.0487,1.662,0.576,0.7785
narrowA,narrowA_track_17,165.1,1652,0.0625,1.04,1.06,1.071,1.1379,0.416,0.0251,0.879,0.6138,4.4502
narrowA,narrowA_track_18,193.0,1931,0.0625,1.051,1.061,1.074,0.5889,0.4423,0.01,1.698,0.5752,0.7507
narrowA,narrowA_track_19,244.7,2447,0.0625,1.051,1.061,1.072,0.5933,0.5452,0.0049,1.686,0.5702,0.7597
narrowB,narrowB_track_0,186.2,1863,0.0625,0.72,0.741,0.751,0.5987,0.3558,0.0131,1.67,0.569,0.7923
narrowB,narrowB_track_1,175.4,1755,0.0625,0.729,0.74,0.75,0.62,0.4797,0.0265,1.613,0.5842,0.838
narrowB,narrowB_track_2,162.4,1624,0.0625,0.722,0.738,0.75,0.6057,0.4412,0.0132,1.651,0.5975,0.7926
narrowB,narrowB_track_3,187.3,1874,0.0625,0.73,0.739,0.75,0.6017,0.4787,0.0189,1.662,0.5755,0.8185
narrowB,narrowB_track_4,193.0,1931,0.0625,0.723,0.74,0.753,0.6115,0.5321,0.0205,1.635,0.5855,0.8179
narrowB,narrowB_track_5,165.8,1658,0.0625,0.73,0.739,0.751,0.5901,0.3854,0.0377,1.695,0.5698,0.781
narrowB,narrowB_track_6,165.8,1658,0.0625,0.729,0.737,0.751,0.589,0.3142,0.0127,1.698,0.5753,0.742
narrowB,narrowB_track_7,144.8,1448,0.0625,0.729,0.738,0.751,0.635,0.4237,0.0507,1.575,0.5795,0.7685
narrowB,narrowB_track_8,164.6,1647,0.0625,0.728,0.738,0.752,0.5957,0.374,0.042,1.679,0.5811,0.7856
narrowB,narrowB_track_9,186.8,1868,0.0625,0.719,0.74,0.751,0.6006,0.394,0.0166,1.665,0.5728,0.8023
narrowB,narrowB_track_10,180.0,1800,0.0625,0.729,0.738,0.752,0.6347,0.4709,0.0177,1.576,0.5923,0.9239
narrowB,narrowB_track_11,152.1,1522,0.0625,0.727,0.738,0.752,0.5886,0.2366,0.0279,1.699,0.5698,0.7617
narrowB,narrowB_track_12,166.8,1668,0.0625,0.726,0.738,0.748,0.6377,0.3847,0.0244,1.568,0.5931,1.1204
narrowB,narrowB_track_13,201.5,2016,0.0625,0.719,0.742,0.752,0.5888,0.3759,0.0173,1.698,0.5677,0.8012
narrowB,narrowB_track_14,161.8,1618,0.0625,0.729,0.737,0.751,0.6315,0.3945,0.0331,1.583,0.5803,0.9441
narrowB,narrowB_track_15,163.5,1635,0.0625,0.703,0.742,0.755,0.5976,0.3522,0.0067,1.673,0.5681,0.7489
narrowB,narrowB_track_16,164.1,1641,0.0625,0.725,0.738,0.754,0.6015,0.4655,0.0487,1.662,0.576,0.7785
narrowB,narrowB_track_17,165.1,1652,0.0625,0.715,0.739,0.751,1.1379,0.416,0.0251,0.879,0.6138,4.4502
narrowB,narrowB_track_18,193.0,1931,0.0625,0.73,0.738,0.752,0.5889,0.4423,0.01,1.698,0.5752,0.7507
narrowB,narrowB_track_19,244.7,2447,0.0625,0.723,0.74,0.753,0.5933,0.5452,0.0049,1.686,0.5702,0.7597
