algo,div,ckpt,mean_m,spiel,silver
PPO,1,1600000,3.8059999999999996,2.4234,5.188599999999999
PPO,1,1700000,3.6446999999999994,2.296,4.9934
PPO,1,1800000,6.5155,5.486199999999999,7.5448
PPO,1,1900000,5.173700000000001,5.1854,5.162
PPO,1,2000000,6.1673,5.3566,6.978
PPO,5,1600000,28.8865,30.781399999999998,26.9916
PPO,5,1700000,27.8633,28.176,27.550599999999996
PPO,5,1800000,19.6864,34.1038,5.269
PPO,5,1900000,31.324,35.3914,27.2566
PPO,5,2000000,19.964199999999998,35.40939999999999,4.519
PPO,20,1600000,6.484999999999999,5.712000000000001,7.258000000000001
PPO,20,1700000,27.432799999999997,27.1118,27.753800000000002
PPO,20,1800000,31.978100000000005,32.474000000000004,31.4822
PPO,20,1900000,29.001799999999996,27.7796,30.224
PPO,20,2000000,33.6593,35.9766,31.342000000000002
PPO,100,1600000,31.136200000000002,33.0686,29.203799999999994
PPO,100,1700000,19.504199999999997,32.717,6.2914
PPO,100,1800000,31.811199999999996,33.952999999999996,29.669399999999996
PPO,100,1900000,31.310900000000004,34.111000000000004,28.510799999999996
PPO,100,2000000,22.6515,34.737,10.565999999999999
SAC,1,1600000,12.4738,15.369199999999998,9.578399999999998
SAC,1,1700000,4.8709999999999996,5.2299999999999995,4.512
SAC,1,1800000,5.7872,5.454600000000001,6.1198
SAC,1,1900000,15.4619,3.7778,27.145999999999997
SAC,1,2000000,14.286599999999998,15.689000000000002,12.884199999999998
SAC,5,1600000,4.2936,4.8716,3.7156
SAC,5,1700000,19.098300000000002,16.6762,21.5204
SAC,5,1800000,22.0995,15.283199999999999,28.9158
SAC,5,1900000,10.884899999999998,14.907599999999999,6.8622
SAC,5,2000000,6.663300000000001,7.2082,6.1184
SAC,20,1600000,12.571000000000002,9.0554,16.086599999999997
SAC,20,1700000,10.9408,9.5748,12.306799999999999
SAC,20,1800000,24.859499999999997,14.810399999999998,34.9086
SAC,20,1900000,21.557800000000004,32.32040000000001,10.7952
SAC,20,2000000,53.0207,37.0302,69.01119999999999
SAC,100,1600000,50.581399999999995,23.886000000000003,77.27680000000001
SAC,100,1700000,55.3649,39.1202,71.60959999999999
SAC,100,1800000,41.831399999999995,37.91080000000001,45.751999999999995
SAC,100,1900000,47.572199999999995,25.0228,70.1216
SAC,100,2000000,38.9197,27.452999999999996,50.3864
