algo,diversity,run_seed,track,episode,eval_seed,laps,completed_lap,env_laps,target_laps,progress_m,return,length,outcome,collision,tag
SAC,?,,synthetic_track_1,0,0,0.6885,0,0,1,104.754,99.7541,1189,crash,1,OURS_SAC_p40
SAC,?,,synthetic_track_1,1,1,0.6885,0,0,1,104.754,99.7541,1189,crash,1,OURS_SAC_p40
SAC,?,,synthetic_track_1,2,2,0.9983,1,1,1,151.89,151.8896,1612,finished,0,OURS_SAC_p40
SAC,?,,synthetic_track_1,3,3,0.9983,1,1,1,151.89,151.8896,1612,finished,0,OURS_SAC_p40
SAC,?,,synthetic_track_1,4,4,0.9982,1,1,1,151.868,151.8685,1683,finished,0,OURS_SAC_p40
SAC,?,,synthetic_track_1,5,5,0.6777,0,0,1,103.112,98.1122,1161,crash,1,OURS_SAC_p40
SAC,?,,synthetic_track_1,6,6,0.9985,1,1,1,151.915,151.9151,1749,finished,0,OURS_SAC_p40
SAC,?,,synthetic_track_1,7,7,0.9982,1,1,1,151.862,151.8621,1706,finished,0,OURS_SAC_p40
SAC,?,,synthetic_track_1,8,8,0.6777,0,0,1,103.112,98.1122,1161,crash,1,OURS_SAC_p40
SAC,?,,synthetic_track_1,9,9,0.6885,0,0,1,104.754,99.7541,1189,crash,1,OURS_SAC_p40
SAC,?,,synthetic_track_2,0,0,0.9983,1,1,1,176.823,176.8228,2040,finished,0,OURS_SAC_p40
SAC,?,,synthetic_track_2,1,1,0.9983,1,1,1,176.823,176.8228,2040,finished,0,OURS_SAC_p40
SAC,?,,synthetic_track_2,2,2,0.9986,1,1,1,176.878,176.878,1934,finished,0,OURS_SAC_p40
SAC,?,,synthetic_track_2,3,3,0.9986,1,1,1,176.878,176.878,1934,finished,0,OURS_SAC_p40
SAC,?,,synthetic_track_2,4,4,0.7292,0,0,1,129.153,124.1532,1392,crash,1,OURS_SAC_p40
SAC,?,,synthetic_track_2,5,5,0.5379,0,0,1,95.276,90.2759,1041,crash,1,OURS_SAC_p40
SAC,?,,synthetic_track_2,6,6,0.9806,0,0,1,173.688,168.6875,1890,crash,1,OURS_SAC_p40
SAC,?,,synthetic_track_2,7,7,0.7331,0,0,1,129.84,124.8395,1482,crash,1,OURS_SAC_p40
SAC,?,,synthetic_track_2,8,8,0.5379,0,0,1,95.276,90.2759,1041,crash,1,OURS_SAC_p40
SAC,?,,synthetic_track_2,9,9,0.9983,1,1,1,176.823,176.8228,2040,finished,0,OURS_SAC_p40
SAC,?,,synthetic_track_3,0,0,0.5389,0,0,1,97.294,92.2941,1030,crash,1,OURS_SAC_p40
SAC,?,,synthetic_track_3,1,1,0.5389,0,0,1,97.294,92.2941,1030,crash,1,OURS_SAC_p40
SAC,?,,synthetic_track_3,2,2,0.9984,1,1,1,180.236,180.2359,1958,finished,0,OURS_SAC_p40
SAC,?,,synthetic_track_3,3,3,0.9984,1,1,1,180.236,180.2359,1958,finished,0,OURS_SAC_p40
SAC,?,,synthetic_track_3,4,4,0.8536,0,0,1,154.09,149.09,1655,crash,1,OURS_SAC_p40
SAC,?,,synthetic_track_3,5,5,0.4726,0,0,1,85.315,80.3146,872,crash,1,OURS_SAC_p40
SAC,?,,synthetic_track_3,6,6,0.5367,0,0,1,96.893,91.8935,1051,crash,1,OURS_SAC_p40
SAC,?,,synthetic_track_3,7,7,0.4731,0,0,1,85.416,80.4161,944,crash,1,OURS_SAC_p40
SAC,?,,synthetic_track_3,8,8,0.4726,0,0,1,85.315,80.3146,872,crash,1,OURS_SAC_p40
SAC,?,,synthetic_track_3,9,9,0.5389,0,0,1,97.294,92.2941,1030,crash,1,OURS_SAC_p40
SAC,?,,synthetic_track_4,0,0,0.9983,1,1,1,163.778,163.7776,1803,finished,0,OURS_SAC_p40
SAC,?,,synthetic_track_4,1,1,0.9983,1,1,1,163.778,163.7776,1803,finished,0,OURS_SAC_p40
SAC,?,,synthetic_track_4,2,2,0.9985,1,1,1,163.813,163.8132,1862,finished,0,OURS_SAC_p40
SAC,?,,synthetic_track_4,3,3,0.9985,1,1,1,163.813,163.8132,1862,finished,0,OURS_SAC_p40
SAC,?,,synthetic_track_4,4,4,0.9984,1,1,1,163.806,163.8057,1804,finished,0,OURS_SAC_p40
SAC,?,,synthetic_track_4,5,5,0.9983,1,1,1,163.792,163.7922,1835,finished,0,OURS_SAC_p40
SAC,?,,synthetic_track_4,6,6,0.9982,1,1,1,163.776,163.7757,1855,finished,0,OURS_SAC_p40
SAC,?,,synthetic_track_4,7,7,0.9982,1,1,1,163.769,163.7695,1888,finished,0,OURS_SAC_p40
SAC,?,,synthetic_track_4,8,8,0.9983,1,1,1,163.792,163.7922,1835,finished,0,OURS_SAC_p40
SAC,?,,synthetic_track_4,9,9,0.9983,1,1,1,163.778,163.7776,1803,finished,0,OURS_SAC_p40
SAC,?,,synthetic_track_5,0,0,0.8787,0,0,1,144.666,139.6655,1545,crash,1,OURS_SAC_p40
SAC,?,,synthetic_track_5,1,1,0.8787,0,0,1,144.666,139.6655,1545,crash,1,OURS_SAC_p40
SAC,?,,synthetic_track_5,2,2,0.9982,1,1,1,164.329,164.3288,2218,finished,0,OURS_SAC_p40
SAC,?,,synthetic_track_5,3,3,0.9982,1,1,1,164.329,164.3288,2218,finished,0,OURS_SAC_p40
SAC,?,,synthetic_track_5,4,4,0.9983,1,1,1,164.346,164.3458,1747,finished,0,OURS_SAC_p40
SAC,?,,synthetic_track_5,5,5,0.9983,1,1,1,164.355,164.3546,1868,finished,0,OURS_SAC_p40
SAC,?,,synthetic_track_5,6,6,0.9982,1,1,1,164.328,164.3278,1743,finished,0,OURS_SAC_p40
SAC,?,,synthetic_track_5,7,7,0.9984,1,1,1,164.373,164.373,1785,finished,0,OURS_SAC_p40
SAC,?,,synthetic_track_5,8,8,0.9983,1,1,1,164.355,164.3546,1868,finished,0,OURS_SAC_p40
SAC,?,,synthetic_track_5,9,9,0.8787,0,0,1,144.666,139.6655,1545,crash,1,OURS_SAC_p40
SAC,?,,Spielberg,0,0,0.0561,0,0,1,19.265,14.2653,248,crash,1,OURS_SAC_p40
SAC,?,,Spielberg,1,1,0.0561,0,0,1,19.265,14.2653,248,crash,1,OURS_SAC_p40
SAC,?,,Spielberg,2,2,0.0576,0,0,1,19.778,14.7777,249,crash,1,OURS_SAC_p40
SAC,?,,Spielberg,3,3,0.0576,0,0,1,19.778,14.7777,249,crash,1,OURS_SAC_p40
SAC,?,,Spielberg,4,4,0.0508,0,0,1,17.456,12.4556,237,crash,1,OURS_SAC_p40
SAC,?,,Spielberg,5,5,0.1347,0,0,1,46.247,41.2467,534,crash,1,OURS_SAC_p40
SAC,?,,Spielberg,6,6,0.0596,0,0,1,20.47,15.4703,252,crash,1,OURS_SAC_p40
SAC,?,,Spielberg,7,7,0.058,0,0,1,19.925,14.9249,258,crash,1,OURS_SAC_p40
SAC,?,,Spielberg,8,8,0.1347,0,0,1,46.247,41.2467,534,crash,1,OURS_SAC_p40
SAC,?,,Spielberg,9,9,0.0561,0,0,1,19.265,14.2653,248,crash,1,OURS_SAC_p40
SAC,?,,Silverstone,0,0,0.0191,0,0,1,8.731,3.7312,142,crash,1,OURS_SAC_p40
SAC,?,,Silverstone,1,1,0.0191,0,0,1,8.731,3.7312,142,crash,1,OURS_SAC_p40
SAC,?,,Silverstone,2,2,0.0278,0,0,1,12.716,7.7159,201,crash,1,OURS_SAC_p40
SAC,?,,Silverstone,3,3,0.0278,0,0,1,12.716,7.7159,201,crash,1,OURS_SAC_p40
SAC,?,,Silverstone,4,4,0.0117,0,0,1,5.374,0.3741,112,crash,1,OURS_SAC_p40
SAC,?,,Silverstone,5,5,0.0143,0,0,1,6.554,1.5535,125,crash,1,OURS_SAC_p40
SAC,?,,Silverstone,6,6,0.0306,0,0,1,13.995,8.9948,204,crash,1,OURS_SAC_p40
SAC,?,,Silverstone,7,7,0.0152,0,0,1,6.978,1.978,127,crash,1,OURS_SAC_p40
SAC,?,,Silverstone,8,8,0.0143,0,0,1,6.554,1.5535,125,crash,1,OURS_SAC_p40
SAC,?,,Silverstone,9,9,0.0191,0,0,1,8.731,3.7312,142,crash,1,OURS_SAC_p40
SAC,?,,synthetic_track_1,0,0,0.2992,0,0,1,45.516,40.5155,422,crash,1,HIS_SAC_p5
SAC,?,,synthetic_track_1,1,1,0.2992,0,0,1,45.516,40.5155,422,crash,1,HIS_SAC_p5
SAC,?,,synthetic_track_1,2,2,0.4633,0,0,1,70.485,65.4845,644,crash,1,HIS_SAC_p5
SAC,?,,synthetic_track_1,3,3,0.4633,0,0,1,70.485,65.4845,644,crash,1,HIS_SAC_p5
SAC,?,,synthetic_track_1,4,4,0.2733,0,0,1,41.588,36.588,402,crash,1,HIS_SAC_p5
SAC,?,,synthetic_track_1,5,5,0.2921,0,0,1,44.445,39.4449,419,crash,1,HIS_SAC_p5
SAC,?,,synthetic_track_1,6,6,0.7075,0,0,1,107.634,102.6336,1012,crash,1,HIS_SAC_p5
SAC,?,,synthetic_track_1,7,7,0.9982,1,1,1,151.876,151.8757,1476,finished,0,HIS_SAC_p5
SAC,?,,synthetic_track_1,8,8,0.2921,0,0,1,44.445,39.4449,419,crash,1,HIS_SAC_p5
SAC,?,,synthetic_track_1,9,9,0.2992,0,0,1,45.516,40.5155,422,crash,1,HIS_SAC_p5
SAC,?,,synthetic_track_2,0,0,0.7586,0,0,1,134.368,129.3679,1345,crash,1,HIS_SAC_p5
SAC,?,,synthetic_track_2,1,1,0.7586,0,0,1,134.368,129.3679,1345,crash,1,HIS_SAC_p5
SAC,?,,synthetic_track_2,2,2,0.7563,0,0,1,133.955,128.9545,1315,crash,1,HIS_SAC_p5
SAC,?,,synthetic_track_2,3,3,0.7563,0,0,1,133.955,128.9545,1315,crash,1,HIS_SAC_p5
SAC,?,,synthetic_track_2,4,4,0.9986,1,1,1,176.871,176.8708,1738,finished,0,HIS_SAC_p5
SAC,?,,synthetic_track_2,5,5,0.7497,0,0,1,132.793,127.793,1352,crash,1,HIS_SAC_p5
SAC,?,,synthetic_track_2,6,6,0.9983,1,1,1,176.822,176.8218,1735,finished,0,HIS_SAC_p5
SAC,?,,synthetic_track_2,7,7,0.9986,1,1,1,176.875,176.8754,1734,finished,0,HIS_SAC_p5
SAC,?,,synthetic_track_2,8,8,0.7497,0,0,1,132.793,127.793,1352,crash,1,HIS_SAC_p5
SAC,?,,synthetic_track_2,9,9,0.7586,0,0,1,134.368,129.3679,1345,crash,1,HIS_SAC_p5
SAC,?,,synthetic_track_3,0,0,0.2303,0,0,1,41.575,36.5746,401,crash,1,HIS_SAC_p5
SAC,?,,synthetic_track_3,1,1,0.2303,0,0,1,41.575,36.5746,401,crash,1,HIS_SAC_p5
SAC,?,,synthetic_track_3,2,2,0.4264,0,0,1,76.981,71.9809,830,crash,1,HIS_SAC_p5
SAC,?,,synthetic_track_3,3,3,0.4264,0,0,1,76.981,71.9809,830,crash,1,HIS_SAC_p5
SAC,?,,synthetic_track_3,4,4,0.2331,0,0,1,42.089,37.089,422,crash,1,HIS_SAC_p5
SAC,?,,synthetic_track_3,5,5,0.322,0,0,1,58.128,53.1278,577,crash,1,HIS_SAC_p5
SAC,?,,synthetic_track_3,6,6,0.4188,0,0,1,75.603,70.6029,778,crash,1,HIS_SAC_p5
SAC,?,,synthetic_track_3,7,7,0.5745,0,0,1,103.711,98.711,1072,crash,1,HIS_SAC_p5
SAC,?,,synthetic_track_3,8,8,0.322,0,0,1,58.128,53.1278,577,crash,1,HIS_SAC_p5
SAC,?,,synthetic_track_3,9,9,0.2303,0,0,1,41.575,36.5746,401,crash,1,HIS_SAC_p5
SAC,?,,synthetic_track_4,0,0,0.5245,0,0,1,86.059,81.0588,840,crash,1,HIS_SAC_p5
SAC,?,,synthetic_track_4,1,1,0.5245,0,0,1,86.059,81.0588,840,crash,1,HIS_SAC_p5
SAC,?,,synthetic_track_4,2,2,0.2646,0,0,1,43.405,38.4047,453,crash,1,HIS_SAC_p5
SAC,?,,synthetic_track_4,3,3,0.2646,0,0,1,43.405,38.4047,453,crash,1,HIS_SAC_p5
SAC,?,,synthetic_track_4,4,4,0.1065,0,0,1,17.466,12.4663,243,crash,1,HIS_SAC_p5
SAC,?,,synthetic_track_4,5,5,0.9981,1,1,1,163.75,163.7497,1573,finished,0,HIS_SAC_p5
SAC,?,,synthetic_track_4,6,6,0.9628,0,0,1,157.965,152.9652,1540,crash,1,HIS_SAC_p5
SAC,?,,synthetic_track_4,7,7,0.3036,0,0,1,49.808,44.8078,533,crash,1,HIS_SAC_p5
SAC,?,,synthetic_track_4,8,8,0.9981,1,1,1,163.75,163.7497,1573,finished,0,HIS_SAC_p5
SAC,?,,synthetic_track_4,9,9,0.5245,0,0,1,86.059,81.0588,840,crash,1,HIS_SAC_p5
SAC,?,,synthetic_track_5,0,0,0.2855,0,0,1,46.995,41.9948,527,crash,1,HIS_SAC_p5
SAC,?,,synthetic_track_5,1,1,0.2855,0,0,1,46.995,41.9948,527,crash,1,HIS_SAC_p5
SAC,?,,synthetic_track_5,2,2,0.3119,0,0,1,51.347,46.3468,575,crash,1,HIS_SAC_p5
SAC,?,,synthetic_track_5,3,3,0.3119,0,0,1,51.347,46.3468,575,crash,1,HIS_SAC_p5
SAC,?,,synthetic_track_5,4,4,0.3146,0,0,1,51.787,46.787,588,crash,1,HIS_SAC_p5
SAC,?,,synthetic_track_5,5,5,0.412,0,0,1,67.824,62.8244,708,crash,1,HIS_SAC_p5
SAC,?,,synthetic_track_5,6,6,0.3237,0,0,1,53.299,48.2994,592,crash,1,HIS_SAC_p5
SAC,?,,synthetic_track_5,7,7,0.4188,0,0,1,68.946,63.9459,739,crash,1,HIS_SAC_p5
SAC,?,,synthetic_track_5,8,8,0.412,0,0,1,67.824,62.8244,708,crash,1,HIS_SAC_p5
SAC,?,,synthetic_track_5,9,9,0.2855,0,0,1,46.995,41.9948,527,crash,1,HIS_SAC_p5
SAC,?,,Spielberg,0,0,0.0211,0,0,1,7.256,2.2559,126,crash,1,HIS_SAC_p5
SAC,?,,Spielberg,1,1,0.0211,0,0,1,7.256,2.2559,126,crash,1,HIS_SAC_p5
SAC,?,,Spielberg,2,2,0.0789,0,0,1,27.083,22.0827,281,crash,1,HIS_SAC_p5
SAC,?,,Spielberg,3,3,0.0789,0,0,1,27.083,22.0827,281,crash,1,HIS_SAC_p5
SAC,?,,Spielberg,4,4,0.0184,0,0,1,6.319,1.3195,118,crash,1,HIS_SAC_p5
SAC,?,,Spielberg,5,5,0.0145,0,0,1,4.974,-0.0262,105,crash,1,HIS_SAC_p5
SAC,?,,Spielberg,6,6,0.0171,0,0,1,5.885,0.8845,114,crash,1,HIS_SAC_p5
SAC,?,,Spielberg,7,7,0.0212,0,0,1,7.263,2.2628,127,crash,1,HIS_SAC_p5
SAC,?,,Spielberg,8,8,0.0145,0,0,1,4.974,-0.0262,105,crash,1,HIS_SAC_p5
SAC,?,,Spielberg,9,9,0.0211,0,0,1,7.256,2.2559,126,crash,1,HIS_SAC_p5
SAC,?,,Silverstone,0,0,0.0172,0,0,1,7.862,2.8619,140,crash,1,HIS_SAC_p5
SAC,?,,Silverstone,1,1,0.0172,0,0,1,7.862,2.8619,140,crash,1,HIS_SAC_p5
SAC,?,,Silverstone,2,2,0.0553,0,0,1,25.317,20.3169,445,crash,1,HIS_SAC_p5
SAC,?,,Silverstone,3,3,0.0553,0,0,1,25.317,20.3169,445,crash,1,HIS_SAC_p5
SAC,?,,Silverstone,4,4,0.0334,0,0,1,15.314,10.3136,211,crash,1,HIS_SAC_p5
SAC,?,,Silverstone,5,5,0.0189,0,0,1,8.672,3.6719,147,crash,1,HIS_SAC_p5
SAC,?,,Silverstone,6,6,0.0269,0,0,1,12.322,7.3215,188,crash,1,HIS_SAC_p5
SAC,?,,Silverstone,7,7,0.0255,0,0,1,11.661,6.6608,189,crash,1,HIS_SAC_p5
SAC,?,,Silverstone,8,8,0.0189,0,0,1,8.672,3.6719,147,crash,1,HIS_SAC_p5
SAC,?,,Silverstone,9,9,0.0172,0,0,1,7.862,2.8619,140,crash,1,HIS_SAC_p5
PPO,?,,synthetic_track_1,0,0,0.1819,0,0,1,27.679,22.6786,299,crash,1,OURS_PPO_p5
PPO,?,,synthetic_track_1,1,1,0.1819,0,0,1,27.679,22.6786,299,crash,1,OURS_PPO_p5
PPO,?,,synthetic_track_1,2,2,0.1888,0,0,1,28.72,23.7202,308,crash,1,OURS_PPO_p5
PPO,?,,synthetic_track_1,3,3,0.1888,0,0,1,28.72,23.7202,308,crash,1,OURS_PPO_p5
PPO,?,,synthetic_track_1,4,4,0.1625,0,0,1,24.73,19.7299,283,crash,1,OURS_PPO_p5
PPO,?,,synthetic_track_1,5,5,0.1761,0,0,1,26.787,21.7871,295,crash,1,OURS_PPO_p5
PPO,?,,synthetic_track_1,6,6,0.1918,0,0,1,29.188,24.1879,313,crash,1,OURS_PPO_p5
PPO,?,,synthetic_track_1,7,7,0.1829,0,0,1,27.82,22.8197,300,crash,1,OURS_PPO_p5
PPO,?,,synthetic_track_1,8,8,0.1761,0,0,1,26.787,21.7871,295,crash,1,OURS_PPO_p5
PPO,?,,synthetic_track_1,9,9,0.1819,0,0,1,27.679,22.6786,299,crash,1,OURS_PPO_p5
PPO,?,,synthetic_track_2,0,0,0.1438,0,0,1,25.476,20.4756,291,crash,1,OURS_PPO_p5
PPO,?,,synthetic_track_2,1,1,0.1438,0,0,1,25.476,20.4756,291,crash,1,OURS_PPO_p5
PPO,?,,synthetic_track_2,2,2,0.2055,0,0,1,36.391,31.391,366,crash,1,OURS_PPO_p5
PPO,?,,synthetic_track_2,3,3,0.2055,0,0,1,36.391,31.391,366,crash,1,OURS_PPO_p5
PPO,?,,synthetic_track_2,4,4,0.1709,0,0,1,30.262,25.2623,334,crash,1,OURS_PPO_p5
PPO,?,,synthetic_track_2,5,5,0.1731,0,0,1,30.668,25.6676,332,crash,1,OURS_PPO_p5
PPO,?,,synthetic_track_2,6,6,0.1465,0,0,1,25.954,20.9536,296,crash,1,OURS_PPO_p5
PPO,?,,synthetic_track_2,7,7,0.1344,0,0,1,23.797,18.7966,293,crash,1,OURS_PPO_p5
PPO,?,,synthetic_track_2,8,8,0.1731,0,0,1,30.668,25.6676,332,crash,1,OURS_PPO_p5
PPO,?,,synthetic_track_2,9,9,0.1438,0,0,1,25.476,20.4756,291,crash,1,OURS_PPO_p5
PPO,?,,synthetic_track_3,0,0,0.13,0,0,1,23.477,18.477,293,crash,1,OURS_PPO_p5
PPO,?,,synthetic_track_3,1,1,0.13,0,0,1,23.477,18.477,293,crash,1,OURS_PPO_p5
PPO,?,,synthetic_track_3,2,2,0.1682,0,0,1,30.359,25.3592,338,crash,1,OURS_PPO_p5
PPO,?,,synthetic_track_3,3,3,0.1682,0,0,1,30.359,25.3592,338,crash,1,OURS_PPO_p5
PPO,?,,synthetic_track_3,4,4,0.1284,0,0,1,23.179,18.1786,290,crash,1,OURS_PPO_p5
PPO,?,,synthetic_track_3,5,5,0.1699,0,0,1,30.674,25.6738,335,crash,1,OURS_PPO_p5
PPO,?,,synthetic_track_3,6,6,0.1497,0,0,1,27.032,22.0323,317,crash,1,OURS_PPO_p5
PPO,?,,synthetic_track_3,7,7,0.1688,0,0,1,30.468,25.4679,332,crash,1,OURS_PPO_p5
PPO,?,,synthetic_track_3,8,8,0.1699,0,0,1,30.674,25.6738,335,crash,1,OURS_PPO_p5
PPO,?,,synthetic_track_3,9,9,0.13,0,0,1,23.477,18.477,293,crash,1,OURS_PPO_p5
PPO,?,,synthetic_track_4,0,0,0.1103,0,0,1,18.088,13.0883,261,crash,1,OURS_PPO_p5
PPO,?,,synthetic_track_4,1,1,0.1103,0,0,1,18.088,13.0883,261,crash,1,OURS_PPO_p5
PPO,?,,synthetic_track_4,2,2,0.1128,0,0,1,18.502,13.5017,340,crash,1,OURS_PPO_p5
PPO,?,,synthetic_track_4,3,3,0.1128,0,0,1,18.502,13.5017,340,crash,1,OURS_PPO_p5
PPO,?,,synthetic_track_4,4,4,0.114,0,0,1,18.699,13.6987,343,crash,1,OURS_PPO_p5
PPO,?,,synthetic_track_4,5,5,0.1109,0,0,1,18.195,18.1948,15000,timeout,0,OURS_PPO_p5
PPO,?,,synthetic_track_4,6,6,0.1133,0,0,1,18.586,13.5856,384,crash,1,OURS_PPO_p5
PPO,?,,synthetic_track_4,7,7,0.1168,0,0,1,19.163,14.1627,356,crash,1,OURS_PPO_p5
PPO,?,,synthetic_track_4,8,8,0.1109,0,0,1,18.195,18.1948,15000,timeout,0,OURS_PPO_p5
PPO,?,,synthetic_track_4,9,9,0.1103,0,0,1,18.088,13.0883,261,crash,1,OURS_PPO_p5
PPO,?,,synthetic_track_5,0,0,0.1438,0,0,1,23.679,18.6789,252,crash,1,OURS_PPO_p5
PPO,?,,synthetic_track_5,1,1,0.1438,0,0,1,23.679,18.6789,252,crash,1,OURS_PPO_p5
PPO,?,,synthetic_track_5,2,2,0.1427,0,0,1,23.489,18.4889,250,crash,1,OURS_PPO_p5
PPO,?,,synthetic_track_5,3,3,0.1427,0,0,1,23.489,18.4889,250,crash,1,OURS_PPO_p5
PPO,?,,synthetic_track_5,4,4,0.1459,0,0,1,24.021,19.0213,253,crash,1,OURS_PPO_p5
PPO,?,,synthetic_track_5,5,5,0.1447,0,0,1,23.819,18.819,253,crash,1,OURS_PPO_p5
PPO,?,,synthetic_track_5,6,6,0.1414,0,0,1,23.285,18.2845,250,crash,1,OURS_PPO_p5
PPO,?,,synthetic_track_5,7,7,0.1447,0,0,1,23.821,18.8205,252,crash,1,OURS_PPO_p5
PPO,?,,synthetic_track_5,8,8,0.1447,0,0,1,23.819,18.819,253,crash,1,OURS_PPO_p5
PPO,?,,synthetic_track_5,9,9,0.1438,0,0,1,23.679,18.6789,252,crash,1,OURS_PPO_p5
PPO,?,,Spielberg,0,0,0.0679,0,0,1,23.328,18.3277,241,crash,1,OURS_PPO_p5
PPO,?,,Spielberg,1,1,0.0679,0,0,1,23.328,18.3277,241,crash,1,OURS_PPO_p5
PPO,?,,Spielberg,2,2,0.0884,0,0,1,30.36,25.3599,280,crash,1,OURS_PPO_p5
PPO,?,,Spielberg,3,3,0.0884,0,0,1,30.36,25.3599,280,crash,1,OURS_PPO_p5
PPO,?,,Spielberg,4,4,0.0682,0,0,1,23.4,18.3999,241,crash,1,OURS_PPO_p5
PPO,?,,Spielberg,5,5,0.0888,0,0,1,30.499,25.4987,281,crash,1,OURS_PPO_p5
PPO,?,,Spielberg,6,6,0.078,0,0,1,26.767,21.7666,261,crash,1,OURS_PPO_p5
PPO,?,,Spielberg,7,7,0.0779,0,0,1,26.73,21.7303,261,crash,1,OURS_PPO_p5
PPO,?,,Spielberg,8,8,0.0888,0,0,1,30.499,25.4987,281,crash,1,OURS_PPO_p5
PPO,?,,Spielberg,9,9,0.0679,0,0,1,23.328,18.3277,241,crash,1,OURS_PPO_p5
PPO,?,,Silverstone,0,0,0.0526,0,0,1,24.067,19.0675,244,crash,1,OURS_PPO_p5
PPO,?,,Silverstone,1,1,0.0526,0,0,1,24.067,19.0675,244,crash,1,OURS_PPO_p5
PPO,?,,Silverstone,2,2,0.06,0,0,1,27.472,22.4719,264,crash,1,OURS_PPO_p5
PPO,?,,Silverstone,3,3,0.06,0,0,1,27.472,22.4719,264,crash,1,OURS_PPO_p5
PPO,?,,Silverstone,4,4,0.0511,0,0,1,23.384,18.3835,240,crash,1,OURS_PPO_p5
PPO,?,,Silverstone,5,5,0.0522,0,0,1,23.895,18.8954,243,crash,1,OURS_PPO_p5
PPO,?,,Silverstone,6,6,0.0515,0,0,1,23.562,18.5623,241,crash,1,OURS_PPO_p5
PPO,?,,Silverstone,7,7,0.0529,0,0,1,24.241,19.2412,245,crash,1,OURS_PPO_p5
PPO,?,,Silverstone,8,8,0.0522,0,0,1,23.895,18.8954,243,crash,1,OURS_PPO_p5
PPO,?,,Silverstone,9,9,0.0526,0,0,1,24.067,19.0675,244,crash,1,OURS_PPO_p5
PPO,?,,synthetic_track_1,0,0,0.0634,0,0,1,9.645,4.6452,144,crash,1,HIS_PPO_p5
PPO,?,,synthetic_track_1,1,1,0.0634,0,0,1,9.645,4.6452,144,crash,1,HIS_PPO_p5
PPO,?,,synthetic_track_1,2,2,0.0645,0,0,1,9.807,4.8066,146,crash,1,HIS_PPO_p5
PPO,?,,synthetic_track_1,3,3,0.0645,0,0,1,9.807,4.8066,146,crash,1,HIS_PPO_p5
PPO,?,,synthetic_track_1,4,4,0.063,0,0,1,9.579,4.5787,143,crash,1,HIS_PPO_p5
PPO,?,,synthetic_track_1,5,5,0.0754,0,0,1,11.466,6.4656,168,crash,1,HIS_PPO_p5
PPO,?,,synthetic_track_1,6,6,0.0637,0,0,1,9.696,4.696,145,crash,1,HIS_PPO_p5
PPO,?,,synthetic_track_1,7,7,0.0634,0,0,1,9.646,4.6458,144,crash,1,HIS_PPO_p5
PPO,?,,synthetic_track_1,8,8,0.0754,0,0,1,11.466,6.4656,168,crash,1,HIS_PPO_p5
PPO,?,,synthetic_track_1,9,9,0.0634,0,0,1,9.645,4.6452,144,crash,1,HIS_PPO_p5
PPO,?,,synthetic_track_2,0,0,0.06,0,0,1,10.62,5.6205,156,crash,1,HIS_PPO_p5
PPO,?,,synthetic_track_2,1,1,0.06,0,0,1,10.62,5.6205,156,crash,1,HIS_PPO_p5
PPO,?,,synthetic_track_2,2,2,0.0538,0,0,1,9.532,4.532,141,crash,1,HIS_PPO_p5
PPO,?,,synthetic_track_2,3,3,0.0538,0,0,1,9.532,4.532,141,crash,1,HIS_PPO_p5
PPO,?,,synthetic_track_2,4,4,0.0548,0,0,1,9.708,4.7085,143,crash,1,HIS_PPO_p5
PPO,?,,synthetic_track_2,5,5,0.0615,0,0,1,10.89,5.89,158,crash,1,HIS_PPO_p5
PPO,?,,synthetic_track_2,6,6,0.053,0,0,1,9.395,4.3952,140,crash,1,HIS_PPO_p5
PPO,?,,synthetic_track_2,7,7,0.0619,0,0,1,10.963,5.9634,165,crash,1,HIS_PPO_p5
PPO,?,,synthetic_track_2,8,8,0.0615,0,0,1,10.89,5.89,158,crash,1,HIS_PPO_p5
PPO,?,,synthetic_track_2,9,9,0.06,0,0,1,10.62,5.6205,156,crash,1,HIS_PPO_p5
PPO,?,,synthetic_track_3,0,0,0.0547,0,0,1,9.88,4.8801,144,crash,1,HIS_PPO_p5
PPO,?,,synthetic_track_3,1,1,0.0547,0,0,1,9.88,4.8801,144,crash,1,HIS_PPO_p5
PPO,?,,synthetic_track_3,2,2,0.0535,0,0,1,9.655,4.6549,142,crash,1,HIS_PPO_p5
PPO,?,,synthetic_track_3,3,3,0.0535,0,0,1,9.655,4.6549,142,crash,1,HIS_PPO_p5
PPO,?,,synthetic_track_3,4,4,0.0535,0,0,1,9.66,4.6605,142,crash,1,HIS_PPO_p5
PPO,?,,synthetic_track_3,5,5,0.0573,0,0,1,10.353,5.3529,153,crash,1,HIS_PPO_p5
PPO,?,,synthetic_track_3,6,6,0.0519,0,0,1,9.365,4.3655,139,crash,1,HIS_PPO_p5
PPO,?,,synthetic_track_3,7,7,0.0592,0,0,1,10.687,5.6872,156,crash,1,HIS_PPO_p5
PPO,?,,synthetic_track_3,8,8,0.0573,0,0,1,10.353,5.3529,153,crash,1,HIS_PPO_p5
PPO,?,,synthetic_track_3,9,9,0.0547,0,0,1,9.88,4.8801,144,crash,1,HIS_PPO_p5
PPO,?,,synthetic_track_4,0,0,0.0694,0,0,1,11.386,6.3862,160,crash,1,HIS_PPO_p5
PPO,?,,synthetic_track_4,1,1,0.0694,0,0,1,11.386,6.3862,160,crash,1,HIS_PPO_p5
PPO,?,,synthetic_track_4,2,2,0.0726,0,0,1,11.914,6.9142,164,crash,1,HIS_PPO_p5
PPO,?,,synthetic_track_4,3,3,0.0726,0,0,1,11.914,6.9142,164,crash,1,HIS_PPO_p5
PPO,?,,synthetic_track_4,4,4,0.0702,0,0,1,11.519,6.5189,161,crash,1,HIS_PPO_p5
PPO,?,,synthetic_track_4,5,5,0.0775,0,0,1,12.721,7.7209,170,crash,1,HIS_PPO_p5
PPO,?,,synthetic_track_4,6,6,0.0631,0,0,1,10.354,5.3541,152,crash,1,HIS_PPO_p5
PPO,?,,synthetic_track_4,7,7,0.0694,0,0,1,11.384,6.3841,160,crash,1,HIS_PPO_p5
PPO,?,,synthetic_track_4,8,8,0.0775,0,0,1,12.721,7.7209,170,crash,1,HIS_PPO_p5
PPO,?,,synthetic_track_4,9,9,0.0694,0,0,1,11.386,6.3862,160,crash,1,HIS_PPO_p5
PPO,?,,synthetic_track_5,0,0,0.1078,0,0,1,17.748,12.7483,205,crash,1,HIS_PPO_p5
PPO,?,,synthetic_track_5,1,1,0.1078,0,0,1,17.748,12.7483,205,crash,1,HIS_PPO_p5
PPO,?,,synthetic_track_5,2,2,0.0872,0,0,1,14.356,9.3559,182,crash,1,HIS_PPO_p5
PPO,?,,synthetic_track_5,3,3,0.0872,0,0,1,14.356,9.3559,182,crash,1,HIS_PPO_p5
PPO,?,,synthetic_track_5,4,4,0.1023,0,0,1,16.839,11.8387,199,crash,1,HIS_PPO_p5
PPO,?,,synthetic_track_5,5,5,0.0924,0,0,1,15.213,10.213,188,crash,1,HIS_PPO_p5
PPO,?,,synthetic_track_5,6,6,0.0933,0,0,1,15.364,10.3643,189,crash,1,HIS_PPO_p5
PPO,?,,synthetic_track_5,7,7,0.0968,0,0,1,15.94,10.9401,193,crash,1,HIS_PPO_p5
PPO,?,,synthetic_track_5,8,8,0.0924,0,0,1,15.213,10.213,188,crash,1,HIS_PPO_p5
PPO,?,,synthetic_track_5,9,9,0.1078,0,0,1,17.748,12.7483,205,crash,1,HIS_PPO_p5
PPO,?,,Spielberg,0,0,0.0166,0,0,1,5.696,0.696,111,crash,1,HIS_PPO_p5
PPO,?,,Spielberg,1,1,0.0166,0,0,1,5.696,0.696,111,crash,1,HIS_PPO_p5
PPO,?,,Spielberg,2,2,0.0169,0,0,1,5.797,0.7966,112,crash,1,HIS_PPO_p5
PPO,?,,Spielberg,3,3,0.0169,0,0,1,5.797,0.7966,112,crash,1,HIS_PPO_p5
PPO,?,,Spielberg,4,4,0.0151,0,0,1,5.2,0.2,106,crash,1,HIS_PPO_p5
PPO,?,,Spielberg,5,5,0.0163,0,0,1,5.596,0.5961,110,crash,1,HIS_PPO_p5
PPO,?,,Spielberg,6,6,0.0151,0,0,1,5.2,0.2,106,crash,1,HIS_PPO_p5
PPO,?,,Spielberg,7,7,0.0149,0,0,1,5.102,0.1023,105,crash,1,HIS_PPO_p5
PPO,?,,Spielberg,8,8,0.0163,0,0,1,5.596,0.5961,110,crash,1,HIS_PPO_p5
PPO,?,,Spielberg,9,9,0.0166,0,0,1,5.696,0.696,111,crash,1,HIS_PPO_p5
PPO,?,,Silverstone,0,0,0.0155,0,0,1,7.089,2.0889,124,crash,1,HIS_PPO_p5
PPO,?,,Silverstone,1,1,0.0155,0,0,1,7.089,2.0889,124,crash,1,HIS_PPO_p5
PPO,?,,Silverstone,2,2,0.0152,0,0,1,6.982,1.9824,123,crash,1,HIS_PPO_p5
PPO,?,,Silverstone,3,3,0.0152,0,0,1,6.982,1.9824,123,crash,1,HIS_PPO_p5
PPO,?,,Silverstone,4,4,0.0155,0,0,1,7.084,2.0841,124,crash,1,HIS_PPO_p5
PPO,?,,Silverstone,5,5,0.0148,0,0,1,6.767,1.7674,121,crash,1,HIS_PPO_p5
PPO,?,,Silverstone,6,6,0.0155,0,0,1,7.089,2.0889,124,crash,1,HIS_PPO_p5
PPO,?,,Silverstone,7,7,0.0155,0,0,1,7.089,2.0889,124,crash,1,HIS_PPO_p5
PPO,?,,Silverstone,8,8,0.0148,0,0,1,6.767,1.7674,121,crash,1,HIS_PPO_p5
PPO,?,,Silverstone,9,9,0.0155,0,0,1,7.089,2.0889,124,crash,1,HIS_PPO_p5
