rollout/ep_rew_mean,time/iterations,time/fps,time/total_timesteps,rollout/ep_len_mean,time/time_elapsed,train/entropy_loss,train/clip_fraction,train/n_updates,train/value_loss,train/clip_range,train/approx_kl,train/explained_variance,train/learning_rate,train/policy_gradient_loss,train/loss,train/std
-33.94826153061224,1,580,8192,166.30612244897958,14,,,,,,,,,,,
-33.468862744680855,2,508,16384,173.58510638297872,32,-2.874216264486313,0.04888916015625,10,23.183551376499235,0.2,0.00559688,-0.05408203601837158,0.0003,-0.006638293196374434,1.4144890308380127,1.0264086723327637
-32.02109159,3,482,24576,194.12,50,-2.90577056016773,0.06563720703125,20,4.539733808301389,0.2,0.007189806,0.7898941040039062,0.0003,-0.008536155855472316,0.693026602268219,1.0430169105529785
-29.446439490000003,4,460,32768,227.8,71,-2.9174774441868068,0.08221435546875,30,5.559650119114667,0.2,0.008243997,0.8542777299880981,0.0003,-0.012759794295197935,1.3650263547897339,1.0394268035888672
-26.141810259999996,5,453,40960,269.12,90,-2.909948952868581,0.0693359375,40,7.940039159357548,0.2,0.008230222,0.7856532335281372,0.0003,-0.012319727121030155,11.357522964477539,1.0362643003463745
-22.88308989,6,448,49152,309.03,109,-2.8872135631740092,0.08458251953125,50,5.819537418987602,0.2,0.0091067515,0.8607843518257141,0.0003,-0.01325764924276882,3.56901478767395,1.017501950263977
-19.204043849999998,7,444,57344,352.74,128,-2.8466590754687786,0.09486083984375,60,5.660069440957159,0.2,0.008485286,0.8425152897834778,0.0003,-0.010091566277515085,1.5487544536590576,0.9993137121200562
-15.06096025,8,443,65536,403.12,147,-2.810652747191489,0.096533203125,70,5.6069973420817405,0.2,0.009573863,0.834330677986145,0.0003,-0.009192131590771169,1.8677681684494019,0.9772894978523254
-10.722597290000001,9,440,73728,451.72,167,-2.770745489373803,0.0873779296875,80,7.210628100950271,0.2,0.009150991,0.7895565032958984,0.0003,-0.010618749247259984,2.757981300354004,0.9626179337501526
-6.609898270000001,10,440,81920,497.5,186,-2.7497073065489532,0.10648193359375,90,3.488129936764017,0.2,0.010228207,0.8993416428565979,0.0003,-0.012403216347502166,0.6193058490753174,0.9558894634246826
-2.8625699099999995,11,442,90112,538.46,203,-2.724031974375248,0.09833984375,100,3.0559378106147053,0.2,0.010037247,0.9111920595169067,0.0003,-0.011630605849131826,0.39709803462028503,0.9375781416893005
1.9326975299999998,12,443,98304,588.72,221,-2.687549506500363,0.11964111328125,110,1.833097921521403,0.2,0.013489779,0.9240871667861938,0.0003,-0.013767767804165488,0.2809962332248688,0.9187664985656738
4.889111410000001,13,443,106496,619.74,240,-2.650357015244663,0.0994873046875,120,2.4290845590410752,0.2,0.010167075,0.9217427968978882,0.0003,-0.009975471118559653,3.391294002532959,0.9040054082870483
8.65207711,14,445,114688,657.2,257,-2.6235086537897585,0.120263671875,130,4.066411682986654,0.2,0.012443693,0.8983137607574463,0.0003,-0.012640520658897004,0.5932916402816772,0.8932846784591675
12.328674490000001,15,448,122880,690.95,273,-2.587188552133739,0.0965576171875,140,2.970573153696023,0.2,0.0105789695,0.9126859903335571,0.0003,-0.011908880644114106,1.0078787803649902,0.8757975101470947
14.91518628,16,450,131072,716.26,291,-2.550863426364958,0.13018798828125,150,0.9956365134567022,0.2,0.013561499,0.957757830619812,0.0003,-0.013900778339302634,0.13896988332271576,0.8629510402679443
18.49578352,17,451,139264,753.59,308,-2.535212356224656,0.10308837890625,160,2.9531837337184697,0.2,0.010867314,0.888328492641449,0.0003,-0.010939078341471032,1.6430339813232422,0.8564379215240479
21.198606950000002,18,452,147456,779.09,325,-2.513994265161455,0.13309326171875,170,1.6141960669774562,0.2,0.013750108,0.9369327425956726,0.0003,-0.010468307071823802,0.2621186077594757,0.845658540725708
22.93523962,19,454,155648,794.4,342,-2.490344494394958,0.118505859375,180,1.172467650589533,0.2,0.010476839,0.9434344172477722,0.0003,-0.010850473383561621,0.430105596780777,0.8377130031585693
24.31992691,20,454,163840,805.04,360,-2.448772677220404,0.1239013671875,190,1.5411749331862665,0.2,0.01335516,0.9590608477592468,0.0003,-0.011729731956984324,0.16952748596668243,0.8157008290290833
25.658357629999998,21,454,172032,812.69,378,-2.401585528999567,0.15281982421875,200,0.6609016701811925,0.2,0.014506978,0.9793150424957275,0.0003,-0.013454986359647592,0.11716938018798828,0.7959191799163818
26.490717460000006,22,455,180224,818.62,395,-2.3706708824262024,0.1138916015625,210,1.7662313815264497,0.2,0.011603879,0.9391301870346069,0.0003,-0.009726504547143123,0.26984572410583496,0.7887709140777588
26.35757937,23,456,188416,810.45,413,-2.354726241528988,0.1213623046875,220,0.7701370849623345,0.2,0.012691542,0.9587923288345337,0.0003,-0.009751529539607872,0.07724931836128235,0.7814649343490601
25.916667860000004,24,457,196608,799.86,429,-2.35695099439472,0.0889404296875,230,5.143813201505691,0.2,0.011183658,0.8365804553031921,0.0003,-0.009303075699972397,0.6953810453414917,0.7917078733444214
26.073477129999993,25,457,204800,800.4,447,-2.3695054866373537,0.110498046875,240,4.118885583244264,0.2,0.013103344,0.9121948480606079,0.0003,-0.0058613692588096455,0.9414313435554504,0.7916504144668579
27.062743169999997,26,458,212992,808.04,464,-2.329313928075135,0.168798828125,250,1.04373356688302,0.2,0.0162842,0.9663687348365784,0.0003,-0.012719829687921447,0.1448812186717987,0.7662409543991089
26.4731048,27,459,221184,799.4,481,-2.3014848167076707,0.14661865234375,260,1.0956277894671076,0.2,0.014489222,0.9544242024421692,0.0003,-0.007155426461940806,0.3737896978855133,0.763573408126831
27.741134350000003,28,458,229376,815.69,499,-2.3014384254813196,0.1060302734375,270,4.798536529042758,0.2,0.010152932,0.849479079246521,0.0003,-0.006192033028310106,4.685175895690918,0.7659600377082825
30.071630259999996,29,460,237568,842.53,515,-2.2897630682215095,0.10789794921875,280,2.0856178510235623,0.2,0.013018489,0.924632728099823,0.0003,-0.011012300963921006,0.3134412169456482,0.7525827884674072
33.288010650000004,30,463,245760,877.73,530,-2.2592267345637085,0.16466064453125,290,1.4907444784301334,0.2,0.017012144,0.9041966795921326,0.0003,-0.011978245145110122,0.14160087704658508,0.7454510927200317
35.24625597,31,465,253952,897.79,546,-2.2421557115390898,0.1181884765625,300,3.2893492571776735,0.2,0.014269799,0.8290247917175293,0.0003,-0.014718006704060826,0.5298905372619629,0.7378512024879456
36.52236237,32,466,262144,908.92,561,-2.2224298560991884,0.11513671875,310,2.870725389337167,0.2,0.013134364,0.823129415512085,0.0003,-0.0113407231848214,1.3160715103149414,0.7342246174812317
39.711192370000006,33,468,270336,938.56,576,-2.1967672731727363,0.1240234375,320,3.504030222282745,0.2,0.016453372,0.7916620969772339,0.0003,-0.011404888488505094,0.7533774375915527,0.720072329044342
41.660985630000006,34,470,278528,957.68,592,-2.147067202627659,0.16768798828125,330,1.3184361618128606,0.2,0.01848317,0.9190085530281067,0.0003,-0.013989850211328304,0.312502384185791,0.7014467716217041
42.99334573,35,471,286720,966.76,607,-2.1111749915406106,0.15177001953125,340,3.8724972522235475,0.2,0.0153354,0.8894895315170288,0.0003,-0.011327331208030955,0.12451784312725067,0.6912137269973755
45.67854346,36,473,294912,989.7,623,-2.0926767852157355,0.1168212890625,350,5.0489669043570755,0.2,0.0124629345,0.8140516877174377,0.0003,-0.009605828122039384,0.7185970544815063,0.6878495216369629
47.19847680000001,37,474,303104,1002.9,638,-2.0777656633406876,0.12305908203125,360,4.8651117633562535,0.2,0.015437973,0.7790749669075012,0.0003,-0.01174138870292154,0.8478665947914124,0.6814289093017578
49.708094360000004,38,475,311296,1022.02,654,-2.0588786259293554,0.13974609375,370,3.061369546619244,0.2,0.016673058,0.7607376575469971,0.0003,-0.012666980115682236,0.2083333283662796,0.6741824746131897
52.85245915,39,476,319488,1049.46,670,-2.0380586817860604,0.13497314453125,380,3.877279247972183,0.2,0.016716387,0.782842755317688,0.0003,-0.013534669930777454,0.8306407332420349,0.6666209697723389
53.280717589999995,40,477,327680,1040.05,686,-2.033229997381568,0.15042724609375,390,4.55411552276928,0.2,0.01761898,0.8156012892723083,0.0003,-0.010995765412553737,0.3344391882419586,0.6678643822669983
53.414222929999994,41,478,335872,1027.3,701,-2.025674447417259,0.1632568359375,400,3.0683784297900276,0.2,0.017809886,0.8133783936500549,0.0003,-0.012620410640374757,0.5524527430534363,0.6667385101318359
47.44411019,42,477,344064,945.1,720,-2.020194983296096,0.15216064453125,410,5.258722301991656,0.2,0.017430913,0.7758185863494873,0.0003,-0.011960972381712055,14.482575416564941,0.6621910333633423
43.37319975000001,43,477,352256,890.5,738,-2.019077755883336,0.14259033203125,420,3.4467410549521444,0.2,0.0160513,0.8771963715553284,0.0003,-0.013832522797929413,1.3881675004959106,0.6659059524536133
39.844155070000006,44,477,360448,843.16,755,-2.0299757082015275,0.14884033203125,430,4.815855984017253,0.2,0.015650924,0.8624050617218018,0.0003,-0.011433147808020294,0.7174385190010071,0.6709550023078918
42.10388347999999,45,477,368640,864.04,772,-2.0157143868505956,0.1568359375,440,3.485982901137322,0.2,0.017838696,0.8932110071182251,0.0003,-0.010846422227768927,0.8423388004302979,0.6573929786682129
43.74007307,46,477,376832,882.3,789,-1.9847984899766744,0.1335205078125,450,4.815621705865487,0.2,0.015183143,0.7994667887687683,0.0003,-0.013576378832112823,0.7896362543106079,0.6484972238540649
47.29779406999999,47,478,385024,923.2,804,-1.9569967438466846,0.19317626953125,460,3.1810702847316863,0.2,0.023164162,0.8537225723266602,0.0003,-0.015356964140482886,0.5761018991470337,0.6411283612251282
47.38238432000001,48,479,393216,917.73,820,-1.9434695119038223,0.155908203125,470,3.70555248206947,0.2,0.016762976,0.7878542542457581,0.0003,-0.011916571069286874,0.4149593114852905,0.6421931982040405
52.14890068,49,480,401408,960.63,835,-1.9437794625759124,0.15142822265625,480,5.2164062223164365,0.2,0.018186772,0.805637538433075,0.0003,-0.01540179439489293,1.01912260055542,0.6381473541259766
54.29565334000001,50,479,409600,975.9,853,-1.9150334602221846,0.1960693359375,490,2.5268882703268902,0.2,0.021610705,0.7296521663665771,0.0003,-0.015713512584989077,0.25901350378990173,0.6241128444671631
56.55333616,51,478,417792,989.3,872,-1.8758713598363101,0.1656982421875,500,2.6866923021851106,0.2,0.019828249,0.779649019241333,0.0003,-0.01265307270023186,0.25804227590560913,0.6156231164932251
60.44234384000001,52,478,425984,1037.6,889,-1.870418191421777,0.17725830078125,510,2.5583875529118814,0.2,0.02050502,0.7267711758613586,0.0003,-0.009712440516159404,0.30044400691986084,0.6149250268936157
64.54440601,53,478,434176,1080.32,907,-1.8766883756034076,0.16187744140625,520,1.893309143173974,0.2,0.018223979,0.6157937049865723,0.0003,-0.006899117750253936,0.09274031221866608,0.6196541786193848
66.33265875000001,54,478,442368,1093.38,924,-1.8630320492200554,0.16474609375,530,3.323340343486052,0.2,0.020295247,0.6615293025970459,0.0003,-0.013529950046722661,0.14474737644195557,0.6134706735610962
70.94497564999999,55,478,450560,1140.37,941,-1.8440400307066738,0.136865234375,540,3.1025270169833674,0.2,0.017162066,0.8294419050216675,0.0003,-0.010339646808643011,0.5205843448638916,0.6023626923561096
72.28923976,56,479,458752,1154.56,957,-1.8072320296429099,0.16170654296875,550,3.0085690473322755,0.2,0.019825313,0.714295506477356,0.0003,-0.014255903843513806,0.17176224291324615,0.5957145094871521
76.15762917999999,57,479,466944,1191.44,972,-1.795978576503694,0.16959228515625,560,1.648278795380611,0.2,0.021868873,0.8402529954910278,0.0003,-0.008988808235335455,0.4308544993400574,0.5919406414031982
78.91610902,58,480,475136,1216.57,988,-1.7824903679080308,0.1650634765625,570,4.066553631052375,0.2,0.020111723,0.7939289808273315,0.0003,-0.010949561472261848,5.49456262588501,0.5896722078323364
81.63023478999999,59,481,483328,1241.53,1004,-1.7731476496905088,0.13975830078125,580,4.731458646245301,0.2,0.018127961,0.8415826559066772,0.0003,-0.018524605335187516,0.4060395061969757,0.588245153427124
83.65482729,60,481,491520,1261.48,1019,-1.765659198258072,0.16651611328125,590,3.386149342218414,0.2,0.022074264,0.7229653596878052,0.0003,-0.008929199538761168,5.898841857910156,0.5824195146560669
84.91138184000002,61,482,499712,1267.14,1036,-1.7530375505797564,0.137158203125,600,6.131567105394788,0.2,0.016664399,0.6507153511047363,0.0003,-0.008364773734228947,0.8158707022666931,0.5816807746887207
87.07713971,62,482,507904,1290.18,1053,-1.7734250657260417,0.21092529296875,610,2.6341702885343694,0.2,0.019167662,0.7154045104980469,0.0003,-0.004296832982436172,0.15510210394859314,0.5913733243942261
91.19917115000003,63,482,516096,1323.96,1069,-1.7898143840953709,0.18211669921875,620,1.2767068049288355,0.2,0.022568177,0.6635735034942627,0.0003,-0.013407445224765979,0.21441572904586792,0.592036247253418
91.50321401000001,64,482,524288,1325.14,1085,-1.7650123625062406,0.1692138671875,630,0.9024120803806,0.2,0.01858911,0.8310754895210266,0.0003,-0.010410706931179448,0.33780407905578613,0.5814197063446045
89.26893171,65,482,532480,1303.55,1103,-1.7467854727990926,0.12733154296875,640,2.6632902368204667,0.2,0.01476272,0.7345507144927979,0.0003,-0.008347865227915464,1.0266865491867065,0.5770260095596313
88.87324541000004,66,482,540672,1304.02,1120,-1.7302286620251834,0.1513916015625,650,1.5823913703439758,0.2,0.015780758,0.6538308262825012,0.0003,-0.00542862889396929,0.41709184646606445,0.5727415084838867
89.19220291000002,67,482,548864,1313.06,1136,-1.6992799751460552,0.18209228515625,660,1.6437256506993436,0.2,0.020002302,0.8395093083381653,0.0003,-0.007222041992736195,0.23810738325119019,0.563167929649353
89.70358492000001,68,483,557056,1302.3,1151,-1.676671836990863,0.136572265625,670,2.580011652247049,0.2,0.016076714,0.749897837638855,0.0003,-0.011142159045175504,0.49587899446487427,0.555610716342926
91.12120151999997,69,484,565248,1306.05,1166,-1.6450415330938994,0.19031982421875,680,1.8447550751036033,0.2,0.022782952,0.8035584092140198,0.0003,-0.01089866709189664,0.6168563365936279,0.5489087104797363
86.43266448,70,484,573440,1262.1,1183,-1.6260303342714906,0.151318359375,690,2.419152397545986,0.2,0.020604962,0.6704053282737732,0.0003,-0.009878312285582069,1.5589168071746826,0.5442671775817871
86.21397969999998,71,485,581632,1257.04,1199,-1.6233091630041598,0.15802001953125,700,3.117700117593631,0.2,0.017764885,0.7751352190971375,0.0003,-0.012204220636522222,2.8493237495422363,0.5473616719245911
90.98339954,72,485,589824,1299.36,1214,-1.6355121203698217,0.17288818359375,710,3.1371838570572437,0.2,0.019259632,0.7860685586929321,0.0003,-0.00722201772423432,3.104961395263672,0.5481048822402954
93.29913026999999,73,485,598016,1331.13,1230,-1.6101125955581665,0.20609130859375,720,2.646961656631902,0.2,0.023665166,0.3468669652938843,0.0003,-0.010630777319420304,0.27966055274009705,0.5365142822265625
96.64691242,74,486,606208,1359.19,1246,-1.5777290029451252,0.207373046875,730,1.1013568052148912,0.2,0.02475085,0.9485790729522705,0.0003,-0.008492774571823247,0.059263329952955246,0.5326820611953735
100.88684749000002,75,486,614400,1398.43,1262,-1.5794837432913482,0.16163330078125,740,1.8987455559661612,0.2,0.022477623,0.40327829122543335,0.0003,-0.009468145197206467,0.9501212239265442,0.5320132374763489
101.21774848000001,76,486,622592,1404.66,1279,-1.5751421472989022,0.16793212890625,750,2.595129383832682,0.2,0.019805316,0.7452611923217773,0.0003,-0.009815637964493362,0.18976302444934845,0.5330320596694946
102.20897288,77,487,630784,1408.91,1294,-1.5825348717160523,0.16475830078125,760,3.9419078734586948,0.2,0.019619072,0.716850757598877,0.0003,-0.011017969193744648,0.24904519319534302,0.5358214378356934
102.97745769,78,487,638976,1418.35,1309,-1.5896114523522555,0.1933837890625,770,1.6506496112095193,0.2,0.021572325,0.7128387689590454,0.0003,-0.009128129689270282,0.16405878961086273,0.5377001762390137
98.73314839000001,79,488,647168,1373.51,1325,-1.590048355050385,0.15546875,780,1.438041449605953,0.2,0.022201292,0.8602057099342346,0.0003,-0.010656136820944084,0.3813784718513489,0.5356730818748474
98.80503176999999,80,488,655360,1369.41,1341,-1.5844711665064097,0.14649658203125,790,2.954221560130827,0.2,0.02018287,0.8218996524810791,0.0003,-0.01476554051387211,0.14505907893180847,0.5340932011604309
101.86820039999999,81,488,663552,1398.02,1357,-1.565202057454735,0.22366943359375,800,1.4401130109792575,0.2,0.02754692,0.5714066624641418,0.0003,-0.011889506819716188,0.21766839921474457,0.5267513990402222
104.10970497999999,82,489,671744,1421.35,1372,-1.5412550755776464,0.177978515625,810,1.906165035860613,0.2,0.022352325,0.7480936646461487,0.0003,-0.013297609465917048,0.10206398367881775,0.5206705331802368
103.22676191000001,83,489,679936,1413.83,1388,-1.5264545673504473,0.1973876953125,820,1.739707465528045,0.2,0.020712128,0.6394939422607422,0.0003,-0.008689476900781302,0.29205262660980225,0.5175274610519409
107.30438441,84,490,688128,1443.99,1404,-1.5207257442176343,0.1822509765625,830,1.7278419199865311,0.2,0.021052215,0.8795108795166016,0.0003,-0.01371874626074714,0.0769895613193512,0.5164693593978882
109.16909704000001,85,489,696320,1458.98,1421,-1.4932093030773104,0.2109375,840,0.5770522602833807,0.2,0.022418644,0.8615484833717346,0.0003,-0.01058734828766319,0.09758438915014267,0.5073318481445312
113.08198033000002,86,489,704512,1494.58,1440,-1.4647610377520324,0.15509033203125,850,1.9822328131413087,0.2,0.017710824,0.7949796319007874,0.0003,-0.011086527746101638,0.8069800734519958,0.49976086616516113
116.89087778,87,488,712704,1521.16,1458,-1.4219348720274865,0.21112060546875,860,0.9728463838750031,0.2,0.024536598,0.7771522998809814,0.0003,-0.011957302885821263,0.06324117630720139,0.4902399778366089
119.39133804,88,488,720896,1544.93,1477,-1.4120835033245385,0.1833251953125,870,0.9563117976416834,0.2,0.021906938,0.7482973337173462,0.0003,-0.013770690868113888,0.21431633830070496,0.49051451683044434
123.91898651000002,89,487,729088,1581.48,1495,-1.4023829040117561,0.1544677734375,880,2.089668645511847,0.2,0.021335907,0.8077141046524048,0.0003,-0.012430759166363714,0.2783655524253845,0.48715299367904663
126.34068494000002,90,486,737280,1607.36,1514,-1.3760358033701778,0.19686279296875,890,1.6353662989800797,0.2,0.02506549,0.6190732717514038,0.0003,-0.012874480898244656,0.0938946083188057,0.4756602644920349
131.50994604000002,91,487,745472,1649.23,1530,-1.3448412120342255,0.172021484375,900,5.033171055838466,0.2,0.023461975,0.6607400178909302,0.0003,-0.011045474680577172,9.184517860412598,0.4739840626716614
135.97066996,92,487,753664,1683.67,1545,-1.3099254839122296,0.24617919921875,910,0.34972430769121277,0.2,0.030317001,0.7860719561576843,0.0003,-0.01405251388769102,0.039743535220623016,0.4617539644241333
139.62697054999998,93,488,761856,1712.41,1561,-1.2711835270747542,0.20958251953125,920,0.23885809688363224,0.2,0.023604318,0.5120096206665039,0.0003,-0.013159614826690813,0.008423570543527603,0.45435667037963867
144.25281614,94,488,770048,1737.23,1576,-1.2320306614041328,0.1904296875,930,0.1575341402713093,0.2,0.020772863,0.7639858722686768,0.0003,-0.014879132021451368,0.012742586433887482,0.44503384828567505
148.0559744,95,488,778240,1769.18,1592,-1.2037100992165506,0.184130859375,940,0.44590127030969595,0.2,0.025580991,0.7057597041130066,0.0003,-0.01599540666102257,0.06172408163547516,0.4385223984718323
150.07951952999997,96,489,786432,1786.25,1608,-1.1865244816988707,0.1883056640625,950,1.1942625507334015,0.2,0.021506166,0.6881911158561707,0.0003,-0.00890126713893551,0.12087929248809814,0.4369915723800659
154.70361096,97,489,794624,1824.55,1623,-1.1570804895833136,0.228369140625,960,0.15853229538624874,0.2,0.026993504,0.9146058559417725,0.0003,-0.00942681024207559,0.006957534700632095,0.43003392219543457
159.80464368,98,489,802816,1865.63,1638,-1.1249619374983013,0.21070556640625,970,0.6102336786512751,0.2,0.024893604,0.7483469247817993,0.0003,-0.014702434072296456,0.05177479609847069,0.4202691912651062
164.07120397999998,99,490,811008,1898.32,1654,-1.1020309339277445,0.22564697265625,980,0.8762269949278562,0.2,0.022107467,0.3907049894332886,0.0003,-0.011231322069943418,0.01773887127637863,0.42006558179855347
164.97016417999998,100,490,819200,1901.07,1669,-1.0901718698441982,0.18890380859375,990,1.0789139134809376,0.2,0.022932068,0.7550584077835083,0.0003,-0.009304191036608244,0.18588706851005554,0.41563382744789124
165.64080012,101,490,827392,1899.61,1685,-1.076779308449477,0.19989013671875,1000,1.7481783607567194,0.2,0.024777014,0.6519462466239929,0.0003,-0.009302816097988397,0.37310343980789185,0.41545748710632324
167.11543272999995,102,491,835584,1904.87,1701,-1.0698803990148007,0.2068359375,1010,1.1642668873479125,0.2,0.029643837,0.7485925555229187,0.0003,-0.01048427407595227,0.08553969860076904,0.41103148460388184
167.46370559,103,491,843776,1900.26,1717,-1.0612412652000784,0.15994873046875,1020,1.9373842404747847,0.2,0.020952707,0.8720148205757141,0.0003,-0.010617675744651934,0.2809985280036926,0.41103118658065796
165.71514262000005,104,491,851968,1875.14,1732,-1.0673038949258626,0.2209716796875,1030,1.6673006609315053,0.2,0.027751923,0.8443231582641602,0.0003,-0.004265449211379746,0.2093771994113922,0.41438305377960205
153.40159832999998,105,491,860160,1751.05,1748,-1.0746982217766345,0.199072265625,1040,2.3046756932279093,0.2,0.028255958,0.7840652465820312,0.0003,-0.010750981306318862,0.9273669123649597,0.4153863787651062
133.17637554,106,492,868352,1566.34,1764,-1.0755003330297768,0.18687744140625,1050,2.160894076991826,0.2,0.025798358,0.9387425184249878,0.0003,-0.012361348994454601,0.2907187342643738,0.4141960144042969
119.67694855999999,107,491,876544,1433.4,1782,-1.0787281814031302,0.210693359375,1060,2.2799096114933493,0.2,0.026570158,0.9474642276763916,0.0003,-0.009310448652831838,0.23530037701129913,0.41540372371673584
86.17699016,108,491,884736,1134.02,1801,-1.0759162831120193,0.1738037109375,1070,3.3308191056363285,0.2,0.023593152,0.8670234084129333,0.0003,-0.010846488312381553,0.26326751708984375,0.4149419665336609
67.67163173,109,490,892928,968.44,1820,-1.0815684142522515,0.19129638671875,1080,3.0769781060516834,0.2,0.027741838,0.8569310903549194,0.0003,-0.007080212006076181,0.5316129922866821,0.41567760705947876
46.31701562,110,489,901120,779.3,1839,-1.0632653262466192,0.21651611328125,1090,3.2283967458177356,0.2,0.03196014,0.8386764526367188,0.0003,-0.015431556061594165,0.5635144114494324,0.4085608124732971
44.90243828,111,489,909312,765.41,1857,-1.0289878580719232,0.1663818359375,1100,5.18985447648447,0.2,0.023181662,0.8932611346244812,0.0003,-0.013130591065964837,1.5177803039550781,0.4033549427986145
41.63061947999999,112,488,917504,739.84,1877,-1.011289113899693,0.2343017578125,1110,3.3767102397046984,0.2,0.032593615,0.8412150144577026,0.0003,-0.014149564527178882,0.6186668276786804,0.3996412754058838
41.14152704,113,488,925696,738.34,1895,-0.9873882672283798,0.2100341796875,1120,5.851029249886051,0.2,0.027047038,0.8017809987068176,0.0003,-0.014981759010242967,0.5005053281784058,0.39381104707717896
44.78215336000001,114,487,933888,771.49,1914,-0.9460830275435,0.23123779296875,1130,4.8497080652043225,0.2,0.03447767,0.8234660029411316,0.0003,-0.015596907492545142,0.3843298852443695,0.38521817326545715
46.91323975,115,487,942080,788.89,1932,-0.9171709041576832,0.24970703125,1140,3.64412114599254,0.2,0.030335408,0.8031988143920898,0.0003,-0.012522048127357266,3.5776543617248535,0.3809123933315277
49.40495965,116,486,950272,814.38,1952,-0.9055422774050385,0.20421142578125,1150,3.8717843919061123,0.2,0.03180895,0.8719498515129089,0.0003,-0.017655534613368218,2.4592535495758057,0.37968313694000244
53.695802279999995,117,486,958464,856.28,1971,-0.875438361801207,0.278955078125,1160,3.262040759669617,0.2,0.03646312,0.8066690564155579,0.0003,-0.010820292110747688,0.6091768741607666,0.37223219871520996
56.93623784,118,485,966656,892.52,1990,-0.8359988799784333,0.2175048828125,1170,2.4498652056558057,0.2,0.03373026,0.8941572308540344,0.0003,-0.01248005753441248,0.4197584092617035,0.36421364545822144
58.657630139999995,119,485,974848,913.32,2009,-0.8031728080939502,0.23687744140625,1180,3.4382940865820273,0.2,0.030954475,0.8328030705451965,0.0003,-0.011190505564718478,1.374426245689392,0.3585112690925598
61.980190089999994,120,484,983040,944.09,2028,-0.7733318964485079,0.19384765625,1190,5.275500691263005,0.2,0.029288193,0.8567909002304077,0.0003,-0.017077514537322713,10.533453941345215,0.35489803552627563
62.93545483,121,484,991232,952.35,2046,-0.7613880386110395,0.236572265625,1200,4.477692371886223,0.2,0.034457356,0.8565479516983032,0.0003,-0.013859915931789146,0.34884387254714966,0.3537582755088806
66.64495751,122,484,999424,992.05,2063,-0.7437206782866269,0.23072509765625,1210,3.9221648291917517,0.2,0.03552345,0.8325068354606628,0.0003,-0.01150722525526362,0.32490062713623047,0.3474745750427246
67.24476231,123,483,1007616,999.21,2082,-0.727598377643153,0.2479248046875,1220,4.896506117004901,0.2,0.03586395,0.8392781019210815,0.0003,-0.015575830716443306,5.368273735046387,0.3489530384540558
69.16768372,124,483,1015808,1019.57,2100,-0.717714605294168,0.27205810546875,1230,3.8387221775017677,0.2,0.050989337,0.8314094543457031,0.0003,-0.01856465234650386,0.6244308948516846,0.3458263576030731
73.5117304,125,483,1024000,1054.31,2119,-0.697446349542588,0.24132080078125,1240,4.160285358107648,0.2,0.032162845,0.776101291179657,0.0003,-0.015334603690826043,1.5727241039276123,0.3408854603767395
67.98033951,126,482,1032192,1003.31,2138,-0.6615895750932396,0.29984130859375,1250,2.8745064555550925,0.2,0.040962286,0.7977802157402039,0.0003,-0.010808269579683838,0.4042825996875763,0.3358350992202759
72.08323374000001,127,482,1040384,1030.98,2156,-0.6634959236718714,0.23543701171875,1260,3.7348017662763597,0.2,0.0342729,0.8393617868423462,0.0003,-0.01250497389737575,0.9813629984855652,0.33581361174583435
71.16476465,128,482,1048576,1017.21,2175,-0.6433206475805491,0.2588134765625,1270,2.5455504765035584,0.2,0.031850725,0.7571302652359009,0.0003,-0.009678598925802362,1.0959187746047974,0.33121103048324585
63.849866590000005,129,481,1056768,944.02,2193,-0.607729977183044,0.19844970703125,1280,5.820149944908917,0.2,0.028117694,0.8329126834869385,0.0003,-0.014852667567356547,0.7410911321640015,0.3239768147468567
59.48524343000001,130,481,1064960,899.73,2211,-0.5818839927203954,0.21248779296875,1290,7.258233638200909,0.2,0.028704066,0.8281457424163818,0.0003,-0.017446949634540944,1.5911879539489746,0.3232306241989136
62.01635518,131,481,1073152,918.91,2230,-0.566883040824905,0.23682861328125,1300,5.90583450035192,0.2,0.03825003,0.8576463460922241,0.0003,-0.015601432348921663,0.5719504356384277,0.3191981911659241
59.81784375,132,480,1081344,897.46,2249,-0.5399869837332517,0.2646728515625,1310,5.419345387769863,0.2,0.036681145,0.8312666416168213,0.0003,-0.014477257484577422,0.9677528142929077,0.3149247467517853
59.394518829999996,133,480,1089536,888.08,2266,-0.505272410530597,0.2847412109375,1320,4.486180415796116,0.2,0.053133406,0.8876766562461853,0.0003,-0.013968744747216988,0.713279664516449,0.3088514506816864
49.11023694000001,134,480,1097728,801.68,2284,-0.46793542671948674,0.230712890625,1330,7.963621370727196,0.2,0.035183564,0.7314469814300537,0.0003,-0.018300015590102702,1.5657572746276855,0.3029484450817108
46.93976452,135,480,1105920,778.34,2302,-0.4381977760232985,0.25048828125,1340,7.18615866843611,0.2,0.04897555,0.8166606426239014,0.0003,-0.017359769476388464,5.81181526184082,0.2977067828178406
37.39137625,136,479,1114112,701.24,2322,-0.3973324520047754,0.28974609375,1350,3.7747738695703448,0.2,0.050486058,0.8269000053405762,0.0003,-0.014854859290608147,0.719230055809021,0.2910791039466858
37.76473989,137,479,1122304,702.95,2340,-0.36842553662136196,0.2619384765625,1360,5.287417291896418,0.2,0.044911735,0.8813496232032776,0.0003,-0.01820973576432152,2.526322841644287,0.28933727741241455
40.359615240000004,138,479,1130496,724.95,2359,-0.36621360993012786,0.26090087890625,1370,6.301786538073793,0.2,0.042895786,0.8052071332931519,0.0003,-0.01614001586822269,2.02294921875,0.28826117515563965
44.18026801999999,139,479,1138688,755.96,2377,-0.33355519408360124,0.3170654296875,1380,4.5907791498117145,0.2,0.053009048,0.859436571598053,0.0003,-0.015712897925186552,0.8488730192184448,0.2842066287994385
46.51547783,140,478,1146880,776.66,2396,-0.30731589077040555,0.3224853515625,1390,4.099973079608754,0.2,0.05336984,0.86558598279953,0.0003,-0.012264107674491242,0.9556305408477783,0.2796119451522827
47.06777319000002,141,478,1155072,777.15,2415,-0.2844740832224488,0.299560546875,1400,3.7632878889795394,0.2,0.053131603,0.7904360294342041,0.0003,-0.010724064607165929,5.590826988220215,0.27869105339050293
49.30057546999999,142,477,1163264,798.25,2435,-0.2670389339327812,0.32122802734375,1410,3.458543491968885,0.2,0.051845185,0.8710481524467468,0.0003,-0.01123739759404998,0.44608330726623535,0.27496832609176636
52.73644296999999,143,476,1171456,832.51,2456,-0.24411857314407825,0.2844970703125,1420,4.505190847394988,0.2,0.044476226,0.7895836234092712,0.0003,-0.0146135108810995,2.7981557846069336,0.27145621180534363
54.106019700000004,144,476,1179648,838.26,2475,-0.20734585160389543,0.28902587890625,1430,3.841358003905043,0.2,0.050879616,0.7806572318077087,0.0003,-0.013126249999004358,0.5011235475540161,0.26701709628105164
54.54301392,145,475,1187840,843.12,2495,-0.19116744315251707,0.31553955078125,1440,3.4255064068129286,0.2,0.056708157,0.7896660566329956,0.0003,-0.012347994328411004,0.9995905756950378,0.26493918895721436
56.975152689999994,146,475,1196032,864.91,2514,-0.17525937240570783,0.26380615234375,1450,4.4805020859465,0.2,0.048673704,0.8483837842941284,0.0003,-0.013763251688942546,1.8315383195877075,0.26423412561416626
55.99889958,147,474,1204224,857.69,2537,-0.16373118786141277,0.31104736328125,1460,3.0742159383371472,0.2,0.07853356,0.8855555653572083,0.0003,-0.012704389992723008,0.5465932488441467,0.2602566182613373
59.561879229999995,148,473,1212416,885.71,2560,-0.13618518840521573,0.27828369140625,1470,4.085897657531314,0.2,0.054014638,0.8965731859207153,0.0003,-0.01210140091025096,0.6038462519645691,0.2584930658340454
62.55696390999999,149,472,1220608,911.01,2584,-0.1181363889016211,0.31077880859375,1480,5.688696022005752,0.2,0.049134843,0.7927950620651245,0.0003,-0.013590814394774497,0.8955239653587341,0.25565066933631897
59.91236839000001,150,471,1228800,908.56,2605,-0.11333261812105774,0.3333984375,1490,3.1681991760153325,0.2,0.05826681,0.8654703497886658,0.0003,-0.011171855302382027,0.3943513035774231,0.2568192481994629
58.3754154,151,471,1236992,899.35,2625,-0.11550733484327794,0.2445556640625,1500,5.41469559809193,0.2,0.040983513,0.819873571395874,0.0003,-0.015045167310745455,0.6847888231277466,0.255652517080307
56.10319048,152,470,1245184,887.23,2647,-0.09870538851246238,0.285791015625,1510,4.647309181164019,0.2,0.05022694,0.8514463305473328,0.0003,-0.015230425142726744,0.8538964986801147,0.2528607249259949
52.63820654999999,153,469,1253376,858.25,2668,-0.08033321807160973,0.28226318359375,1520,6.061973220249638,0.2,0.04815549,0.8500415086746216,0.0003,-0.016538476844289107,0.9970025420188904,0.25129950046539307
49.8409229,154,469,1261568,824.95,2689,-0.07975088693201542,0.32724609375,1530,4.7121161260642115,0.2,0.06049292,0.8169282674789429,0.0003,-0.013766533205671293,0.4148533344268799,0.25102874636650085
51.320617190000014,155,468,1269760,836.9,2711,-0.07458086013793945,0.27864990234375,1540,6.526881808415055,0.2,0.041891336,0.8380535244941711,0.0003,-0.01006560574096511,3.385009527206421,0.2503320574760437
53.192231839999984,156,467,1277952,851.41,2734,-0.05941722150892019,0.328857421875,1550,4.149679570947773,0.2,0.059309587,0.8466314077377319,0.0003,-0.005363805703063917,0.34820958971977234,0.24834591150283813
55.784142769999995,157,466,1286144,879.71,2755,-0.04490140145644546,0.34940185546875,1560,2.204977989173494,0.2,0.10689329,0.9197127819061279,0.0003,-0.00898591910736286,0.14108115434646606,0.24701213836669922
52.68348267,158,466,1294336,853.78,2777,-0.020282410271465778,0.27684326171875,1570,4.271534223342314,0.2,0.04528635,0.7915698885917664,0.0003,-0.011336359758479376,0.4437166154384613,0.24354255199432373
49.133681819999985,159,465,1302528,822.15,2798,0.013128456473350526,0.31009521484375,1580,2.704753831611015,0.2,0.06552468,0.9289184808731079,0.0003,-0.013700265062379913,1.5206202268600464,0.23837894201278687
40.927375389999995,160,464,1310720,731.25,2819,0.04485207190737128,0.2852783203125,1590,9.25992540079169,0.2,0.045650773,0.8017992377281189,0.0003,-0.0137654336180276,2.2615458965301514,0.2364860475063324
30.446395550000002,161,464,1318912,638.86,2841,0.05858337422832847,0.25184326171875,1600,12.349210287816822,0.2,0.035020478,0.7735899686813354,0.0003,-0.015601067086936381,2.7018814086914062,0.23575522005558014
20.30497571,162,463,1327104,555.29,2862,0.08111190982162952,0.27855224609375,1610,12.046408038027584,0.2,0.04485812,0.8641067743301392,0.0003,-0.013906331112775661,3.8304214477539062,0.23163414001464844
10.34616346,163,462,1335296,464.63,2884,0.08826290806755424,0.3270751953125,1620,8.145074670109897,0.2,0.056085646,0.9099262952804565,0.0003,-0.005924244037669268,5.310903072357178,0.23387287557125092
3.8640430199999996,164,462,1343488,411.36,2907,0.07955896658822895,0.32015380859375,1630,8.16246803207323,0.2,0.06088989,0.8728095293045044,0.0003,-0.010822111229572329,2.3189549446105957,0.23383687436580658
2.814949050000001,165,461,1351680,401.8,2929,0.07729987939819694,0.33135986328125,1640,5.419356285082176,0.2,0.05307046,0.9155734777450562,0.0003,-0.008778182600872242,1.368363618850708,0.23397919535636902
2.3398432,166,460,1359872,397.15,2951,0.08356556668877602,0.29676513671875,1650,7.71223587510176,0.2,0.045394428,0.9193070530891418,0.0003,-0.01047094122859562,6.205785274505615,0.23432648181915283
2.5383922000000005,167,460,1368064,399.58,2973,0.08282123412936926,0.3408203125,1660,8.726934969238936,0.2,0.055356063,0.9057484269142151,0.0003,-0.003950194357639702,1.2674076557159424,0.23191550374031067
1.4733052299999994,168,459,1376256,390.04,2994,0.09857386043295265,0.32535400390625,1670,5.746942938212305,0.2,0.055277906,0.9173181056976318,0.0003,-0.009418116923734487,5.160929203033447,0.23096132278442383
2.67204519,169,458,1384448,397.7,3016,0.12215527696534992,0.33062744140625,1680,5.041974937496707,0.2,0.05483605,0.9240718483924866,0.0003,-0.010542710356094175,3.0614168643951416,0.22801867127418518
3.4436951699999994,170,458,1392640,402.15,3039,0.13574390895664692,0.3521240234375,1690,4.674563445430249,0.2,0.062268883,0.9342281222343445,0.0003,-0.007470538434790797,5.952007293701172,0.22653153538703918
4.779656660000001,171,457,1400832,412.15,3061,0.1358543739654124,0.30184326171875,1700,4.725086896633729,0.2,0.045509983,0.9441377520561218,0.0003,-0.012429632323255646,0.8362959623336792,0.22800157964229584
4.584604620000001,172,456,1409024,409.53,3083,0.16139267925173045,0.325244140625,1710,5.7434839987196025,0.2,0.047548868,0.9390388131141663,0.0003,-0.00905761555841309,2.4979021549224854,0.22419603168964386
4.26335161,173,456,1417216,405.88,3105,0.16654331618919968,0.34852294921875,1720,4.378983636759221,0.2,0.05436866,0.9485764503479004,0.0003,-0.0005015034643292893,1.9220720529556274,0.2237626016139984
3.2753839099999995,174,455,1425408,396.89,3128,0.1755819648504257,0.363427734375,1730,3.19367165833246,0.2,0.06710327,0.9687317609786987,0.0003,0.0013274943095893832,1.0948880910873413,0.22226905822753906
2.87594865,175,454,1433600,393.5,3151,0.1798764201812446,0.301708984375,1740,2.6768825076287612,0.2,0.049343415,0.9724670648574829,0.0003,-0.0020274216343750596,0.565226674079895,0.2227763682603836
4.042022530000001,176,454,1441792,397.08,3172,0.17091263607144355,0.31064453125,1750,4.538107247836888,0.2,0.045396373,0.9502922296524048,0.0003,-0.009072769082922604,1.746640682220459,0.22245997190475464
4.336825050000001,177,453,1449984,396.48,3194,0.16732404297217726,0.35352783203125,1760,1.6982988133560866,0.2,0.05501809,0.9722978472709656,0.0003,-0.00017731844127411023,0.7344040274620056,0.22284719347953796
5.9551276,178,453,1458176,408.91,3215,0.19257819475606083,0.3356201171875,1770,2.038193556270562,0.2,0.0671755,0.9706452488899231,0.0003,-0.01083303955192605,0.4968950152397156,0.21923673152923584
6.707800509999999,179,452,1466368,413.86,3237,0.23335576355457305,0.30538330078125,1780,3.3384049650048837,0.2,0.06261348,0.9405160546302795,0.0003,-0.011692660968401469,0.6120060086250305,0.21459120512008667
8.38112584,180,452,1474560,424.18,3259,0.25521437330171465,0.32396240234375,1790,1.6593762613250873,0.2,0.05498923,0.9729480743408203,0.0003,-0.01178010763196653,0.268972784280777,0.2119225710630417
8.80170539,181,451,1482752,429.09,3281,0.3075216586701572,0.33154296875,1800,1.7977104857796804,0.2,0.058153152,0.9656651616096497,0.0003,-0.012100351504523132,1.58683180809021,0.20599132776260376
10.18798421,182,451,1490944,444.09,3304,0.3529152922332287,0.3087646484375,1810,3.373819744028151,0.2,0.057569556,0.9602914452552795,0.0003,-0.01381798303045798,1.7561075687408447,0.20249542593955994
10.531363419999998,183,450,1499136,448.85,3326,0.391590959392488,0.3230712890625,1820,2.9869422836229207,0.2,0.06321266,0.9507481455802917,0.0003,-0.013933435670332983,0.35476505756378174,0.19813433289527893
11.07436963,184,450,1507328,451.64,3347,0.42617005920037626,0.329248046875,1830,2.461967695155181,0.2,0.06998176,0.9589942693710327,0.0003,-0.014126161423064332,0.8625472784042358,0.19577032327651978
11.897283889999997,185,449,1515520,458.64,3369,0.4344164168927819,0.33460693359375,1840,2.2980585477664137,0.2,0.07005747,0.9570835828781128,0.0003,-0.010768147368162317,1.2078584432601929,0.19505073130130768
11.827086349999997,186,449,1523712,456.44,3391,0.4527173340320587,0.31488037109375,1850,2.5165289310272785,0.2,0.057633042,0.9539595246315002,0.0003,-0.013738452233883435,2.8432164192199707,0.19251129031181335
11.76495605,187,448,1531904,455.39,3412,0.4586266286671162,0.30732421875,1860,2.1914551955414936,0.2,0.057108484,0.9671391844749451,0.0003,-0.009782808037107316,0.47926273941993713,0.19337059557437897
11.91920433,188,448,1540096,455.25,3435,0.4722239295952022,0.3659423828125,1870,2.2396264656912535,0.2,0.071060225,0.9533646702766418,0.0003,-0.013009426381177035,0.32177793979644775,0.18989568948745728
13.34251283,189,447,1548288,467.47,3457,0.5017673095222562,0.33504638671875,1880,2.0605271510081367,0.2,0.06168872,0.9648316502571106,0.0003,-0.01185485680216516,0.15610860288143158,0.1873917132616043
14.040386839999998,190,447,1556480,472.84,3478,0.546102286176756,0.3145751953125,1890,2.8219411942642183,0.2,0.055963457,0.9471692442893982,0.0003,-0.0121365791930657,0.56693035364151,0.18247324228286743
14.589287070000001,191,446,1564672,478.18,3500,0.5999669697135687,0.3380615234375,1900,2.1403474796097726,0.2,0.065205485,0.9577115774154663,0.0003,-0.009817144287080738,0.4204910099506378,0.17790943384170532
14.644097630000001,192,446,1572864,480.29,3521,0.639316137554124,0.35279541015625,1910,1.9123786918469705,0.2,0.07977681,0.9622347950935364,0.0003,-0.0090021078332029,0.27937817573547363,0.17540355026721954
14.92051262,193,446,1581056,484.4,3542,0.6565549117513001,0.337939453125,1920,2.1251176262972877,0.2,0.06482856,0.9678066968917847,0.0003,-0.010512762386133545,0.7538864612579346,0.1746804118156433
15.213859029999995,194,446,1589248,490.97,3563,0.6786807722877711,0.326220703125,1930,3.7463080010376872,0.2,0.06801921,0.9459180235862732,0.0003,-0.009871589521253554,0.6194369196891785,0.1715019941329956
14.073664459999998,195,445,1597440,478.37,3583,0.6990582664962858,0.37369384765625,1940,2.4661966775078326,0.2,0.08443987,0.9592790603637695,0.0003,-0.012692115017307515,2.4500510692596436,0.1691598743200302
13.755697519999998,196,445,1605632,478.54,3604,0.7334768162108958,0.35828857421875,1950,2.9158928179182113,0.2,0.081098944,0.9547000527381897,0.0003,-0.006379788464892044,0.2203911691904068,0.1682061105966568
13.551775429999998,197,445,1613824,476.23,3624,0.7327228255569935,0.38450927734375,1960,3.113183076563291,0.2,0.089175016,0.949013352394104,0.0003,-0.01013724783060752,1.36101233959198,0.1676403284072876
14.419880639999999,198,444,1622016,487.9,3645,0.7506972107104957,0.38358154296875,1970,2.3966745503013955,0.2,0.07930376,0.9549582600593567,0.0003,-0.007866348688366998,1.72407066822052,0.16504308581352234
15.685811920000003,199,444,1630208,497.75,3666,0.7776159107685089,0.353564453125,1980,4.268834076775238,0.2,0.07200128,0.9332852959632874,0.0003,-0.010000737928021409,2.7082483768463135,0.16290919482707977
16.824755160000002,200,444,1638400,506.14,3686,0.8119787921663374,0.3676025390625,1990,3.5467966242926194,0.2,0.079397425,0.9212021231651306,0.0003,-0.010224991204268008,0.8596997261047363,0.16048680245876312
17.99223616,201,444,1646592,521.64,3707,0.8440408595371991,0.35609130859375,2000,3.1518646221607924,0.2,0.07561557,0.9469812512397766,0.0003,-0.009050666731309321,1.307294249534607,0.15767082571983337
18.439578470000004,202,443,1654784,525.03,3728,0.872691948339343,0.38955078125,2010,4.661443738779053,0.2,0.092412636,0.913870632648468,0.0003,-0.010954512068565236,0.8982958793640137,0.15567663311958313
19.49430724,203,443,1662976,534.59,3749,0.9158053886145353,0.37952880859375,2020,4.225054376292974,0.2,0.11584374,0.9104241132736206,0.0003,-0.007300828515144531,0.9611567258834839,0.15159398317337036
20.26915823,204,443,1671168,540.61,3770,0.9498364385683089,0.40396728515625,2030,3.807535416772589,0.2,0.09853304,0.9261282682418823,0.0003,-0.006559891141114349,1.3487627506256104,0.1498948633670807
22.762282260000006,205,442,1679360,560.98,3792,0.9667499250266701,0.39630126953125,2040,3.3022168623283505,0.2,0.09615272,0.9188522696495056,0.0003,-0.009177596538847865,0.9341492056846619,0.14803451299667358
21.86952936,206,442,1687552,552.37,3812,0.9854937409516424,0.3982421875,2050,3.166360319266096,0.2,0.10841465,0.9092512130737305,0.0003,-0.006552476284923614,0.6313360929489136,0.1474514752626419
22.961166970000004,207,442,1695744,557.19,3832,0.988258235808462,0.364501953125,2060,4.2053185139084235,0.2,0.10220078,0.9183676242828369,0.0003,-0.006949720375178004,0.5009523630142212,0.14801615476608276
22.97672393,208,442,1703936,553.96,3854,0.9876813747454435,0.37579345703125,2070,4.163500751601532,0.2,0.10831625,0.9131606817245483,0.0003,-0.008954634673864348,0.4490257799625397,0.147369384765625
22.873572749999997,209,441,1712128,550.35,3875,1.0065574999433011,0.37734375,2080,4.4901832092553375,0.2,0.10006568,0.9238659143447876,0.0003,-0.010206974119500955,2.075888156890869,0.14623361825942993
24.733786280000004,210,441,1720320,568.35,3896,1.0245489412918687,0.392431640625,2090,4.513173355767504,0.2,0.094436675,0.9248065948486328,0.0003,-0.00510065162598039,0.9711437225341797,0.14455997943878174
24.19485999,211,441,1728512,560.01,3918,1.0522725257091223,0.3873779296875,2100,5.489315673848614,0.2,0.08866082,0.8654226064682007,0.0003,-0.007821646408137895,2.0046546459198,0.14270436763763428
25.420240070000006,212,440,1736704,573.76,3938,1.0595000841654838,0.42030029296875,2110,3.080601046816446,0.2,0.11071181,0.9132562875747681,0.0003,-0.00223668688838643,2.1919634342193604,0.1429429054260254
25.789152569999995,213,440,1744896,576.4,3959,1.0737605167552828,0.4049560546875,2120,3.431230475613847,0.2,0.11831062,0.9018169045448303,0.0003,-0.0027847125729749678,0.8177162408828735,0.1414034366607666
25.665633150000005,214,440,1753088,576.95,3980,1.071997345238924,0.35860595703125,2130,4.5395598049741235,0.2,0.08892208,0.9095742702484131,0.0003,-0.009391971201966953,1.033635139465332,0.1422002911567688
26.02873254,215,440,1761280,579.85,4001,1.0719738511368633,0.38856201171875,2140,3.772843623557128,0.2,0.10881679,0.9108784198760986,0.0003,-0.006654357343904849,1.287956953048706,0.14193756878376007
27.69075602000001,216,439,1769472,596.52,4022,1.091335711721331,0.37611083984375,2150,4.566070819739252,0.2,0.09940963,0.9091364145278931,0.0003,-0.006993685017005191,2.2057337760925293,0.13977740705013275
28.833952129999997,217,439,1777664,610.9,4043,1.1110327173955739,0.3907958984375,2160,4.851595024787821,0.2,0.099506214,0.8718323111534119,0.0003,-0.0033625827086780193,2.5289766788482666,0.13961809873580933
29.495612379999994,218,439,1785856,618.47,4064,1.109615098312497,0.418994140625,2170,4.094545694440603,0.2,0.124757856,0.8648111820220947,0.0003,-0.0035546170103771145,0.6555489897727966,0.13961127400398254
31.191578120000003,219,439,1794048,637.1,4085,1.1199094240553678,0.40740966796875,2180,4.326185051212088,0.2,0.09577386,0.8800764679908752,0.0003,-0.005336403483488539,1.9126189947128296,0.1378844976425171
30.396769729999995,220,438,1802240,630.9,4106,1.1276422476395964,0.4190673828125,2190,3.018706663697958,0.2,0.111761555,0.9140913486480713,0.0003,-0.0027718134138922323,1.98288094997406,0.13855797052383423
31.784078209999997,221,438,1810432,646.57,4127,1.1281183757819235,0.37939453125,2200,2.941203611670062,0.2,0.09398307,0.909354031085968,0.0003,-0.00930552579666255,0.36041200160980225,0.13863340020179749
32.87926607,222,438,1818624,659.16,4148,1.13983588013798,0.40831298828125,2210,2.2954209936084227,0.2,0.10944565,0.9285869002342224,0.0003,-0.004032747858036601,0.2275519222021103,0.13705871999263763
33.71580166,223,438,1826816,669.41,4169,1.1620384405367077,0.38167724609375,2220,4.006063994485885,0.2,0.08713567,0.9130030870437622,0.0003,-0.007424570978764677,0.8782631158828735,0.13611257076263428
33.87982675,224,437,1835008,674.52,4190,1.1597376386635005,0.38201904296875,2230,4.232403346407227,0.2,0.10900006,0.8702116012573242,0.0003,-0.0038161584472618413,2.6214089393615723,0.13623222708702087
34.78280572,225,437,1843200,684.5,4211,1.1704300581477582,0.40985107421875,2240,3.4449315821286293,0.2,0.098489,0.9157829880714417,0.0003,-0.006423112353513716,0.6277530789375305,0.13575014472007751
34.6222617,226,437,1851392,688.35,4232,1.1800537155941129,0.42999267578125,2250,2.27938722721301,0.2,0.11872282,0.9316235184669495,0.0003,-0.005672845957269601,0.29161587357521057,0.13415604829788208
34.01344003,227,437,1859584,684.77,4253,1.2160806170664729,0.38895263671875,2260,3.83309575158637,0.2,0.101473615,0.9150567054748535,0.0003,-0.007434366537563619,0.6155661344528198,0.13188627362251282
33.77127761,228,436,1867776,683.14,4275,1.2175990046933294,0.410693359375,2270,2.630919231986627,0.2,0.0984297,0.923116147518158,0.0003,-0.003592833227594383,0.6668887138366699,0.13295184075832367
34.3627886,229,436,1875968,691.8,4295,1.2309194441884757,0.3782958984375,2280,4.016270172526129,0.2,0.105372846,0.8980411291122437,0.0003,-0.009140503656090005,0.42385825514793396,0.1311219483613968
33.63901823,230,436,1884160,690.34,4315,1.2502649130299688,0.3890380859375,2290,3.7161586210131645,0.2,0.1310809,0.9087406396865845,0.0003,-0.003945063944411231,1.2463797330856323,0.12991462647914886
33.17861756,231,436,1892352,689.73,4335,1.270577588211745,0.41416015625,2300,4.630253567174077,0.2,0.113849536,0.9092376828193665,0.0003,-0.009972182501769566,5.042328834533691,0.12838833034038544
31.313528670000004,232,436,1900544,671.1,4350,1.2935864662751555,0.38851318359375,2310,4.799078048625961,0.2,0.11904737,0.8808550834655762,0.0003,-0.00737227774297935,0.45382118225097656,0.1275370568037033
28.944376129999995,233,437,1908736,662.77,4365,1.294450633134693,0.4245849609375,2320,3.6910915370099247,0.2,0.13222101,0.9008290767669678,0.0003,-0.006395130828605033,2.5294880867004395,0.1275646686553955
26.74803767000001,234,437,1916928,641.48,4379,1.303556958772242,0.426806640625,2330,3.665675589023158,0.2,0.12196079,0.9110583066940308,0.0003,-0.008003354640095495,0.4306924641132355,0.126872718334198
26.78554976,235,438,1925120,641.96,4394,1.325423146598041,0.40804443359375,2340,4.173461271217093,0.2,0.1207298,0.9330496191978455,0.0003,-0.0061134345420214235,1.4244757890701294,0.12530094385147095
27.724570770000003,236,438,1933312,648.64,4410,1.3407556041143835,0.42608642578125,2350,3.2422494563041253,0.2,0.11688544,0.9276585578918457,0.0003,-0.005640025091270218,2.793781280517578,0.12496748566627502
27.740234789999995,237,438,1941504,648.72,4426,1.3537525763735174,0.4340087890625,2360,2.659502878575586,0.2,0.11671595,0.914654552936554,0.0003,-0.003922031104957568,0.5986822247505188,0.12408728897571564
27.659476870000002,238,438,1949696,642.19,4442,1.3695729924365878,0.396484375,2370,4.820444819610566,0.2,0.09865466,0.9114305377006531,0.0003,-0.008971770336211193,1.1769893169403076,0.12235838174819946
28.693760099999995,239,438,1957888,649.15,4461,1.3739994065836072,0.429833984375,2380,3.587655321927741,0.2,0.13197038,0.9202585220336914,0.0003,-0.0056676614467505715,2.6027283668518066,0.1225232183933258
29.458422879999993,240,438,1966080,641.91,4481,1.3873634589836001,0.4304443359375,2390,3.9151138805318624,0.2,0.11104724,0.9022535085678101,0.0003,-0.008967373944415158,1.9301167726516724,0.12156488001346588
30.382568420000002,241,438,1974272,642.76,4501,1.3941765416413545,0.408837890625,2400,3.7823696746490896,0.2,0.12791324,0.9225763082504272,0.0003,-0.00463220185447426,0.5467258095741272,0.12094341963529587
32.40141326,242,438,1982464,657.19,4520,1.400307351909578,0.40765380859375,2410,3.2282828786643223,0.2,0.11779812,0.9169005751609802,0.0003,-0.008012767629224982,1.2385053634643555,0.12134017050266266
33.861056999999995,243,438,1990656,667.61,4540,1.4008121842518448,0.42156982421875,2420,2.8121380616445095,0.2,0.11345835,0.9225865006446838,0.0003,-0.004614706376560207,0.6012617945671082,0.12080345302820206
32.402363879999996,244,438,1998848,653.12,4562,1.4064650961197913,0.4473876953125,2430,2.2724655263358726,0.2,0.1274886,0.9306926131248474,0.0003,-0.006447893249060144,0.4087415039539337,0.12063814699649811
32.92463004,245,437,2007040,656.03,4584,1.4121804830618203,0.4068603515625,2440,2.7460473774001004,0.2,0.09129059,0.9266952872276306,0.0003,-0.00488725813174824,0.4889013469219208,0.12044459581375122
