time/time_elapsed,rollout/ep_rew_mean,time/fps,time/total_timesteps,rollout/ep_len_mean,time/iterations,train/value_loss,train/clip_fraction,train/explained_variance,train/entropy_loss,train/clip_range,train/approx_kl,train/learning_rate,train/loss,train/std,train/policy_gradient_loss,train/n_updates
14,1.0517384693877552,574,8192,166.30612244897958,1,,,,,,,,,,,
33,1.2908639583333334,491,16384,169.23958333333334,2,0.1814028774489998,0.057080078125,-0.3084855079650879,-2.8816548570990563,0.2,0.006875648,0.0003,-0.004658117890357971,1.0326764583587646,-0.007677632029481174,10
53,2.18528525,462,24576,180.73,3,0.11456414025160484,0.067138671875,0.7019901275634766,-2.906113930977881,0.2,0.0066921003,0.0003,0.026610128581523895,1.040610432624817,-0.008623662912941654,20
72,3.6827728100000003,450,32768,198.38,4,0.14944147463247645,0.09989013671875,0.8571168184280396,-2.913672434352338,0.2,0.009061717,0.0003,0.058078132569789886,1.0366499423980713,-0.01387627240146685,30
91,6.93976939,445,40960,238.31,5,0.352023829537211,0.0922607421875,0.8043612241744995,-2.8950938314199446,0.2,0.009083054,0.0003,0.115095354616642,1.0274087190628052,-0.012192264123950736,40
111,10.567294080000002,439,49152,278.84,6,0.5138016730663366,0.11514892578125,0.747390866279602,-2.8696839256212114,0.2,0.011934781,0.0003,0.2601909935474396,1.0099388360977173,-0.015037885097444813,50
130,14.817134219999998,439,57344,327.03,7,0.6033359010238201,0.1118896484375,0.7906118631362915,-2.830832014977932,0.2,0.010867396,0.0003,0.2891313433647156,0.9908169507980347,-0.016037440022228112,60
149,18.77028782,439,65536,369.56,8,0.6269323427695781,0.09779052734375,0.7953298091888428,-2.784824478812516,0.2,0.010124999,0.0003,0.4520450830459595,0.9684405326843262,-0.0115454603015678,70
167,23.788323289999997,439,73728,424.19,9,0.549803962756414,0.09752197265625,0.8450716733932495,-2.7522872660309075,0.2,0.009258478,0.0003,0.19856522977352142,0.9543881416320801,-0.011967292324698064,80
184,29.08896044,444,81920,476.94,10,0.5226693938544485,0.09578857421875,0.8990013599395752,-2.72520738132298,0.2,0.009581843,0.0003,0.06720221787691116,0.9418380260467529,-0.011922741710804985,90
202,33.13958726,445,90112,515.75,11,0.7542293459177017,0.099462890625,0.877346396446228,-2.6823283610865474,0.2,0.010921788,0.0003,0.3098605275154114,0.916624903678894,-0.012404453863018717,100
219,37.93972998,446,98304,562.5,12,0.5096058255410754,0.09962158203125,0.9227443933486938,-2.645403594709933,0.2,0.012209006,0.0003,0.24963930249214172,0.9063440561294556,-0.010678843656751268,110
237,41.65057439000001,447,106496,598.71,13,0.4805009732779581,0.082861328125,0.9303135871887207,-2.6424204705283048,0.2,0.008702254,0.0003,0.07226312160491943,0.907077431678772,-0.009392346544518659,120
254,45.951897069999994,449,114688,639.06,14,0.5075401310343295,0.10794677734375,0.9412615299224854,-2.6336787562817334,0.2,0.011855833,0.0003,0.09977802634239197,0.8994418382644653,-0.013085144629440038,130
271,48.61836490999999,452,122880,665.45,15,0.5211859115806874,0.09969482421875,0.9505206346511841,-2.6128889087587597,0.2,0.009705618,0.0003,0.09912832826375961,0.8910433053970337,-0.010405080902455666,140
288,51.86488265,453,131072,695.46,16,0.5059808967576828,0.10374755859375,0.9544948935508728,-2.5944679511711,0.2,0.010032324,0.0003,0.09988819062709808,0.8852729797363281,-0.011564266483583196,150
306,54.922272830000004,455,139264,730.5,17,0.5935892060981132,0.09930419921875,0.9508001208305359,-2.6052556321024896,0.2,0.0105571095,0.0003,0.21575184166431427,0.8913296461105347,-0.010246375954011455,160
323,56.42815046,455,147456,744.99,18,0.5732425874390173,0.1008544921875,0.9603152871131897,-2.598868673108518,0.2,0.011598158,0.0003,0.05758514255285263,0.8803105354309082,-0.01396545372372202,170
340,58.182357419999995,456,155648,763.79,19,0.3769004764035344,0.11314697265625,0.9747734069824219,-2.5428063182160257,0.2,0.012122102,0.0003,0.1358415186405182,0.8528246879577637,-0.010220684296655236,180
358,58.89992945,457,163840,771.85,20,0.5852738241897896,0.09808349609375,0.9667431712150574,-2.4982011310756205,0.2,0.011601907,0.0003,0.21348412334918976,0.8397313356399536,-0.014005178009210795,190
375,61.036184340000005,457,172032,795.49,21,0.6182959137368016,0.12239990234375,0.9780510067939758,-2.4812614314258097,0.2,0.012616208,0.0003,0.05901547521352768,0.8372582197189331,-0.013162284198915585,200
393,62.73192550999999,458,180224,816.23,22,0.7078960099606775,0.1175537109375,0.9652994871139526,-2.4760752299800517,0.2,0.012306686,0.0003,0.15715256333351135,0.8330423831939697,-0.01281335220519395,210
409,64.23637786,459,188416,835.54,23,0.33738874713890254,0.1233642578125,0.9795135259628296,-2.460986841097474,0.2,0.014314614,0.0003,0.10594983398914337,0.8266866207122803,-0.013574142915967969,220
426,65.14525105000001,460,196608,846.51,24,0.6401057091483381,0.11932373046875,0.9700984358787537,-2.4475940888747574,0.2,0.014008081,0.0003,0.05330415815114975,0.8190594911575317,-0.014639949356023862,230
445,66.79661008,460,204800,865.44,25,0.671822260983754,0.12703857421875,0.9722513556480408,-2.420335590466857,0.2,0.015360216,0.0003,0.037443678826093674,0.8086504340171814,-0.01541495909787045,240
462,67.97621398999999,460,212992,875.03,26,0.5672010082635097,0.125048828125,0.972509503364563,-2.4143266865983604,0.2,0.01514763,0.0003,0.18562760949134827,0.8076916933059692,-0.01424054133003665,250
480,70.60062805999999,460,221184,908.38,27,0.9214105660328642,0.11495361328125,0.9575033187866211,-2.4062603997066616,0.2,0.014498949,0.0003,0.16643768548965454,0.8049240112304688,-0.015811197232687847,260
498,71.62820946999999,459,229376,914.64,28,1.508484010421671,0.10384521484375,0.948390781879425,-2.3977732118219137,0.2,0.01209321,0.0003,0.2183869332075119,0.8013302087783813,-0.012714618002064526,270
514,72.28303982999999,461,237568,917.13,29,1.1924493688507938,0.12222900390625,0.9546765089035034,-2.402418954111636,0.2,0.013554361,0.0003,0.27737435698509216,0.8051008582115173,-0.01273875007591414,280
530,74.64137555,463,245760,940.9,30,2.062400338856969,0.11942138671875,0.9456437826156616,-2.384663823992014,0.2,0.015172682,0.0003,0.47755712270736694,0.7892715930938721,-0.012643893847871368,290
545,75.5997567,465,253952,950.24,31,1.0360653067356906,0.14891357421875,0.9574503302574158,-2.3526640122756364,0.2,0.017853595,0.0003,0.12355212867259979,0.7766357660293579,-0.016611893161098124,300
561,75.35597318,467,262144,947.61,32,1.8650862324633635,0.13177490234375,0.9442954063415527,-2.311548232473433,0.2,0.016861154,0.0003,0.4939921200275421,0.7633345127105713,-0.014362702902326418,310
576,78.08254714,469,270336,981.15,33,1.9059849841985852,0.14090576171875,0.9560384154319763,-2.291019324027002,0.2,0.016552672,0.0003,0.2875533401966095,0.7574758529663086,-0.011903778506348318,320
591,78.72183582,470,278528,988.69,34,1.371503368834965,0.1586669921875,0.9354122281074524,-2.2688332185149194,0.2,0.017043427,0.0003,0.22205743193626404,0.7499095797538757,-0.013346282924248953,330
606,79.13512461,472,286720,989.64,35,1.1942676000995562,0.1486328125,0.960321307182312,-2.2466554841026665,0.2,0.018126214,0.0003,0.24641142785549164,0.7397748827934265,-0.012900356823047332,340
622,79.53084285,473,294912,995.06,36,1.8714851241675206,0.135400390625,0.9447786211967468,-2.2380854845047,0.2,0.01506387,0.0003,0.6082324981689453,0.74347984790802,-0.008965897140660673,350
638,79.09040395000001,475,303104,993.11,37,1.2681180113228039,0.14444580078125,0.9462888836860657,-2.239264607988298,0.2,0.017518794,0.0003,0.18536406755447388,0.7361689805984497,-0.01233065401429485,360
653,80.81567077000001,476,311296,1017.57,38,2.119684078427963,0.14393310546875,0.9431054592132568,-2.234333109855652,0.2,0.01832807,0.0003,0.34490644931793213,0.7413221001625061,-0.013827852566282672,370
670,81.47366765,476,319488,1025.09,39,2.7008495723595844,0.15867919921875,0.9356993436813354,-2.244210353679955,0.2,0.017674368,0.0003,0.6384603381156921,0.744288444519043,-0.012890345974665252,380
685,81.61829816,477,327680,1026.01,40,2.4507983278948813,0.14779052734375,0.9339434504508972,-2.2424957171082496,0.2,0.016697079,0.0003,4.899331569671631,0.7420526742935181,-0.010812461717614496,390
701,86.50107579999998,478,335872,1080.66,41,1.9186507256003096,0.15887451171875,0.952845573425293,-2.2360077515244483,0.2,0.015442911,0.0003,0.4126072824001312,0.7402238249778748,-0.013144012937118532,400
719,90.84385745999998,478,344064,1130.12,42,1.8641625440912322,0.164501953125,0.9201145172119141,-2.212667165696621,0.2,0.020823108,0.0003,0.3740898668766022,0.7264629602432251,-0.013923299602174666,410
737,94.16842331999996,477,352256,1169.21,43,1.4943194419378414,0.16759033203125,0.9306319355964661,-2.1838623408228157,0.2,0.017778978,0.0003,0.16481634974479675,0.7188757658004761,-0.013773144489096011,420
754,93.71445827999997,477,360448,1169.42,44,2.5524071724386888,0.147265625,0.9007150530815125,-2.131395035237074,0.2,0.0178583,0.0003,0.6063889265060425,0.6935102939605713,-0.015324400649569725,430
771,95.63851666999999,477,368640,1192.03,45,1.6979394290945493,0.16336669921875,0.9277167916297913,-2.0943702125921844,0.2,0.020588115,0.0003,0.25157448649406433,0.6871919631958008,-0.010380291259025398,440
788,98.56362757999999,477,376832,1227.05,46,2.108076906925999,0.18138427734375,0.9000205993652344,-2.074399386718869,0.2,0.019067027,0.0003,0.17632505297660828,0.6869902610778809,-0.0152749507327826,450
804,104.40751632,478,385024,1293.8,47,1.0922340860939586,0.165087890625,0.9273794889450073,-2.057202418334782,0.2,0.019377135,0.0003,0.3566132187843323,0.674647331237793,-0.014547846529603703,460
819,109.65348974999999,479,393216,1353.01,48,1.0361667693476193,0.1765625,0.9075204133987427,-2.017851311247796,0.2,0.02142619,0.0003,0.4442182779312134,0.6599037647247314,-0.01517306510504568,470
835,113.97510289999998,480,401408,1403.44,49,0.7435292495647445,0.1663818359375,0.9017539024353027,-1.9803815252147614,0.2,0.019193001,0.0003,0.13588571548461914,0.6486338376998901,-0.013898668921046919,480
852,116.23674905999998,480,409600,1426.42,50,1.3808690509526058,0.15274658203125,0.9214898347854614,-1.9541579449549318,0.2,0.018379856,0.0003,0.13549411296844482,0.6386758089065552,-0.014817461804432242,490
871,118.83162764000001,479,417792,1455.45,51,0.7575475820689462,0.16949462890625,0.9337085485458374,-1.9363920398056507,0.2,0.01910151,0.0003,0.14052903652191162,0.638056218624115,-0.011553499092588026,500
889,123.86572498,478,425984,1509.81,52,0.7931111903046257,0.1510986328125,0.8933714032173157,-1.9046971729025244,0.2,0.018789617,0.0003,0.11440737545490265,0.6210036873817444,-0.012802091955290962,510
906,128.59306681,478,434176,1559.43,53,0.7265096898772754,0.15426025390625,0.9400795698165894,-1.8717155712656677,0.2,0.018638384,0.0003,0.22874152660369873,0.6168806552886963,-0.011684299481748895,520
923,133.91866786999998,478,442368,1616.95,54,1.2812909273896367,0.15487060546875,0.9226648211479187,-1.856037775054574,0.2,0.019579042,0.0003,0.11953967809677124,0.6082851886749268,-0.012813616660514527,530
940,139.11059151999999,478,450560,1672.3,55,1.393032278737519,0.16827392578125,0.890762209892273,-1.8357240153476595,0.2,0.020730095,0.0003,0.24417400360107422,0.6058341264724731,-0.01367751371290069,540
957,142.82363747,479,458752,1710.42,56,0.8260009908524808,0.17763671875,0.9050448536872864,-1.8100298107601702,0.2,0.021946328,0.0003,0.06088614463806152,0.5943647623062134,-0.0109398917242288,550
972,147.58863614,480,466944,1755.41,57,0.8610657426645048,0.16298828125,0.8669742941856384,-1.7732769748196007,0.2,0.019539326,0.0003,0.24318651854991913,0.5840023756027222,-0.013257372304360615,560
988,151.91560291,480,475136,1798.46,58,0.7200127384276129,0.18173828125,0.9025449752807617,-1.7489577149040998,0.2,0.021110434,0.0003,0.1288512647151947,0.5767629146575928,-0.01311481720294978,570
1004,155.33247009,481,483328,1832.26,59,2.623185665276833,0.14990234375,0.8553391098976135,-1.7219735737890005,0.2,0.019028675,0.0003,0.28006893396377563,0.5716263055801392,-0.012469269094981427,580
1019,162.124028,481,491520,1899.58,60,1.763349840301089,0.1929931640625,0.8842371702194214,-1.7071620567701757,0.2,0.021174429,0.0003,0.17714455723762512,0.5675540566444397,-0.011148498073453084,590
1036,164.54449385,482,499712,1920.09,61,2.154163785977289,0.17255859375,0.8789153695106506,-1.6832313401624561,0.2,0.020640668,0.0003,0.0765502005815506,0.5606548190116882,-0.014991435392221319,600
1053,168.29338142,482,507904,1952.3,62,1.6088828239357098,0.1698974609375,0.8768429756164551,-1.6723881895653903,0.2,0.024042387,0.0003,0.1632118821144104,0.5569292306900024,-0.014743050033575855,610
1069,170.62434492999998,482,516096,1971.79,63,1.9521688371198251,0.14610595703125,0.8954309821128845,-1.6564665970392525,0.2,0.020819936,0.0003,0.3252473473548889,0.5544860363006592,-0.011794156224732432,620
1085,174.06315750000002,482,524288,2004.41,64,4.474638892477378,0.158154296875,0.823524534702301,-1.6467206737957896,0.2,0.022201136,0.0003,2.39214825630188,0.5492579936981201,-0.010663626707719231,630
1103,179.67394010000004,482,532480,2059.59,65,3.758165690628812,0.1759033203125,0.7938674092292786,-1.6205063155852257,0.2,0.022517825,0.0003,1.479445219039917,0.5430499315261841,-0.012602648444044462,640
1120,181.13578139999998,482,540672,2068.27,66,1.257107413141057,0.2091552734375,0.8906931281089783,-1.601679594628513,0.2,0.02589884,0.0003,0.23590655624866486,0.5376393795013428,-0.009840410766810238,650
1136,181.60231230000002,482,548864,2068.23,67,1.7365013674017973,0.17186279296875,0.8961191773414612,-1.5762675079517066,0.2,0.021105675,0.0003,0.17219775915145874,0.5311001539230347,-0.011999253186149871,660
1152,184.71287880999998,483,557056,2095.74,68,2.6536478195805104,0.1654541015625,0.8345637917518616,-1.5636921889148652,0.2,0.021225752,0.0003,0.49565941095352173,0.5262348651885986,-0.011576741323551687,670
1167,185.70202856000003,484,565248,2097.85,69,1.958574178838171,0.21048583984375,0.8720925450325012,-1.5382777907885612,0.2,0.02449856,0.0003,0.29282721877098083,0.5194594264030457,-0.010348388499187422,680
1183,191.46619558000003,484,573440,2152.69,70,1.2172018312267028,0.21795654296875,0.8886767029762268,-1.524987143278122,0.2,0.029758275,0.0003,0.4705907106399536,0.5162261128425598,-0.01455969603102858,690
1199,193.27063160999998,484,581632,2165.82,71,0.7647388368146494,0.22569580078125,0.8469789028167725,-1.4912563398480416,0.2,0.027278489,0.0003,0.04701158404350281,0.503791332244873,-0.014060472181154183,700
1215,194.68058880999996,485,589824,2171.89,72,1.6535191668546758,0.1940185546875,0.8623634576797485,-1.451650871708989,0.2,0.026489187,0.0003,0.6908174753189087,0.4964376986026764,-0.015147737858387699,710
1231,194.17435588999993,485,598016,2156.4,73,1.3233626036788337,0.217041015625,0.8926717638969421,-1.4263548363931478,0.2,0.02802888,0.0003,0.24798786640167236,0.49399447441101074,-0.013573463268585328,720
1247,192.22213126999998,485,606208,2123.84,74,4.104786149924621,0.13009033203125,0.8359898328781128,-1.4168876837939024,0.2,0.019291451,0.0003,0.24098002910614014,0.48928365111351013,-0.00942025131171249,730
1264,194.08408576000002,485,614400,2134.92,75,3.25761345224455,0.2158935546875,0.7863506078720093,-1.389005819708109,0.2,0.031231107,0.0003,1.6463947296142578,0.4831521511077881,-0.0066451966584281765,740
1280,196.60171416999998,486,622592,2155.29,76,2.7220153430709617,0.22142333984375,0.8652648329734802,-1.3803392263129353,0.2,0.0376147,0.0003,0.27031129598617554,0.4791972041130066,-0.006778198897791299,750
1296,194.93303811,486,630784,2129.3,77,3.1380639406852424,0.2136962890625,0.8756870031356812,-1.3674682335928083,0.2,0.026759494,0.0003,0.42121365666389465,0.47645652294158936,-0.009117141769820591,760
1311,192.69759171000004,487,638976,2097.45,78,2.192190290056169,0.23135986328125,0.8523720502853394,-1.3500237062573432,0.2,0.031289488,0.0003,0.24260613322257996,0.4728727638721466,-0.010074323907338112,770
1327,188.45966889,487,647168,2048.82,79,3.951252443646081,0.19515380859375,0.8557116985321045,-1.3536704103462398,0.2,0.029723374,0.0003,1.8768560886383057,0.47944527864456177,-0.007513869966714992,780
1343,190.32373848999998,487,655360,2063.31,80,5.949206950003282,0.16673583984375,0.7598581910133362,-1.3525819905102252,0.2,0.023979042,0.0003,1.5164672136306763,0.47742733359336853,-0.009682115379473544,790
1358,190.14116934999998,488,663552,2058.92,81,2.4661551067139955,0.250732421875,0.808722734451294,-1.3532663557678462,0.2,0.03086369,0.0003,0.3671700656414032,0.47430023550987244,-0.006937525694593205,800
1373,191.77183171000001,488,671744,2073.87,82,2.750394793576561,0.24608154296875,0.7512505650520325,-1.3405483013950288,0.2,0.027586617,0.0003,2.864779472351074,0.4730307459831238,-0.006664546475076349,810
1390,192.59034695999998,489,679936,2079.71,83,2.457256632298231,0.231884765625,0.8035553693771362,-1.330237503349781,0.2,0.032980807,0.0003,0.5392712354660034,0.4701748490333557,-0.005790580709708592,820
1405,192.82572305000002,489,688128,2079.9,84,0.5993004916643259,0.2290771484375,0.8376343846321106,-1.304633450228721,0.2,0.025207108,0.0003,0.06436142325401306,0.4618487060070038,-0.01203522090727347,830
1423,191.78517876,489,696320,2069.83,85,1.6308583808655386,0.2014892578125,0.8393915891647339,-1.2879017751663924,0.2,0.030505124,0.0003,0.11869195103645325,0.4593789577484131,-0.010745776044677769,840
1442,190.17939256999995,488,704512,2053.83,86,1.2861233745352365,0.20023193359375,0.8141737580299377,-1.2703387496992946,0.2,0.024359196,0.0003,0.10972332954406738,0.45520395040512085,-0.003133099992010102,850
1460,179.41725708000004,487,712704,1944.02,87,4.291796142677777,0.17904052734375,0.5867393016815186,-1.277942693606019,0.2,0.02107236,0.0003,3.3288209438323975,0.463814914226532,-0.003381130618890893,860
1479,179.93562957000003,487,720896,1951.0,88,5.9251796211581675,0.1276611328125,0.7776145935058594,-1.2959170038811862,0.2,0.02058106,0.0003,0.7487549185752869,0.46314284205436707,-0.004861623951728689,870
1499,182.35766305000004,486,729088,1976.81,89,3.6630706106545405,0.27471923828125,0.5984643697738647,-1.2935188103467226,0.2,0.035272922,0.0003,0.8084609508514404,0.46092331409454346,-0.004250901695922948,880
1517,180.9919855,485,737280,1964.36,90,1.7559380961582065,0.21636962890625,0.7020912170410156,-1.275154667813331,0.2,0.029687794,0.0003,0.17803215980529785,0.45650431513786316,-0.008889744462248928,890
1533,180.54167836999997,486,745472,1960.85,91,1.4802952907164582,0.2184814453125,0.6697593927383423,-1.2721769047901035,0.2,0.022613298,0.0003,0.3395616114139557,0.45867830514907837,-0.003946005798206897,900
1548,181.04431096,486,753664,1965.39,92,2.1737439977005124,0.2261474609375,0.5775947570800781,-1.2696505468338728,0.2,0.029078402,0.0003,0.11631190776824951,0.45507729053497314,-0.01066813896632084,910
1564,182.94351749999998,487,761856,1986.84,93,0.3878398370288778,0.25115966796875,0.8106895089149475,-1.2566632711328567,0.2,0.028380338,0.0003,0.08692958950996399,0.45313119888305664,-0.015239449772707303,920
1580,184.64651100999998,487,770048,2003.27,94,0.14362178307492285,0.23575439453125,0.9393867254257202,-1.2321530141867698,0.2,0.024948765,0.0003,0.0019544567912817,0.44678795337677,-0.018971371899533553,930
1595,184.12362882999997,487,778240,1996.18,95,0.10840968403790611,0.2096923828125,0.9555568695068359,-1.224289382994175,0.2,0.02304776,0.0003,-0.021968532353639603,0.44567567110061646,-0.016384109301361603,940
1611,182.36496657999996,487,786432,1980.77,96,0.20453739358345047,0.2002197265625,0.8451867699623108,-1.2032378727570177,0.2,0.024116596,0.0003,-0.014160659164190292,0.44113442301750183,-0.012177732436794032,950
1627,185.64141929000002,488,794624,2015.8,97,1.0997556416608858,0.15899658203125,0.6549227237701416,-1.1991051989607513,0.2,0.020857127,0.0003,0.2964908480644226,0.44135910272598267,-0.007495044119605154,960
1643,190.01599672000003,488,802816,2059.22,98,1.9013376505346968,0.178759765625,0.7900723218917847,-1.215613240748644,0.2,0.022972982,0.0003,1.3599350452423096,0.44569075107574463,-0.012489842674131068,970
1658,193.51026925999997,488,811008,2093.41,99,0.46559388294117526,0.2396728515625,0.5671440362930298,-1.2065963464789093,0.2,0.029950675,0.0003,0.08807848393917084,0.4391906261444092,-0.010864901236891456,980
1674,194.24354502000003,489,819200,2099.97,100,0.691398166801082,0.21058349609375,0.7102183699607849,-1.1808897184208036,0.2,0.024522811,0.0003,0.030731648206710815,0.4358289837837219,-0.012352217896659568,990
1690,197.84905701999998,489,827392,2133.13,101,0.6840409977419768,0.2027587890625,0.6655230522155762,-1.1689561130478978,0.2,0.023257688,0.0003,0.20159845054149628,0.43521398305892944,-0.009141545373950066,1000
1706,197.88696602,489,835584,2129.95,102,0.14767098379379603,0.23768310546875,0.9105238914489746,-1.1437736344523728,0.2,0.029913284,0.0003,-0.025454018265008926,0.4260677695274353,-0.01869573342410149,1010
1722,197.32753390999997,489,843776,2119.55,103,1.4036772386753,0.18914794921875,0.5028917789459229,-1.1208782160654664,0.2,0.025654176,0.0003,0.053942080587148666,0.42211124300956726,-0.012049747048331482,1020
1738,198.69777108,490,851968,2128.43,104,1.444894601032138,0.177685546875,0.7292505502700806,-1.0985120471566916,0.2,0.026304414,0.0003,0.27437734603881836,0.4162570536136627,-0.010166959906109696,1030
1754,204.34406682999997,490,860160,2179.89,105,0.6587537314626388,0.24464111328125,0.7071642279624939,-1.0589393597096204,0.2,0.03129297,0.0003,0.053044844418764114,0.40877166390419006,-0.01283554147285031,1040
1771,204.07344565,490,868352,2175.18,106,1.9524236153403762,0.203564453125,0.6889387369155884,-1.0292256120592356,0.2,0.026515972,0.0003,0.1481247991323471,0.4016995429992676,-0.011165273185270053,1050
1789,198.60797793,489,876544,2114.85,107,2.7292075327131897,0.1987060546875,0.6924019455909729,-1.0028389777988196,0.2,0.02730338,0.0003,0.19465899467468262,0.40049242973327637,-0.005799450185077148,1060
1807,198.72800391000004,489,884736,2107.87,108,5.164097322290763,0.1716064453125,0.6548795700073242,-1.0022161198314279,0.2,0.025209859,0.0003,0.8913246989250183,0.399932861328125,-0.010041725713108463,1070
1827,201.0463628,488,892928,2121.74,109,2.0770553671638483,0.276171875,0.6920630931854248,-0.9865754668135196,0.2,0.030674482,0.0003,0.1590251326560974,0.39457017183303833,-0.00955622813462469,1080
1846,202.3181631,488,901120,2125.66,110,0.6545233115670271,0.25167236328125,0.534615159034729,-0.9660671361722052,0.2,0.02925849,0.0003,0.11187101900577545,0.3918372392654419,-0.0126167051590528,1090
1864,204.79580865,487,909312,2139.42,111,1.350209762249142,0.2317138671875,0.30113494396209717,-0.9518889280501753,0.2,0.035187438,0.0003,0.05144135281443596,0.3891962766647339,-0.010505401976570284,1100
1884,210.25287760999998,486,917504,2186.22,112,1.154697920306353,0.24033203125,0.42242467403411865,-0.9312045699451119,0.2,0.030107308,0.0003,0.040933772921562195,0.3854033946990967,-0.007767961976060178,1110
1903,212.29754043999998,486,925696,2196.74,113,1.9308154881815427,0.19693603515625,0.6928945779800415,-0.9219101570080965,0.2,0.023704417,0.0003,0.15779142081737518,0.38609763979911804,-0.012200203356132987,1120
1921,219.26150458,485,933888,2255.66,114,1.6242560113954823,0.24461669921875,0.24107462167739868,-0.911904935259372,0.2,0.03207561,0.0003,0.04510244354605675,0.37912219762802124,-0.01239694793457602,1130
1941,225.22123496,485,942080,2306.59,115,2.185456787934527,0.20472412109375,0.5244345664978027,-0.8906304605770856,0.2,0.028052323,0.0003,0.16745789349079132,0.3789409101009369,-0.007083286181841686,1140
1961,224.79167103999995,484,950272,2289.02,116,3.4817530302447266,0.17197265625,0.6841973066329956,-0.8908404321409762,0.2,0.033606425,0.0003,1.0087581872940063,0.3790362477302551,-0.00770460145031393,1150
1980,223.59555319999998,483,958464,2265.08,117,2.8258647523471154,0.2232421875,0.7315574884414673,-0.8840875572990626,0.2,0.029357826,0.0003,0.609182596206665,0.3759276866912842,-0.007568390160122363,1160
1999,225.26317036,483,966656,2272.14,118,5.09721608387772,0.1885009765625,0.8021121025085449,-0.8750654062256217,0.2,0.024261337,0.0003,0.7864205241203308,0.37619441747665405,-0.00573027811387874,1170
2017,220.75575984,483,974848,2216.65,119,5.756092679477296,0.213232421875,0.780755877494812,-0.8800265220925212,0.2,0.03281655,0.0003,0.6183193325996399,0.37880080938339233,-0.007224482372839703,1180
2036,216.55914557,482,983040,2160.59,120,5.277349811349995,0.2821044921875,0.6185059547424316,-0.8817734741605818,0.2,0.037861794,0.0003,1.664729356765747,0.37628939747810364,-0.005044431991245801,1190
2054,217.03294486,482,991232,2155.34,121,10.464703469723464,0.1794189453125,0.7583820223808289,-0.8731765805743634,0.2,0.029015146,0.0003,3.9434049129486084,0.376451313495636,-0.010566070189634047,1200
2072,217.6707754,482,999424,2148.74,122,5.253581937821582,0.24560546875,0.5150917768478394,-0.8743999138940126,0.2,0.035357535,0.0003,0.6039459109306335,0.3760206699371338,-0.007664971489430172,1210
2091,210.90917362,481,1007616,2073.02,123,8.338892455934547,0.2737548828125,0.4193342328071594,-0.8596740027423948,0.2,0.04219579,0.0003,33.26165771484375,0.37166154384613037,-0.003917540438123979,1220
2110,202.95010286000002,481,1015808,1983.16,124,7.95507913660258,0.1569580078125,0.7603611946105957,-0.8545168141834438,0.2,0.021319285,0.0003,1.4423058032989502,0.37444019317626953,-0.012473021627829439,1230
2128,205.76663609000002,481,1024000,2002.32,125,7.956926292087883,0.2415283203125,0.7350355982780457,-0.8606670858804136,0.2,0.03614814,0.0003,0.7296969294548035,0.37311071157455444,-0.008685633912682534,1240
2147,204.0836765,480,1032192,1978.4,126,6.961168849421665,0.28253173828125,0.3700474500656128,-0.84315563053824,0.2,0.036978774,0.0003,0.5606356859207153,0.3681793808937073,-0.00989476844033561,1250
2165,202.88484648000002,480,1040384,1961.02,127,3.9502467803424226,0.26710205078125,0.7633954286575317,-0.8181202018633484,0.2,0.041660074,0.0003,1.5619603395462036,0.3617802858352661,-0.006802769785281271,1260
2184,201.5019529,479,1048576,1941.07,128,15.687880014441907,0.1687744140625,0.6903699636459351,-0.7919192490167916,0.2,0.023790296,0.0003,7.769128799438477,0.36081576347351074,-0.011325081014547322,1270
2202,203.41424335,479,1056768,1953.42,129,9.382525317184626,0.27657470703125,0.7151879072189331,-0.7869550008326769,0.2,0.038178712,0.0003,0.436521053314209,0.3603183925151825,-0.006065501468037837,1280
2221,204.03718499,479,1064960,1952.08,130,8.401911411061883,0.30084228515625,0.5532722473144531,-0.7785628045443446,0.2,0.039416857,0.0003,1.5248507261276245,0.357788622379303,-0.00449796880602662,1290
2239,208.49591404,479,1073152,1989.43,131,5.845670610526577,0.2705078125,0.7067842483520508,-0.7560154474340379,0.2,0.04392737,0.0003,12.435525894165039,0.3507586717605591,-0.004284557213395601,1300
2258,210.0050205,478,1081344,2000.98,132,0.5646397411939688,0.30152587890625,0.7148606777191162,-0.7109190634451806,0.2,0.040936626,0.0003,0.15268154442310333,0.34552231431007385,-0.014315362498746254,1310
2275,212.00864582999995,478,1089536,2017.04,133,2.1864571978803724,0.2177734375,0.8196936249732971,-0.6962669369298965,0.2,0.0264804,0.0003,0.21283048391342163,0.34427356719970703,-0.01027804818295408,1320
2293,210.45994965999998,478,1097728,2000.72,134,0.3295397846784908,0.2840576171875,0.8278595209121704,-0.659100382309407,0.2,0.0375541,0.0003,0.07650288194417953,0.3355506956577301,-0.018968054373362974,1330
2313,214.8637461,478,1105920,2039.17,135,6.660179443791276,0.211962890625,0.5048832297325134,-0.6336782958358527,0.2,0.03037727,0.0003,0.1415470540523529,0.33418890833854675,-0.010256037907856808,1340
2331,216.08930464000002,477,1114112,2048.76,136,0.608655984851066,0.25506591796875,0.7948935031890869,-0.6125138868112117,0.2,0.03257878,0.0003,0.10817758738994598,0.32727378606796265,-0.01193443044739979,1350
2350,214.24510876,477,1122304,2027.15,137,9.611967160296626,0.2293212890625,0.6278224587440491,-0.5785964740905911,0.2,0.026926864,0.0003,0.1719123125076294,0.323117733001709,-0.011552971918808908,1360
2368,215.50284728,477,1130496,2035.07,138,13.93332599226851,0.22294921875,0.5305581092834473,-0.5613599016331137,0.2,0.032446835,0.0003,0.7205399870872498,0.32145899534225464,-0.007942085198737913,1370
2387,220.65483747,476,1138688,2078.54,139,13.306264555710367,0.279443359375,0.3941858410835266,-0.5531026356387884,0.2,0.041199297,0.0003,39.198299407958984,0.3213428258895874,-0.005869653479749104,1380
2405,223.91379163,476,1146880,2105.34,140,14.491664093360304,0.26175537109375,0.5902477502822876,-0.5659938333090395,0.2,0.03208994,0.0003,0.6967793703079224,0.3238648474216461,-0.006500644745574391,1390
2424,227.24473340999998,476,1155072,2132.58,141,13.062034354463686,0.2545166015625,0.7066340446472168,-0.5613217789679765,0.2,0.03394409,0.0003,1.6606996059417725,0.3209426701068878,-0.005241236165966256,1400
2446,232.37215512999998,475,1163264,2175.73,142,13.628943818225526,0.26396484375,0.6960107088088989,-0.5494952896144241,0.2,0.03254139,0.0003,1.897249698638916,0.3204585909843445,-0.006422209846914484,1410
2465,232.95774108999998,475,1171456,2177.07,143,16.197594604617915,0.257763671875,0.43844276666641235,-0.538778594089672,0.2,0.040118102,0.0003,0.6395368576049805,0.31892824172973633,-0.006892502491245978,1420
2485,233.94869353999994,474,1179648,2182.53,144,9.441463757050224,0.2633056640625,0.6923863887786865,-0.5302314213011414,0.2,0.04692518,0.0003,0.8534613251686096,0.31581997871398926,-0.009697986942410353,1430
2504,239.04129745999998,474,1187840,2224.83,145,12.457027493510395,0.28675537109375,0.5577899217605591,-0.5068431983701884,0.2,0.037204653,0.0003,34.59453582763672,0.3123738765716553,-0.003205476872608415,1440
2526,242.5863682799999,473,1196032,2252.75,146,10.050167817121837,0.28017578125,0.7031213045120239,-0.49212270802818237,0.2,0.035555165,0.0003,0.4631938636302948,0.3110620379447937,-0.00577453126443288,1450
2545,246.21752436,473,1204224,2282.63,147,15.415450124326162,0.23604736328125,0.6201636791229248,-0.4774703322444111,0.2,0.036387432,0.0003,9.320979118347168,0.30663496255874634,-0.005874918730478384,1460
2571,246.95618164000004,471,1212416,2284.14,148,15.23607840759214,0.27330322265625,0.6037610769271851,-0.4539581005461514,0.2,0.037696466,0.0003,0.9352783560752869,0.3045831322669983,-0.005222829323793121,1470
2593,247.63210273,470,1220608,2286.58,149,14.700723218452186,0.2414306640625,0.7528864741325378,-0.44686674382537606,0.2,0.03810182,0.0003,8.345647811889648,0.30467668175697327,-0.01424135360848595,1480
2613,249.48470774999998,470,1228800,2298.41,150,16.078631315706296,0.27071533203125,0.7029637098312378,-0.43209747872315346,0.2,0.03918779,0.0003,0.688507080078125,0.3003687262535095,-0.007975675977831997,1490
2634,255.38465862,469,1236992,2348.94,151,11.584707977925428,0.28079833984375,0.7772272825241089,-0.40714863906614485,0.2,0.039810427,0.0003,4.686099052429199,0.2975651025772095,-0.00911295105397585,1500
2654,258.92163401,469,1245184,2375.22,152,11.211161724384874,0.26536865234375,0.5220394134521484,-0.38826351556926963,0.2,0.03618814,0.0003,3.2167725563049316,0.2936657667160034,-0.006604301227616816,1510
2675,264.66136908,468,1253376,2421.69,153,12.34310312862508,0.27457275390625,0.696251630783081,-0.37254831893369555,0.2,0.03950316,0.0003,1.4366360902786255,0.29202204942703247,-0.009151657251459255,1520
2696,269.17659897,467,1261568,2459.39,154,14.421107036201283,0.3076904296875,0.678774893283844,-0.3621624189428985,0.2,0.04445737,0.0003,0.4183887243270874,0.29133516550064087,-0.004349700870807283,1530
2719,269.36687451000006,466,1269760,2458.8,155,13.883375892695039,0.3017333984375,0.7380436658859253,-0.35803530318662524,0.2,0.043324504,0.0003,0.2986738681793213,0.29060178995132446,-0.002861966456293885,1540
2742,271.08622949,466,1277952,2471.45,156,15.361590965487995,0.231494140625,0.7539663910865784,-0.3581218173727393,0.2,0.032575175,0.0003,1.3105111122131348,0.29119476675987244,-0.006271929507784079,1550
2762,272.82664696999996,465,1286144,2483.25,157,12.701653719879687,0.3000732421875,0.751885175704956,-0.34526882171630857,0.2,0.046993874,0.0003,9.786809921264648,0.2877559959888458,-0.005438195001261192,1560
2783,278.6130033,464,1294336,2531.08,158,11.688791366270744,0.3001953125,0.7485479116439819,-0.3274206204339862,0.2,0.045545496,0.0003,0.26500555872917175,0.2846776843070984,-0.003324898242317431,1570
2804,280.40149116,464,1302528,2542.63,159,11.55897124502808,0.29443359375,0.7241419553756714,-0.3186744342558086,0.2,0.041969605,0.0003,1.028748869895935,0.28363698720932007,-0.002097753808084235,1580
2826,284.37355047,463,1310720,2575.28,160,12.508630172978155,0.26937255859375,0.6988286972045898,-0.30609444957226517,0.2,0.036282755,0.0003,3.7679734230041504,0.28262680768966675,-0.0023064899280143434,1590
2846,281.42849632,463,1318912,2544.25,161,9.363689868850633,0.2913330078125,0.8065808415412903,-0.29049083329737185,0.2,0.042602696,0.0003,0.45498982071876526,0.2794451117515564,-0.0051705096747355125,1600
2868,275.45896005,462,1327104,2486.33,162,11.890791265829467,0.2736572265625,0.772376298904419,-0.2624108360148966,0.2,0.047976363,0.0003,1.0392799377441406,0.27605941891670227,-0.006083660998774576,1610
2890,269.75745023,461,1335296,2430.6,163,15.39659909917973,0.233935546875,0.8223447203636169,-0.23926977133378385,0.2,0.04511329,0.0003,11.801448822021484,0.27332940697669983,-0.009454854251271173,1620
2912,270.80205788,461,1343488,2437.29,164,10.362087325099855,0.29697265625,0.805844783782959,-0.23489784551784396,0.2,0.04954947,0.0003,10.854413986206055,0.27304089069366455,-0.0030099899780907436,1630
2933,270.88662916,460,1351680,2436.88,165,13.736744311777874,0.29359130859375,0.8044455051422119,-0.22439238019287586,0.2,0.045047715,0.0003,0.40051066875457764,0.27339938282966614,-0.00546464300568914,1640
2956,269.35678894,460,1359872,2423.57,166,13.867794584715739,0.27020263671875,0.7718977928161621,-0.22448343904688955,0.2,0.030962208,0.0003,0.8835098147392273,0.2726515233516693,-0.0027818608708912508,1650
2977,273.32758396,459,1368064,2458.3,167,9.553190947230906,0.3274169921875,0.7974420785903931,-0.219679990503937,0.2,0.04784109,0.0003,0.7471058368682861,0.2717246413230896,-0.005018479449972801,1660
2998,263.03982841,458,1376256,2370.99,168,11.321394649520517,0.3086669921875,0.8325029015541077,-0.2126389338634908,0.2,0.04390064,0.0003,0.2524087727069855,0.27091705799102783,-0.0007465929582394892,1670
3020,259.81893010000005,458,1384448,2343.65,169,6.682241048174911,0.32401123046875,0.6594692468643188,-0.20256901234388353,0.2,0.066754684,0.0003,0.7943915128707886,0.26829564571380615,-0.0003218737405404681,1680
3042,261.83362249000004,457,1392640,2362.57,170,10.836849722079933,0.2910888671875,0.7460943460464478,-0.18390478352084755,0.2,0.04673814,0.0003,0.7870841026306152,0.26707714796066284,-0.0041673994640405,1690
3064,261.69437573000005,457,1400832,2362.76,171,1.068172194471117,0.32142333984375,0.9225385189056396,-0.17050919560715555,0.2,0.04007797,0.0003,0.1636783480644226,0.2625451385974884,-0.006408581041341677,1700
3087,263.49017154000006,456,1409024,2380.02,172,1.2409507656353527,0.27183837890625,0.9053865671157837,-0.15149608496576547,0.2,0.03636553,0.0003,0.27986666560173035,0.26284050941467285,-0.00888418789345451,1710
3108,263.80736196000004,455,1417216,2386.13,173,9.100752998935059,0.26732177734375,0.7485713958740234,-0.15157328639179468,0.2,0.031843595,0.0003,9.168359756469727,0.2624148726463318,-0.002466596974591084,1720
3131,263.34573430000006,455,1425408,2383.84,174,2.4100695322733374,0.24329833984375,0.8391913175582886,-0.13405995145440103,0.2,0.037469175,0.0003,0.4075058102607727,0.25773173570632935,-0.008481238344120356,1730
3153,262.67973549000004,454,1433600,2380.34,175,3.27894392402377,0.25037841796875,0.8772181868553162,-0.11220993911847472,0.2,0.03779965,0.0003,0.48870161175727844,0.2558459937572479,-0.009688202899633324,1740
3174,260.51250260999996,454,1441792,2361.46,176,2.1520295029273258,0.32476806640625,0.8663591146469116,-0.07960368832573295,0.2,0.056416743,0.0003,0.2908613383769989,0.25015029311180115,-0.005431311063330213,1750
3196,262.76789927,453,1449984,2383.46,177,9.146308656851762,0.25736083984375,0.6958554983139038,-0.06245785271748901,0.2,0.03326256,0.0003,1.5819637775421143,0.2517036497592926,-0.006701048831018852,1760
3217,255.21728337000002,453,1458176,2321.66,178,9.896923685027286,0.27152099609375,0.7557634115219116,-0.059225693251937626,0.2,0.046771467,0.0003,0.9766332507133484,0.25002604722976685,-0.004378456391350483,1770
3239,255.21080898,452,1466368,2322.6,179,9.535598503192887,0.2734375,0.7196743488311768,-0.05451593771576881,0.2,0.05458864,0.0003,0.9607622623443604,0.2503618001937866,0.0021490224296940143,1780
3261,253.74482594000006,452,1474560,2312.89,180,3.6776194370235316,0.37607421875,0.8401561379432678,-0.06534327436238527,0.2,0.04922726,0.0003,0.9135189652442932,0.24995559453964233,0.0010091224574352963,1790
3282,254.18093537000001,451,1482752,2322.3,181,10.342478992906399,0.23402099609375,0.7383108139038086,-0.05257393391802907,0.2,0.037944503,0.0003,0.4434800148010254,0.24824652075767517,0.00010447440736243152,1800
3304,253.95133284999997,451,1490944,2324.63,182,6.406586191873066,0.30316162109375,0.7375328540802002,-0.03339079655706882,0.2,0.039115615,0.0003,16.028470993041992,0.24566549062728882,-0.0027969278797172594,1810
3326,255.19882941,450,1499136,2336.63,183,1.405176695238333,0.326611328125,0.8152254223823547,-0.0040899977087974545,0.2,0.04904687,0.0003,0.7406289577484131,0.24208411574363708,-0.008857334010463092,1820
3348,256.49707804,450,1507328,2350.18,184,14.666761946165934,0.2947998046875,0.6186854243278503,0.018844121508300303,0.2,0.03820422,0.0003,0.20082154870033264,0.24089646339416504,-0.0040602375749585915,1830
3369,254.50422052000005,449,1515520,2337.32,185,0.9462380543642211,0.3078369140625,0.826521098613739,0.03629750283434987,0.2,0.0404524,0.0003,0.0893583595752716,0.2378581166267395,-0.00593062256293706,1840
3391,254.79352552999998,449,1523712,2345.04,186,0.703093009913573,0.2997314453125,0.8500678539276123,0.07246956899762154,0.2,0.03991656,0.0003,0.12151321768760681,0.23161935806274414,-0.010757360050047283,1850
3412,257.51248855999995,448,1531904,2370.43,187,2.5983235036372205,0.2859130859375,0.7283425331115723,0.10793380243703724,0.2,0.05735755,0.0003,0.1555624008178711,0.2293929159641266,-0.008067709217084485,1860
3435,260.23862722,448,1540096,2396.32,188,7.192037609801628,0.2878173828125,0.7039964199066162,0.1329806551337242,0.2,0.039483663,0.0003,0.12513965368270874,0.22680985927581787,-0.01037183787475442,1870
3456,257.66384498,447,1548288,2376.85,189,15.302692087413742,0.26444091796875,0.44523918628692627,0.1441861901432276,0.2,0.03986721,0.0003,4.1462554931640625,0.22653204202651978,-0.001469702169742959,1880
3478,259.58788889,447,1556480,2396.29,190,9.645496254775207,0.30738525390625,0.5662730932235718,0.1324210584163666,0.2,0.049094554,0.0003,0.25986722111701965,0.22868449985980988,-0.0014647984758994425,1890
3499,262.26142982000005,447,1564672,2422.94,191,0.4226370554417372,0.33629150390625,0.8499209880828857,0.1314733475446701,0.2,0.057410687,0.0003,0.10108362138271332,0.22547906637191772,-0.0068727557298188914,1900
3520,260.76299336999995,446,1572864,2414.29,192,1.5857903105788864,0.2790771484375,0.8347201347351074,0.15843478366732597,0.2,0.043226548,0.0003,0.25127315521240234,0.22404694557189941,-0.0070459092151395454,1910
3541,266.51206629999996,446,1581056,2466.63,193,10.840416761895176,0.26829833984375,0.5899137258529663,0.16838043313473464,0.2,0.07146953,0.0003,2.1306114196777344,0.22339817881584167,-0.005852412222975545,1920
3561,269.33991979,446,1589248,2492.96,194,7.977514513564529,0.3368896484375,0.6514265537261963,0.1567437549121678,0.2,0.048927866,0.0003,0.11594580113887787,0.2234879434108734,-0.007548509502521483,1930
3582,268.30615144,445,1597440,2486.78,195,9.99046401665546,0.29259033203125,0.5841449499130249,0.15870997318997979,0.2,0.0447772,0.0003,0.1405840963125229,0.22543519735336304,-0.005646124647137185,1940
3602,267.42149734000003,445,1605632,2481.01,196,4.476283104158938,0.29368896484375,0.7435978651046753,0.15776524636894465,0.2,0.046819575,0.0003,0.18237951397895813,0.22308073937892914,-0.006643102278758306,1950
3622,267.04765138,445,1613824,2479.41,197,2.4536500560119747,0.2825927734375,0.7598221302032471,0.17913395520299674,0.2,0.04218068,0.0003,0.3219042718410492,0.22151583433151245,-0.004625405440856411,1960
3643,271.92782106,445,1622016,2522.75,198,1.4411235599778593,0.32080078125,0.6634758114814758,0.20724984519183637,0.2,0.044739917,0.0003,0.22905078530311584,0.21719543635845184,-0.002555700647280901,1970
3664,275.03114094999995,444,1630208,2549.89,199,8.420139690628275,0.28507080078125,0.5728150606155396,0.24271662458777427,0.2,0.04404273,0.0003,0.11787663400173187,0.2137223482131958,-0.005366233626955363,1980
3684,277.49001645,444,1638400,2572.1,200,8.99085957937641,0.31182861328125,0.5823875665664673,0.2525905206799507,0.2,0.06272077,0.0003,39.52206802368164,0.2144807130098343,-0.0020948586393387814,1990
3705,278.37284784999997,444,1646592,2581.02,201,4.792925529723289,0.32890625,0.5946465730667114,0.25421675369143487,0.2,0.050781175,0.0003,0.30692434310913086,0.2128123641014099,-0.006693537800674676,2000
3726,278.42149529,444,1654784,2581.75,202,3.700893466209527,0.2955810546875,0.6325679421424866,0.2548212200403214,0.2,0.04527937,0.0003,0.20841026306152344,0.2129935920238495,-0.008641455110773678,2010
3746,276.3940347,443,1662976,2563.71,203,7.648037031450076,0.31368408203125,0.6211211681365967,0.27181772189214826,0.2,0.05031044,0.0003,1.1696597337722778,0.2104959785938263,-0.010397265908613918,2020
3767,278.06131709,443,1671168,2578.26,204,8.546869035286363,0.27723388671875,0.5960009694099426,0.2763170056976378,0.2,0.049663458,0.0003,0.28922176361083984,0.21177734434604645,-0.0025652181436271347,2030
3789,277.6426284,443,1679360,2574.53,205,1.8934431291767395,0.33424072265625,0.847841739654541,0.27853084383532406,0.2,0.051853385,0.0003,0.22055985033512115,0.2101210206747055,-0.006044030520388333,2040
3809,277.906467,442,1687552,2576.46,206,3.076009575696662,0.301953125,0.8279515504837036,0.2996078910306096,0.2,0.048147637,0.0003,0.45010238885879517,0.20748798549175262,-0.008535562211545767,2050
3830,280.16171549,442,1695744,2596.22,207,0.5102737531880848,0.31021728515625,0.8622187972068787,0.31632953472435477,0.2,0.046455637,0.0003,0.1731853485107422,0.20637989044189453,-0.009014563475466275,2060
3851,285.76387515999994,442,1703936,2646.64,208,6.016404217446689,0.29041748046875,0.6167938709259033,0.3429463432170451,0.2,0.04489559,0.0003,1.1326485872268677,0.20278070867061615,-0.006741696485005377,2070
3871,285.82182467,442,1712128,2649.1,209,7.664563470089343,0.32034912109375,0.4933915138244629,0.38141580317169427,0.2,0.06022176,0.0003,18.34501075744629,0.19978684186935425,-0.004980165147208027,2080
3892,287.35246048,441,1720320,2663.42,210,1.9485098419128917,0.32132568359375,0.8056498765945435,0.4014153050258756,0.2,0.05914411,0.0003,0.0714087188243866,0.19733649492263794,-0.005548655542952474,2090
3913,286.54820889000007,441,1728512,2656.79,211,10.471220700826962,0.30413818359375,0.7099728584289551,0.41494424766860905,0.2,0.0559176,0.0003,0.4408167600631714,0.19702666997909546,-0.00278874590740088,2100
3935,286.57467980999996,441,1736704,2658.64,212,3.9125732112908738,0.32821044921875,0.6871212720870972,0.4196487690322101,0.2,0.054546744,0.0003,0.32378244400024414,0.196671262383461,-0.005246135734341806,2110
3955,285.75006274000003,441,1744896,2648.48,213,9.027324101608247,0.349609375,0.7572667598724365,0.42956349402666094,0.2,0.067812026,0.0003,0.23150712251663208,0.19448146224021912,-0.005663646628090646,2120
3976,286.46229834,440,1753088,2651.93,214,9.875871990970335,0.3072509765625,0.7170413136482239,0.4452015561517328,0.2,0.054054506,0.0003,0.3455768823623657,0.19452200829982758,-0.006800539834875963,2130
3997,286.42988682000004,440,1761280,2652.09,215,14.15897024058504,0.3232666015625,0.45858824253082275,0.4407907298300415,0.2,0.054219827,0.0003,1.1782606840133667,0.19554822146892548,-0.0014515449878672372,2140
4017,278.61882044000004,440,1769472,2579.17,216,8.025354844424873,0.35712890625,0.6721668839454651,0.4408623868133873,0.2,0.06846894,0.0003,2.4592983722686768,0.19548213481903076,-0.005088643280214455,2150
4039,278.55105429,440,1777664,2577.38,217,9.8904010721948,0.28668212890625,0.7128229737281799,0.443996864464134,0.2,0.060151283,0.0003,0.45686012506484985,0.19329583644866943,-0.008277871773498192,2160
4059,266.40463483,439,1785856,2468.22,218,5.6565177123295145,0.33814697265625,0.8090912699699402,0.45113087026402354,0.2,0.057269663,0.0003,0.5144889950752258,0.19469475746154785,-0.001842282760026137,2170
4080,265.19122691999996,439,1794048,2457.6,219,17.312747592898084,0.2457763671875,0.8254306316375732,0.44366314699873327,0.2,0.05813429,0.0003,4.777746677398682,0.19454413652420044,-0.01003413753969653,2180
4102,263.3716780600001,439,1802240,2440.3,220,11.635545172030106,0.320361328125,0.8157756328582764,0.45759229068644347,0.2,0.05706981,0.0003,2.711475133895874,0.19332003593444824,-0.007323566316154028,2190
4122,264.6512877,439,1810432,2449.28,221,8.416825082572178,0.32166748046875,0.8656558990478516,0.4699013393372297,0.2,0.064469874,0.0003,0.4217311143875122,0.19184479117393494,-0.005679948308625171,2200
4142,267.76843058000003,438,1818624,2471.57,222,14.21268387963064,0.372705078125,0.794434666633606,0.48549837148748337,0.2,0.067906186,0.0003,2.249046564102173,0.1900051236152649,-0.0002875255868275417,2210
4163,260.62198080999997,438,1826816,2406.2,223,14.078896649274975,0.331982421875,0.8646525740623474,0.5064142007846385,0.2,0.058928467,0.0003,8.946783065795898,0.18897929787635803,-0.0006565342534486263,2220
4184,254.68753564,438,1835008,2348.09,224,16.53907014541328,0.32928466796875,0.7993698716163635,0.5119068187195808,0.2,0.055961356,0.0003,0.8118710517883301,0.18850982189178467,0.0011962217749896809,2230
4205,249.90387545000004,438,1843200,2300.01,225,22.576755651365964,0.28197021484375,0.7951478958129883,0.5127768401987851,0.2,0.043123998,0.0003,7.578984260559082,0.18875086307525635,-0.0073267689793283354,2240
4227,249.87435435999998,437,1851392,2296.5,226,15.963118599914015,0.318701171875,0.8051159381866455,0.5041733040474355,0.2,0.061799474,0.0003,2.8737576007843018,0.18909043073654175,-0.004432317303508171,2250
4248,243.58859703000002,437,1859584,2237.82,227,16.150870941532776,0.385302734375,0.8579240441322327,0.49939570743590594,0.2,0.06609814,0.0003,14.604776382446289,0.18972991406917572,-0.00032586399156571134,2260
4269,241.49643017000002,437,1867776,2215.56,228,17.665600872365758,0.32420654296875,0.868633508682251,0.5029405808076263,0.2,0.05934968,0.0003,44.92524719238281,0.18836447596549988,-0.006006960052218346,2270
4290,239.70245630000008,437,1875968,2197.58,229,12.85278014834039,0.37296142578125,0.8110202550888062,0.4993984542787075,0.2,0.066216156,0.0003,4.302761554718018,0.1904856413602829,0.0003249107197007106,2280
4309,240.92350586000003,437,1884160,2207.28,230,6.855658025154844,0.3649658203125,0.8804957270622253,0.48134417426772413,0.2,0.07250893,0.0003,1.069038987159729,0.19253812730312347,-0.0006237225578388461,2290
4329,240.50526712,437,1892352,2202.09,231,16.190644313325173,0.33525390625,0.7329611778259277,0.4815588925033808,0.2,0.054116726,0.0003,13.624436378479004,0.1901150345802307,-0.0005012135605284129,2300
4345,241.19822543,437,1900544,2205.43,232,13.015247020032257,0.3201416015625,0.8318972587585449,0.4825621843803674,0.2,0.054617878,0.0003,3.5210683345794678,0.19192537665367126,-0.001546553491607483,2310
4360,230.2539997,437,1908736,2108.61,233,14.594655050616712,0.368310546875,0.8193939924240112,0.46849395437166097,0.2,0.07545066,0.0003,0.5282397270202637,0.19280822575092316,-0.0008739620864616881,2320
4375,227.76974334,438,1916928,2085.97,234,8.76501389259938,0.34193115234375,0.8078653812408447,0.4497315153013915,0.2,0.07931617,0.0003,2.1618635654449463,0.1950717270374298,-0.007322117349758628,2330
4389,229.40503968000002,438,1925120,2098.9,235,18.536771453823896,0.3057861328125,0.7588249444961548,0.45007042521610857,0.2,0.05152759,0.0003,2.4106290340423584,0.193700909614563,-0.0008604510807344923,2340
4405,233.25943759999998,438,1933312,2132.76,236,8.049964462895877,0.37265625,0.8328178524971008,0.44963709474541247,0.2,0.05052071,0.0003,2.124446153640747,0.19414031505584717,0.0045315758790820835,2350
4421,228.14921278999998,439,1941504,2085.35,237,3.78505103578791,0.33642578125,0.8076754212379456,0.44988098489120604,0.2,0.058845274,0.0003,0.36831870675086975,0.19396118819713593,-0.00020991475976188666,2360
4436,224.21119704999998,439,1949696,2049.85,238,7.341417110082693,0.26873779296875,0.8010965585708618,0.4554522725753486,0.2,0.057975296,0.0003,1.5432134866714478,0.19318798184394836,-0.010134987799074225,2370
4453,220.78881781999996,439,1957888,2017.46,239,18.999520096252674,0.32164306640625,0.7688833475112915,0.4785788134671748,0.2,0.05736331,0.0003,1.2116659879684448,0.19118693470954895,-0.0030580732176531456,2380
4474,218.53601926,439,1966080,1996.28,240,16.45937646366656,0.30311279296875,0.7924938201904297,0.48401846131309867,0.2,0.06319614,0.0003,0.8504387736320496,0.19117417931556702,-0.006965905118977389,2390
4493,224.87731971999997,439,1974272,2051.23,241,17.070227312901988,0.3559326171875,0.7338094115257263,0.48276263135485353,0.2,0.07732269,0.0003,1.1933660507202148,0.19254359602928162,0.0006949194938897562,2400
4513,224.87661835999995,439,1982464,2051.53,242,17.809637756831943,0.34267578125,0.6740291118621826,0.47916153641417625,0.2,0.06770863,0.0003,9.435949325561523,0.19256451725959778,0.0011487485524412477,2410
4533,226.73547227999998,439,1990656,2066.74,243,14.052091349568219,0.36240234375,0.7999142408370972,0.45960949463769796,0.2,0.0685265,0.0003,3.3344013690948486,0.19500862061977386,0.004461682089822716,2420
4554,231.42727348,438,1998848,2106.47,244,11.168533967738039,0.30784912109375,0.7864458560943604,0.4244832068681717,0.2,0.058637716,0.0003,4.058337211608887,0.20056188106536865,-0.0034070183397489017,2430
4576,234.1127966,438,2007040,2130.06,245,12.674348163837568,0.3330078125,0.7879036068916321,0.4048146511428058,0.2,0.05913195,0.0003,0.23609445989131927,0.19859814643859863,0.0006004631379255443,2440
