#{"t_start": 1791269352.9328852, "env_id": "f1tenth-v0"}
r,l,t,track_name,laps,progress_m
4.220527,181,6.371668,synthetic_track_0,0.05620066674320547,9.22052659795109
1.502059,148,9.753899,synthetic_track_0,0.03963114466418375,6.502058510320648
1.597697,155,13.272274,synthetic_track_0,0.04021407996085884,6.597697418528564
3.376594,178,17.56808,synthetic_track_0,0.05105675457361733,8.37659392373694
-1.857923,96,19.897094,synthetic_track_0,0.019151487217777416,3.142076553801489
-2.03738,102,22.209735,synthetic_track_0,0.018057667393107914,2.962619700863874
3.089738,181,26.33163,synthetic_track_0,0.04930831869851127,8.089737905375264
1.949088,161,29.978552,synthetic_track_0,0.042355864675399375,6.949087963728701
-1.245581,111,32.476983,synthetic_track_0,0.022883818045836647,3.7544190341802213
2.847755,175,36.484968,synthetic_track_0,0.04783338969856398,7.8477546183042515
2.715451,190,40.918072,synthetic_track_0,0.04702697904960952,7.715451368744414
3.102044,181,45.125973,synthetic_track_0,0.049383324613986215,8.102043703130306
4.415026,183,49.336293,synthetic_track_0,0.05738617273734913,9.415025883893346
-0.375835,131,52.413048,synthetic_track_0,0.02818506773643702,4.624165188579186
0.584456,134,55.453029,synthetic_track_0,0.03403820009458449,5.584455621363983
-2.329963,94,57.555074,synthetic_track_0,0.0162743246838838,2.6700367149929622
2.408104,160,61.250138,synthetic_track_0,0.04515364780292048,7.408104470783324
1.445118,162,65.317731,synthetic_track_0,0.039284083440976454,6.445118131760331
4.125169,189,69.815234,synthetic_track_0,0.0556194431889284,9.125168525669585
4.816674,196,74.328803,synthetic_track_0,0.05983428318386752,9.816673565227548
2.882471,185,78.556999,synthetic_track_0,0.04804499066353707,7.882470795864945
-1.686039,95,80.888463,synthetic_track_0,0.020199152551746716,3.313961099615763
-0.64631,137,84.001354,synthetic_track_0,0.026536475041929058,4.353689878057424
2.32846,171,88.296863,synthetic_track_0,0.04466820125800848,7.328459992547917
-0.581903,123,91.156011,synthetic_track_0,0.026929044331538515,4.418096508550298
2.915451,176,96.250544,synthetic_track_0,0.04824601293749685,7.915451387221557
2.661705,173,101.272751,synthetic_track_0,0.04669938336260976,7.661704590985401
1.699879,164,105.352035,synthetic_track_0,0.040836895080733036,6.699879184532264
1.338496,146,109.265241,synthetic_track_0,0.038634201331597944,6.33849563736116
2.380058,175,113.430881,synthetic_track_0,0.04498269903699655,7.380057870370367
2.347755,167,117.523041,synthetic_track_0,0.044785805319266354,7.347754627962299
2.306413,179,121.967082,synthetic_track_0,0.04453382173534113,7.306413101740807
-0.347394,135,125.26526,synthetic_track_0,0.028358417446683392,4.652605698393369
2.915451,176,129.581858,synthetic_track_0,0.04824601293749685,7.915451387221557
-1.612532,98,132.014833,synthetic_track_0,0.02064718900257435,3.3874679145897555
3.318961,196,136.922647,synthetic_track_0,0.050705472524210975,8.318961058014297
2.836975,177,141.101699,synthetic_track_0,0.04776768319587169,7.836974522785085
0.444216,129,144.191056,synthetic_track_0,0.03318341526869332,5.4442158932720135
-0.155969,131,147.134681,synthetic_track_0,0.029525184712776067,4.844030626851657
3.106961,167,150.969747,synthetic_track_0,0.04941329422776802,8.106960648729334
5.586731,256,156.977279,synthetic_track_0,0.06452791472287561,10.58673123454583
3.038657,175,160.988773,synthetic_track_0,0.04899697228055554,8.03865705359365
4.608529,171,165.321763,synthetic_track_0,0.05856560746682627,9.60852909166456
4.275571,164,169.554173,synthetic_track_0,0.05653616983267476,9.275570698660454
3.242063,163,173.334173,synthetic_track_0,0.05023676496330313,8.242062850529347
-1.526997,97,175.92522,synthetic_track_0,0.021168539450558,3.473002943817289
3.751921,182,180.386771,synthetic_track_0,0.05334443874198608,8.75192136991365
5.356503,203,185.144866,synthetic_track_0,0.0631246371703946,10.356503396572302
3.450198,172,189.113046,synthetic_track_0,0.05150538633548242,8.450198408037169
0.656778,116,191.74179,synthetic_track_0,0.034479019212745765,5.656778329250411
3.573457,168,195.694304,synthetic_track_0,0.05225666678927666,8.57345675723759
2.873603,171,199.87518,synthetic_track_0,0.0479909375537934,7.873602606838456
3.110079,154,203.52491,synthetic_track_0,0.04943229937884113,8.110078716736755
2.470677,153,207.029779,synthetic_track_0,0.04553504041019129,7.470677406006153
-1.467311,96,209.232849,synthetic_track_0,0.021532337931053545,3.532689309835516
2.262968,145,212.614673,synthetic_track_0,0.044269016068014824,7.2629679285718325
2.347755,162,216.360338,synthetic_track_0,0.044785805319266354,7.347754627962299
-2.065138,91,218.566612,synthetic_track_0,0.017888480383258323,2.9348621418392815
2.947755,157,222.195823,synthetic_track_0,0.04844290665522706,7.947754629629626
2.947755,180,226.684906,synthetic_track_0,0.04844290665522706,7.947754629629626
4.070639,161,230.692378,synthetic_track_0,0.055287077715847864,9.07063919599486
2.595468,145,234.153128,synthetic_track_0,0.046295658675448915,7.595467757297551
4.403052,167,238.041079,synthetic_track_0,0.05731319217735959,9.403052374796173
3.417318,161,241.886784,synthetic_track_0,0.05130497190321703,8.417317541841044
3.513152,326,249.485266,synthetic_track_0,0.051889100098490945,8.513152162197883
-2.617493,81,251.541919,synthetic_track_0,0.014521783924124636,2.3825072313448628
3.212576,191,256.245884,synthetic_track_0,0.05005703597562035,8.212575728625188
3.415451,154,259.795005,synthetic_track_0,0.05129359731679447,8.415451377563508
2.047755,152,263.151451,synthetic_track_0,0.042957254792196156,7.04775465024697
7.612452,542,274.985834,synthetic_track_0,0.07687502410471227,12.612451872046988
5.188272,696,290.490713,synthetic_track_0,0.062099238384635644,10.188271997809755
-1.694977,90,292.421706,synthetic_track_0,0.020144671821461613,3.3050227532974725
5.50618,653,306.801398,synthetic_track_0,0.06403694404656904,10.506180443211203
5.783603,167,310.473268,synthetic_track_0,0.06572787956637817,10.783602702400065
6.358427,950,330.948225,synthetic_track_0,0.06923153019862266,11.358426912086939
3.11671,686,346.054974,synthetic_track_0,0.049472720669750066,8.116710410087517
1.196161,423,355.374083,synthetic_track_0,0.03776664888574362,6.196161197830967
24.735128,754,372.084305,synthetic_track_0,0.18124062948875494,29.73512845437016
3.425538,199,376.423321,synthetic_track_0,0.05135507982389147,8.425538465935375
10.84527,247,381.755197,synthetic_track_0,0.0965795970487443,15.845270083294993
-0.558141,100,383.948364,synthetic_track_0,0.027073882242784637,4.441859248219183
11.059509,241,389.226748,synthetic_track_0,0.09788541676821834,16.05950856396204
9.854288,291,395.467003,synthetic_track_0,0.09053939149908151,14.854287606481392
9.686763,245,400.749822,synthetic_track_0,0.08951830228917726,14.686763255536903
3.7429,149,404.250484,synthetic_track_0,0.053289448998584205,8.74289951268252
0.622344,121,407.129974,synthetic_track_0,0.03426913409406007,5.622343660918127
7.035636,225,411.97431,synthetic_track_0,0.07335923310812938,12.035635861216498
25.281156,361,419.954357,synthetic_track_0,0.18456875867900022,30.28115585045588
18.275404,370,428.070919,synthetic_track_0,0.14186751956327043,23.27540424912534
0.789489,122,430.907319,synthetic_track_0,0.035287913511016726,5.789489057153655
37.862753,436,440.509418,synthetic_track_0,0.2612557192018441,42.86275319071152
27.24323,379,449.120123,synthetic_track_0,0.19652793237717314,32.24323006707275
4.471998,192,453.606645,synthetic_track_0,0.057733428806694034,9.471998229761141
3.415451,181,457.657455,synthetic_track_0,0.05129359731679447,8.415451377563508
20.075736,564,470.519379,synthetic_track_0,0.15284084631713085,25.07573611465807
2.580957,230,475.689913,synthetic_track_0,0.0462072125407345,7.58095689853236
39.291407,562,488.77448,synthetic_track_0,0.269963605894228,44.2914070752987
4.090544,799,508.352441,synthetic_track_0,0.05540840046931204,9.090543936277825
2.183744,270,514.884441,synthetic_track_0,0.04378613125695181,7.183743739568926
1.730161,474,526.408357,synthetic_track_0,0.04102146581145479,6.730160663924659
10.70695,857,547.367986,synthetic_track_0,0.09573651218280921,15.706949901682124
7.369911,1220,574.116837,synthetic_track_0,0.07539669843985085,12.369911313309997
5.318814,3000,640.930439,synthetic_track_0,0.0324190705697899,5.318814167017689
5.029824,2114,687.898324,synthetic_track_0,0.061133468705995016,10.02982361053191
4.084023,568,700.442959,synthetic_track_0,0.055368657067890605,9.084023460434118
13.292359,531,712.364649,synthetic_track_0,0.11149501448052597,18.29235854538896
13.038534,559,724.913606,synthetic_track_0,0.10994790958771256,18.038533766419928
5.029948,3000,791.992177,synthetic_track_0,0.030658381032199224,5.0299477593241955
4.277259,3000,860.781675,synthetic_track_0,0.026070613656323453,4.277258626510855
3.772282,3000,928.926103,synthetic_track_0,0.02299269365069953,3.772281640954857
3.678502,3000,1000.151559,synthetic_track_0,0.022421088544335048,3.6785016132046424
3.869989,3000,1065.766923,synthetic_track_0,0.023588239095936065,3.869989425155762
3.63407,3000,1124.532895,synthetic_track_0,0.02215027332974554,3.634070487491098
3.646794,3000,1184.291484,synthetic_track_0,0.022227825219027757,3.646793988817432
3.828526,3000,1246.351654,synthetic_track_0,0.023335510012893582,3.8285255890963663
3.694926,3000,1310.58271,synthetic_track_0,0.02252119992582117,3.6949263232524463
4.229224,3000,1367.780041,synthetic_track_0,0.02577783749913676,4.229224492735883
22.875955,2428,1414.25087,synthetic_track_0,0.1699086526237404,27.875954886756478
7.902292,3000,1469.979389,synthetic_track_0,0.04816580535393166,7.9022921811039595
22.248328,3000,1523.295984,synthetic_track_0,0.13560731663732065,22.248328042876064
54.351501,2279,1579.874852,synthetic_track_0,0.3617574207408058,59.35150084941028
29.534659,2264,1633.315854,synthetic_track_0,0.21049458048238384,34.53465929382455
50.919687,2278,1681.141047,synthetic_track_0,0.34083993529975476,55.91968692177955
29.558024,1933,1721.364759,synthetic_track_0,0.21063699098221378,34.55802378178532
7.534217,825,1737.660011,synthetic_track_0,0.07639816654409516,12.534216540050046
48.196557,1068,1758.733062,synthetic_track_0,0.3242419999457029,53.19655722827622
51.377589,1847,1796.590838,synthetic_track_0,0.34363092461273037,56.37758880597739
42.767399,1330,1823.915178,synthetic_track_0,0.2911503646796297,47.76739916268417
-2.061479,383,1831.72313,synthetic_track_0,0.017910781889710962,2.9385210242927675
28.484231,572,1843.378973,synthetic_track_0,0.20409204492512514,33.4842313750638
7.118782,195,1847.34087,synthetic_track_0,0.07386602498127777,12.118782347135284
33.689815,426,1856.129488,synthetic_track_0,0.2358209567520868,38.689815087465476
27.92343,346,1863.189315,synthetic_track_0,0.2006738635240672,32.92342962036065
30.492372,413,1871.627097,synthetic_track_0,0.21633200288007867,35.492372281952534
5.815255,168,1875.076895,synthetic_track_0,0.0659208047630738,10.815254851931938
7.083562,179,1878.74954,synthetic_track_0,0.07365134931349544,12.08356172041631
7.518651,181,1882.466873,synthetic_track_0,0.07630329461208857,12.518651436944369
30.671817,520,1893.12292,synthetic_track_0,0.2174257504753537,35.671817284620545
6.150006,171,1896.556686,synthetic_track_0,0.06796116722305903,11.150005619529002
5.548494,160,1899.858848,synthetic_track_0,0.06429485199837862,10.548493947076722
5.784011,171,1903.321634,synthetic_track_0,0.06573036703437858,10.784010807253413
5.481579,163,1906.65089,synthetic_track_0,0.06388699448362416,10.481579063661705
34.417492,362,1914.094832,synthetic_track_0,0.24025627082849207,39.41749206679074
5.73679,160,1917.437741,synthetic_track_0,0.06544254854685348,10.73679005039419
7.095843,169,1920.482722,synthetic_track_0,0.07372620688605343,12.095843180385152
6.623464,167,1923.417824,synthetic_track_0,0.0708469790369036,11.623464496944406
34.292623,348,1929.71674,synthetic_track_0,0.23949517224243205,39.29262291197279
7.046364,178,1932.90254,synthetic_track_0,0.07342462412415254,12.046364196616212
19.687051,266,1937.818138,synthetic_track_0,0.15047174781260236,24.687051477267854
47.407026,433,1945.549286,synthetic_track_0,0.31942967100222713,52.40702554488613
37.498291,381,1952.525273,synthetic_track_0,0.2590342625962335,42.49829132744185
45.622895,421,1960.048639,synthetic_track_0,0.3085550915514589,50.62289459274821
46.600256,478,1968.638734,synthetic_track_0,0.3145122756042776,51.60025620055415
38.129547,374,1975.36241,synthetic_track_0,0.26288187154140047,43.12954683868924
7.683392,175,1978.556961,synthetic_track_0,0.07730741914342364,12.683392488703324
39.302943,383,1985.404579,synthetic_track_0,0.2700339169762323,44.30294261819027
7.079109,167,1988.295305,synthetic_track_0,0.07362421031318246,12.079109177613374
6.937917,168,1991.432547,synthetic_track_0,0.07276361850061039,11.937916729949768
47.663495,455,1999.540682,synthetic_track_0,0.3209928977742884,52.66349534970678
6.401063,168,2002.508617,synthetic_track_0,0.0694914053052604,11.401063155956562
32.078555,346,2008.74118,synthetic_track_0,0.22600005405327933,37.078554940606246
40.979146,409,2016.154537,synthetic_track_0,0.2802506625558002,45.97914647518979
34.956629,376,2022.816339,synthetic_track_0,0.24354240186850903,39.95662906310569
39.148584,385,2029.671849,synthetic_track_0,0.26909307780539066,44.148584438797535
27.472205,342,2035.749026,synthetic_track_0,0.19792357239831254,32.47220485833066
18.856952,263,2040.543904,synthetic_track_0,0.14541214995898316,23.856951777607758
29.924786,389,2048.126287,synthetic_track_0,0.21287246927007059,34.924786103423045
33.400456,344,2055.059069,synthetic_track_0,0.2340572661608139,38.40045631381082
37.194265,372,2062.501891,synthetic_track_0,0.2571811725385368,42.194265287262226
34.113761,357,2069.736848,synthetic_track_0,0.23840497628955443,39.11376060725286
6.654388,194,2073.620247,synthetic_track_0,0.07103546350644352,11.654388081403546
28.836931,328,2080.223815,synthetic_track_0,0.20624180735567058,33.83693077915969
40.653513,391,2088.05379,synthetic_track_0,0.27826587250362983,45.6535131592897
45.385839,443,2096.958276,synthetic_track_0,0.30711019508101817,50.38583857350455
24.907129,312,2103.206126,synthetic_track_0,0.18228900158644845,29.907128954924747
47.7443,426,2111.842608,synthetic_track_0,0.32148541386739427,52.74429968886439
32.249995,343,2118.789007,synthetic_track_0,0.22704501210861697,37.24999531847594
46.764812,460,2128.043307,synthetic_track_0,0.31551527390775097,51.764812478456214
47.060769,479,2137.695088,synthetic_track_0,0.31731917954602123,52.060769108185625
58.743351,551,2148.830244,synthetic_track_0,0.3885264860714922,63.74335050506806
0.400938,112,2151.060688,synthetic_track_0,0.0329196270376903,5.400937645145467
19.44959,300,2157.04012,synthetic_track_0,0.14902437892449755,24.449589822394678
22.543273,287,2162.828959,synthetic_track_0,0.16788090136770825,27.54327316830456
23.179035,318,2169.230703,synthetic_track_0,0.17175597592338254,28.17903480744842
13.854468,221,2173.639517,synthetic_track_0,0.11492116470983521,18.854467700824227
69.245263,622,2186.064197,synthetic_track_0,0.45253741924221136,74.24526349049792
15.990429,251,2191.217005,synthetic_track_0,0.12794021064371114,20.99042918081437
32.180635,405,2199.418375,synthetic_track_0,0.22662224773169015,37.18063475021202
6.047072,165,2202.745915,synthetic_track_0,0.06733376819786933,11.047071798018965
27.372427,330,2209.381772,synthetic_track_0,0.19731540731360608,32.372426641016915
24.580666,319,2215.81531,synthetic_track_0,0.1802991563716492,29.580666266987322
24.394565,313,2222.122151,synthetic_track_0,0.1791648349931991,29.394564552422022
24.162232,319,2228.55882,synthetic_track_0,0.17774873000196864,29.16223218887919
16.810583,251,2233.651872,synthetic_track_0,0.13293918613180222,21.81058291068132
36.241991,392,2241.590823,synthetic_track_0,0.2513769002537384,41.24199105129501
25.242578,332,2248.265491,synthetic_track_0,0.18433361937459133,30.242577870225997
23.524977,312,2254.567842,synthetic_track_0,0.1738645549460073,28.52497748195137
6.862261,165,2257.845932,synthetic_track_0,0.07230248513458093,11.86226117792393
38.986459,384,2265.576791,synthetic_track_0,0.26810489863886805,43.986459453161764
30.892086,357,2272.75673,synthetic_track_0,0.21876832420015438,35.8920857877648
39.955943,388,2280.567116,synthetic_track_0,0.2740140636689027,44.95594285057544
5.115017,151,2283.617082,synthetic_track_0,0.06165273814892542,10.115017220990666
23.05962,337,2290.381028,synthetic_track_0,0.1710281219092811,28.05961990215712
25.304564,300,2296.468313,synthetic_track_0,0.18471143404247847,30.30456379310245
19.026193,282,2302.218785,synthetic_track_0,0.1464437055275708,24.026193285024156
48.078192,493,2312.139112,synthetic_track_0,0.32352054337146385,53.07819191488174
37.09035,376,2319.734848,synthetic_track_0,0.2565477933931807,42.090350341145516
41.577754,427,2328.328721,synthetic_track_0,0.2838992795066874,46.577754491623296
24.511402,312,2334.706912,synthetic_track_0,0.17987697808347627,29.511401855001562
27.968976,328,2341.296818,synthetic_track_0,0.20095147740298516,32.96897616460753
47.028102,470,2350.869339,synthetic_track_0,0.31712006696969086,52.02810183015439
23.948924,311,2357.202837,synthetic_track_0,0.1764485794810011,28.948923821654695
46.800475,435,2366.030401,synthetic_track_0,0.3157326409564589,51.80047466487275
25.507878,322,2372.637761,synthetic_track_0,0.18595067102036572,30.507878418674135
24.669847,307,2378.801115,synthetic_track_0,0.18084272505049906,29.66984651611229
23.813874,298,2384.702652,synthetic_track_0,0.17562542966179187,28.813874270787316
43.131069,409,2392.885197,synthetic_track_0,0.2933669910552716,48.131068557350154
38.647167,400,2400.858912,synthetic_track_0,0.2660368522549046,43.64716674020766
34.761025,386,2408.608593,synthetic_track_0,0.2423501598395882,39.761024633907546
24.875236,308,2414.836129,synthetic_track_0,0.18209460642017977,29.875235635771016
6.574818,171,2418.203591,synthetic_track_0,0.07055046857057926,11.57481769611895
22.949146,304,2424.582603,synthetic_track_0,0.17035476673421765,27.94914631418512
5.6276,169,2428.462255,synthetic_track_0,0.0647770146155518,10.62759964979902
7.413108,173,2432.012709,synthetic_track_0,0.07565998900604536,12.413107912376672
6.45776,170,2435.529398,synthetic_track_0,0.06983698019360163,11.457759679933645
23.403523,318,2442.027721,synthetic_track_0,0.17312426820114826,28.40352280860608
7.48781,171,2445.464587,synthetic_track_0,0.0761153135058099,12.487810436458119
22.781885,302,2451.588862,synthetic_track_0,0.16933528148052288,27.781885115294667
21.260808,310,2457.881425,synthetic_track_0,0.16006406148089544,26.26080831041217
6.222087,162,2461.132505,synthetic_track_0,0.06840051548969368,11.222087013096424
19.639586,295,2467.254537,synthetic_track_0,0.15018243827652597,24.639586092477632
5.750601,158,2470.708657,synthetic_track_0,0.06552673012131835,10.750601246797913
22.093867,305,2476.780375,synthetic_track_0,0.16514169571712797,27.09386713769929
5.349723,155,2479.87332,synthetic_track_0,0.06308331200240576,10.349723409204056
5.761637,160,2483.170066,synthetic_track_0,0.06559399194017808,10.761636514273592
5.345291,159,2486.199289,synthetic_track_0,0.06305629360687397,10.34529065334774
46.828102,506,2496.793791,synthetic_track_0,0.31590103327744035,51.82810184377428
24.039096,317,2503.242012,synthetic_track_0,0.1769981968677582,29.039096448190357
5.949573,162,2506.462874,synthetic_track_0,0.06673949527068364,10.94957278868167
6.034114,162,2509.726747,synthetic_track_0,0.06725478859082648,11.034114059087472
21.489382,306,2515.815325,synthetic_track_0,0.1614572540760644,26.489381566286877
6.784158,170,2519.205298,synthetic_track_0,0.07182643431897372,11.784158204033265
24.429349,313,2525.45907,synthetic_track_0,0.1793768534961522,29.429349233085496
6.208777,165,2528.76711,synthetic_track_0,0.06831938794602697,11.208776874310646
6.268068,162,2532.014348,synthetic_track_0,0.06868078002530585,11.268068435645771
23.480181,316,2538.284696,synthetic_track_0,0.17359150981207083,28.480180505940282
5.836816,164,2541.558021,synthetic_track_0,0.06605222459076748,10.836816162268072
22.880754,323,2547.990147,synthetic_track_0,0.1699379053920732,27.88075422356344
20.415131,302,2554.102173,synthetic_track_0,0.15490951284464663,25.415130571069145
49.398889,513,2564.332926,synthetic_track_0,0.33157041439346535,54.39888887756349
24.561547,311,2570.561491,synthetic_track_0,0.18018261882858855,29.56154660920176
42.644836,412,2578.869707,synthetic_track_0,0.29040332403047736,47.64483641433222
42.586182,430,2587.454475,synthetic_track_0,0.29004581244074806,47.58618150304376
22.788829,305,2593.804258,synthetic_track_0,0.16937760809426355,27.788829404222415
13.328776,258,2598.962492,synthetic_track_0,0.11171698651338369,18.328776245597354
36.835708,410,2607.637927,synthetic_track_0,0.2549957075366903,41.835708363542935
23.247865,319,2614.700028,synthetic_track_0,0.17217550578531474,28.247864707069645
24.536054,308,2622.103133,synthetic_track_0,0.18002723735299023,29.53605404636208
27.84099,368,2630.283636,synthetic_track_0,0.20017137772742932,32.84098960814225
34.947985,396,2638.712375,synthetic_track_0,0.24348971230680488,39.94798458371993
22.208658,296,2645.072217,synthetic_track_0,0.16584136812059058,27.20865844498853
32.401034,369,2657.586791,synthetic_track_0,0.22796561933310092,37.40103415647418
22.401419,307,2665.98881,synthetic_track_0,0.16701627602803795,27.401418962586327
23.652072,317,2673.771113,synthetic_track_0,0.1746392165601287,28.652071846330625
42.259036,423,2682.943439,synthetic_track_0,0.2880518048517958,47.25903591784173
24.861484,322,2689.981131,synthetic_track_0,0.1820107853505736,29.86148358536735
28.186194,381,2698.303588,synthetic_track_0,0.20227545888191514,33.18619434277344
28.292039,362,2705.936024,synthetic_track_0,0.20292060225013606,33.29203937862245
35.783888,388,2714.239419,synthetic_track_0,0.24858468283584664,40.78388767884622
20.454287,287,2720.378121,synthetic_track_0,0.15514817872098094,25.45428713607609
23.375194,324,2727.377121,synthetic_track_0,0.172951599593019,28.375194043376986
20.212225,306,2733.968135,synthetic_track_0,0.1536727708545153,25.21222528407471
23.40424,311,2740.400061,synthetic_track_0,0.17312863683157217,28.404239545174427
40.926249,423,2749.431626,synthetic_track_0,0.2799282418411856,45.92624872597947
21.359637,299,2755.747762,synthetic_track_0,0.1606664407971018,26.359637289301602
19.847038,291,2761.725391,synthetic_track_0,0.15144689427324645,24.847038260313514
24.874393,324,2768.314252,synthetic_track_0,0.1820894678008997,29.87439257147135
25.248149,336,2775.219827,synthetic_track_0,0.1843675754967968,30.248148859790753
24.254776,316,2781.79705,synthetic_track_0,0.17831279968523675,29.254775922238018
22.293724,307,2788.137677,synthetic_track_0,0.16635985490020197,27.293723648288292
23.235879,303,2794.345815,synthetic_track_0,0.1721024517820228,28.235879148543837
45.069733,464,2803.826125,synthetic_track_0,0.3051834775591584,50.069732890306504
20.930331,293,2809.945956,synthetic_track_0,0.15804974635972435,25.93033098286946
25.807274,311,2816.356167,synthetic_track_0,0.18777553759807505,30.807273991583685
21.050032,309,2822.752823,synthetic_track_0,0.15877934156810947,26.050031556092033
28.056782,355,2830.138773,synthetic_track_0,0.2014866708301252,33.05678233339449
20.147654,277,2836.220755,synthetic_track_0,0.1532792008133009,25.147654465907095
33.638977,392,2845.084373,synthetic_track_0,0.235511088002884,38.63897666846676
22.245937,302,2852.800016,synthetic_track_0,0.16606858435487928,27.24593653176494
23.349462,351,2860.517169,synthetic_track_0,0.17279475610086079,28.349461615721484
23.686606,311,2867.508813,synthetic_track_0,0.1748497085363281,28.686606078354423
27.050773,327,2874.782409,synthetic_track_0,0.19535487581415126,32.0507732891191
27.895044,347,2881.986117,synthetic_track_0,0.2005008483728119,32.89504399975428
21.941968,319,2888.568264,synthetic_track_0,0.16421584681532014,26.941968327249057
21.903063,312,2895.10717,synthetic_track_0,0.16397871104870185,26.903062798718228
28.73435,357,2902.493783,synthetic_track_0,0.20561656081709767,33.73435010399563
23.436553,310,2908.907833,synthetic_track_0,0.17332559406550171,28.43655320832729
29.869554,350,2916.189724,synthetic_track_0,0.21253582313680106,34.86955446996054
22.988157,306,2922.852076,synthetic_track_0,0.17059254266616158,27.988156871032416
19.943545,310,2929.613263,synthetic_track_0,0.1520351202522834,24.943545180953773
28.793368,358,2937.053458,synthetic_track_0,0.2059762858531941,33.79336816295268
42.323108,436,2945.986006,synthetic_track_0,0.288442337457649,47.32310840111119
27.674458,372,2953.614498,synthetic_track_0,0.19915634184234104,32.67445839207865
21.894513,310,2959.931197,synthetic_track_0,0.16392659840848167,26.894512971588327
21.570145,313,2966.338453,synthetic_track_0,0.1619495222308835,26.570145227607362
45.324382,473,2976.043901,synthetic_track_0,0.30673560424627777,50.32438156676022
21.47456,299,2982.174187,synthetic_track_0,0.161366912247944,26.4745596917903
29.57571,368,2989.691762,synthetic_track_0,0.210744788639066,34.57570953570608
24.754974,326,2996.444772,synthetic_track_0,0.18136159319831685,29.75497428834396
30.735378,363,3003.941535,synthetic_track_0,0.21781316570073997,35.735378316848994
29.45783,367,3011.339186,synthetic_track_0,0.21002629228636022,34.45782988917225
55.992037,526,3021.972599,synthetic_track_0,0.371756764693641,60.992036846971644
22.320174,292,3027.919108,synthetic_track_0,0.16652107664849153,27.320174391747695
22.544054,306,3034.066812,synthetic_track_0,0.1678856616151994,27.544054155277642
33.913594,390,3041.911597,synthetic_track_0,0.23718492641464256,38.91359390151156
42.505436,459,3051.274968,synthetic_track_0,0.2895536529253387,47.505435665578844
46.143487,476,3061.164295,synthetic_track_0,0.31172818779807154,51.143486607669246
43.85164,435,3070.108407,synthetic_track_0,0.29775899325518407,48.85163960124171
49.971122,539,3080.958659,synthetic_track_0,0.33505827128946114,54.97112189797093
39.932116,450,3090.052795,synthetic_track_0,0.2738688352691316,44.93211604565539
47.663495,484,3099.887019,synthetic_track_0,0.32099289777428847,52.663495349706785
41.403874,444,3108.986523,synthetic_track_0,0.28283944944711686,46.403874147850324
37.626965,417,3117.486127,synthetic_track_0,0.2598185520526071,42.62696527762874
41.828577,438,3126.521815,synthetic_track_0,0.2854280846081101,46.828576926971984
21.361962,301,3132.661787,synthetic_track_0,0.16068061091546754,26.361962100747068
5.9877,173,3136.298827,synthetic_track_0,0.06697188984835943,10.987700457068065
34.830171,370,3143.78302,synthetic_track_0,0.24277161921121995,39.83017109730882
45.362819,457,3152.994721,synthetic_track_0,0.3069698853187831,50.362818741719416
44.389618,452,3162.140331,synthetic_track_0,0.3010380627860539,49.38961805555554
44.022467,443,3171.226105,synthetic_track_0,0.2988002162896824,49.02246719529604
41.393996,409,3179.5405,synthetic_track_0,0.28277924113691777,46.39399610978104
52.605069,492,3189.57697,synthetic_track_0,0.35111262634566537,57.60506943608582
37.337696,395,3197.692,synthetic_track_0,0.25805540843919156,42.33769624354791
43.302603,465,3207.164097,synthetic_track_0,0.2944125237649419,48.30260321551698
34.760594,413,3215.648805,synthetic_track_0,0.24234753672587894,39.76059427442736
41.301347,418,3224.197419,synthetic_track_0,0.28221453198976604,46.30134746318739
26.873391,337,3231.081456,synthetic_track_0,0.19427370046729864,31.873390944381903
26.24662,313,3238.022411,synthetic_track_0,0.19045342592887982,31.246620035169784
37.922847,438,3247.687876,synthetic_track_0,0.26162200360293275,42.9228474077087
27.388215,344,3254.949404,synthetic_track_0,0.19741163753369298,32.38821459079146
42.839645,442,3264.297621,synthetic_track_0,0.29159071230715805,47.839644515760185
22.949482,301,3270.744346,synthetic_track_0,0.17035681141783768,27.949481773901088
36.123417,394,3279.717774,synthetic_track_0,0.25065417410844093,41.12341744653337
30.410709,339,3287.000768,synthetic_track_0,0.2158342487220253,35.410708563005166
28.42787,330,3293.958454,synthetic_track_0,0.20374851020600024,33.427869570149916
46.260405,462,3303.624494,synthetic_track_0,0.31244082565920983,51.26040508451502
21.105155,289,3309.609065,synthetic_track_0,0.15911532909634543,26.105155135939135
46.995799,479,3319.421346,synthetic_track_0,0.3169231732715889,51.99579859096662
35.692159,376,3327.241947,synthetic_track_0,0.24802558028314045,40.69215887459973
22.303431,303,3333.57636,synthetic_track_0,0.16641902040476395,27.303430599114826
44.579543,467,3343.621176,synthetic_track_0,0.30219568770625954,49.57954305085815
9.96723,205,3347.963773,synthetic_track_0,0.091227796542232,14.967230341476615
25.465785,332,3354.838513,synthetic_track_0,0.18569410712987422,30.465785427372804
38.11132,412,3363.358218,synthetic_track_0,0.2627707775566678,43.111320274834036
5.694761,160,3366.664559,synthetic_track_0,0.06518637638618406,10.694761327996645
23.844653,322,3373.297414,synthetic_track_0,0.17581303154604652,28.8446530544537
24.880568,339,3380.357891,synthetic_track_0,0.18212711106919904,29.88056849031185
32.138897,376,3388.117599,synthetic_track_0,0.22636785089531955,37.138897295264954
14.442388,236,3392.951993,synthetic_track_0,0.1185046364483931,19.44238770948451
58.457485,586,3404.974006,synthetic_track_0,0.3867840872806544,63.45748495709215
41.539444,449,3414.246474,synthetic_track_0,0.28366576948984623,46.53944381942059
43.137964,450,3423.693507,synthetic_track_0,0.2934090226019159,48.13796443628266
47.152194,466,3433.778579,synthetic_track_0,0.31787642772627944,52.152193675997395
46.970777,461,3444.426026,synthetic_track_0,0.3167706632546218,51.97077713215859
48.363495,499,3454.782463,synthetic_track_0,0.32525951611366744,53.36349537037035
21.504873,301,3460.794713,synthetic_track_0,0.16155167905169024,26.50487333977859
22.760997,295,3466.604603,synthetic_track_0,0.1692079678122376,27.760997479386873
20.607345,302,3472.517046,synthetic_track_0,0.15608109426971367,25.607345331453676
59.064569,597,3484.800846,synthetic_track_0,0.39048436996864955,64.06456947978106
29.080784,360,3491.93937,synthetic_track_0,0.20772813151933062,34.08078360650825
24.219836,313,3498.281039,synthetic_track_0,0.17809983586313693,29.219836148390762
19.432189,296,3504.512549,synthetic_track_0,0.14891831571046793,24.432188628731037
45.092781,500,3514.654548,synthetic_track_0,0.30532395872253126,50.092780842910145
17.380107,286,3520.517076,synthetic_track_0,0.13641053429537972,22.3801074364181
37.269724,463,3530.548412,synthetic_track_0,0.2576411043132406,42.269723700972456
27.604107,353,3537.884678,synthetic_track_0,0.19872753805520801,32.60410697182543
37.254279,418,3546.387084,synthetic_track_0,0.25754696517071146,42.25427882250572
20.075724,322,3552.988738,synthetic_track_0,0.15284077143237598,25.07572382873845
28.275098,400,3561.216105,synthetic_track_0,0.20281734169927526,33.27509800210673
30.053925,355,3568.393297,synthetic_track_0,0.2136595945994889,35.053925319315
29.212801,375,3575.99703,synthetic_track_0,0.2085327973438884,34.21280059256463
19.655398,328,3582.672183,synthetic_track_0,0.15027881564492832,24.655398184046845
23.619419,303,3589.248629,synthetic_track_0,0.17444019462321397,28.6194194389974
43.943123,513,3600.465891,synthetic_track_0,0.2983165984242414,48.94312273819345
24.282394,338,3607.907043,synthetic_track_0,0.17848113823530976,29.282394279249704
4.82136,159,3611.313344,synthetic_track_0,0.05986285069372792,9.821360475539638
20.218923,293,3617.408216,synthetic_track_0,0.15371359154126368,25.218922504049516
21.934061,294,3623.522945,synthetic_track_0,0.1641676503427384,26.934061003668752
67.614841,790,3642.273556,synthetic_track_0,0.4425997171089974,72.61484071881625
38.21414,404,3650.660175,synthetic_track_0,0.26339748231487514,43.21414019187376
49.214553,557,3662.398755,synthetic_track_0,0.33044685307142,54.21455250479972
21.102244,298,3668.736067,synthetic_track_0,0.15909758296788637,26.102243628675087
71.039062,749,3684.740773,synthetic_track_0,0.4634709271251575,76.03906249833265
25.623322,382,3692.624779,synthetic_track_0,0.18665431766671717,30.62332175759194
32.790857,414,3701.159751,synthetic_track_0,0.2303416533343437,37.79085666171597
52.274339,545,3712.457596,synthetic_track_0,0.3490967670854132,57.27433877034816
42.751774,500,3722.734729,synthetic_track_0,0.2910551242918199,47.751773609111794
21.769918,296,3728.844855,synthetic_track_0,0.1631671719177203,26.769918148020675
44.389618,501,3739.433744,synthetic_track_0,0.3010380627860539,49.38961805555554
44.145263,460,3749.074384,synthetic_track_0,0.29954867578804056,49.14526272623936
70.59721,676,3763.15477,synthetic_track_0,0.46077776278969157,75.59721020677031
21.594373,300,3769.564021,synthetic_track_0,0.16209719602312508,26.594373234285747
21.105096,297,3775.582242,synthetic_track_0,0.15911496608541503,26.105095578782024
39.75485,450,3784.66604,synthetic_track_0,0.27278836871646694,44.754849988785246
54.158689,625,3797.708393,synthetic_track_0,0.3605821979746945,59.1586886747263
65.083097,744,3813.118798,synthetic_track_0,0.427168311734088,70.08309702343884
43.493107,489,3823.322852,synthetic_track_0,0.29557367876278245,48.493107370758636
36.018428,446,3832.60089,synthetic_track_0,0.2500142437849261,41.01842768554414
66.169617,754,3848.328882,synthetic_track_0,0.433790833981064,71.16961691835
54.231864,574,3860.163082,synthetic_track_0,0.3610282138350638,59.23186398281355
65.480195,751,3875.658338,synthetic_track_0,0.4295886879464942,70.48019450531591
49.534656,537,3886.71257,synthetic_track_0,0.3323979399997659,54.5346563391533
46.877992,558,3898.242156,synthetic_track_0,0.31620511999746737,51.87799163783855
31.368997,430,3907.182784,synthetic_track_0,0.22167518097821062,36.36899739383115
42.348453,524,3917.949893,synthetic_track_0,0.2885968189637576,47.34845331102968
38.432683,461,3927.511907,synthetic_track_0,0.2647295386978056,43.43268317402202
42.399385,446,3936.833777,synthetic_track_0,0.2889072571420525,47.39938515304975
59.658679,613,3949.492808,synthetic_track_0,0.39410556763086496,64.65867896808054
30.346111,359,3957.035952,synthetic_track_0,0.21544051795339306,35.3461113751961
54.665499,641,3970.248345,synthetic_track_0,0.3636712924509789,59.66549899269478
36.469795,461,3979.762709,synthetic_track_0,0.2527654061850011,41.469795392640634
42.981976,491,3989.842287,synthetic_track_0,0.29245824526382846,47.981975757809835
57.982037,669,4003.75109,synthetic_track_0,0.3838861519058558,62.982037035369686
44.664648,486,4013.777158,synthetic_track_0,0.30271441577299635,49.66464784077648
49.457498,523,4024.614686,synthetic_track_0,0.3319276441063731,54.45749754291074
48.292088,502,4035.012817,synthetic_track_0,0.324824278032215,53.29208831171728
54.478241,618,4047.90231,synthetic_track_0,0.3625299224657295,59.47824085294384
42.169902,432,4056.840889,synthetic_track_0,0.2875085199511946,47.1699022266144
27.126412,358,4064.296015,synthetic_track_0,0.19581590663352144,32.12641201689259
66.25703,669,4078.130544,synthetic_track_0,0.43432363256262646,71.25703017832242
36.677382,428,4087.031885,synthetic_track_0,0.2540306813649819,41.67738195925642
37.446258,434,4095.973725,synthetic_track_0,0.25871711002909914,42.44625789349287
42.903875,440,4105.152729,synthetic_track_0,0.2919822055364794,47.90387460310718
41.630043,536,4116.208911,synthetic_track_0,0.28421798380051944,46.630042508624705
34.618709,455,4125.603343,synthetic_track_0,0.24148272449118668,39.618709405896375
50.723416,556,4136.99175,synthetic_track_0,0.3396436297039979,55.72341580607633
37.61778,441,4146.042044,synthetic_track_0,0.2597625671416498,42.6177801488664
58.705822,714,4160.500702,synthetic_track_0,0.3882977417749039,63.70582171772361
54.59445,650,4173.415924,synthetic_track_0,0.36323823757499946,59.59445012025727
33.593394,368,4180.815969,synthetic_track_0,0.23523325191492156,38.593393667634516
36.655921,407,4189.066958,synthetic_track_0,0.2538998746078296,41.65592123194823
41.611413,433,4197.878275,synthetic_track_0,0.28410443603596613,46.61141336694592
39.597652,442,4206.769705,synthetic_track_0,0.27183021831825915,44.59765165389929
43.421115,524,4217.35989,synthetic_track_0,0.29513487505517655,48.42111531992147
28.224149,394,4225.282331,synthetic_track_0,0.2025067995930422,33.22414910921567
57.675653,634,4237.938849,synthetic_track_0,0.38201869064474236,62.67565319285377
35.597305,468,4247.160906,synthetic_track_0,0.24744742788299035,40.597304669264204
49.297054,557,4258.164755,synthetic_track_0,0.3309497130191295,54.29705390187541
39.557005,443,4266.934748,synthetic_track_0,0.2715824693341702,44.55700487460314
44.525171,484,4276.536815,synthetic_track_0,0.30186427876724026,49.525170654335014
72.120489,744,4291.128603,synthetic_track_0,0.47006240585343406,77.1204892581184
18.562433,290,4296.784731,synthetic_track_0,0.14361700584643972,23.56243260201696
37.808697,413,4305.353034,synthetic_track_0,0.26092623775902857,42.808697027625534
48.899509,583,4317.189034,synthetic_track_0,0.32852661150041373,53.89950929435426
58.214496,647,4330.26486,synthetic_track_0,0.3853030272348925,63.21449578389411
22.445468,318,4336.505913,synthetic_track_0,0.16728476099457634,27.44546777763738
58.276103,609,4348.497019,synthetic_track_0,0.385678531303266,63.27610261973285
21.474755,299,4354.440617,synthetic_track_0,0.1613681007466563,26.474754682074646
24.866311,316,4360.717796,synthetic_track_0,0.1820402104241198,29.866311191319408
42.339978,437,4369.372605,synthetic_track_0,0.288545158932103,47.33997774083584
47.663495,493,4379.156014,synthetic_track_0,0.3209928977742884,52.66349534970678
41.682744,442,4387.854841,synthetic_track_0,0.2845392068090866,46.6827437569551
49.140564,561,4398.950862,synthetic_track_0,0.3299958798782959,54.14056387507111
41.348794,430,4407.528772,synthetic_track_0,0.2825037244530993,46.348793640512575
33.750414,374,4414.859623,synthetic_track_0,0.23619031868143534,38.7504142171767
36.023606,439,4423.674426,synthetic_track_0,0.2500458038028146,41.023605559780094
23.46412,301,4430.054786,synthetic_track_0,0.17349361905276425,28.46412012085617
43.505438,486,4439.81309,synthetic_track_0,0.2956488345276698,48.5054377534621
48.541765,574,4449.556934,synthetic_track_0,0.3263461024137395,53.541765459701544
48.343834,469,4457.414487,synthetic_track_0,0.32513967750648964,53.34383412560268
4.537675,152,4460.050645,synthetic_track_0,0.05813374136336668,9.537675254433454
29.724581,373,4466.496284,synthetic_track_0,0.21165218467736452,34.72458088885632
42.305286,486,4474.716791,synthetic_track_0,0.28833370446088175,47.30528559767926
21.980834,299,4479.769542,synthetic_track_0,0.16445273868690433,26.98083384129644
41.301491,481,4487.963651,synthetic_track_0,0.2822154042269566,46.30149056622658
29.711438,372,4494.201877,synthetic_track_0,0.21157207686231644,34.71143805119695
38.588457,449,4502.283952,synthetic_track_0,0.2656790053896322,43.58845682215074
53.936237,560,4511.7442,synthetic_track_0,0.3592263192304037,58.93623729203268
43.235987,515,4521.887856,synthetic_track_0,0.29400648796411766,48.23598721043777
38.181413,444,4529.562361,synthetic_track_0,0.26319800694760975,43.181413392778815
58.325381,623,4539.899252,synthetic_track_0,0.3859788935692451,63.32538136361565
45.316256,511,4548.251973,synthetic_track_0,0.3066860752270716,50.316255619766615
41.59273,520,4557.100476,synthetic_track_0,0.2839905586482071,46.5927301458458
28.539625,360,4563.153056,synthetic_track_0,0.20442967759267616,33.539624863644924
43.159556,502,4571.593929,synthetic_track_0,0.29354062494657707,48.159555691148825
48.263495,533,4580.444519,synthetic_track_0,0.3246499991570043,53.263495359044974
53.331345,588,4590.398959,synthetic_track_0,0.35553940079255275,58.33134536653268
55.243553,591,4599.984503,synthetic_track_0,0.36719463063323243,60.24355322773591
42.426159,462,4608.625174,synthetic_track_0,0.28907044951349564,47.426159205541865
31.387069,398,4616.441972,synthetic_track_0,0.2217853276619202,36.38706853934728
36.680131,407,4623.369851,synthetic_track_0,0.2540474398471906,41.680131428967385
43.741026,492,4632.072524,synthetic_track_0,0.29708478741793864,48.74102644992056
47.790606,499,4640.938225,synthetic_track_0,0.3217676595537727,52.790606147652504
41.253239,543,4650.572926,synthetic_track_0,0.2819213017463602,46.25323883004606
36.998375,446,4658.2248,synthetic_track_0,0.25598719058713626,41.998375398790515
41.693208,437,4665.76078,synthetic_track_0,0.2846029857214935,46.69320760360167
42.867402,496,4674.322863,synthetic_track_0,0.2917599016534582,47.867402458113055
54.591629,592,4684.195924,synthetic_track_0,0.3632210411172313,59.591628794365064
59.742683,699,4696.223718,synthetic_track_0,0.39461758808425373,64.74268327768665
30.287487,378,4702.786103,synthetic_track_0,0.21508319247902127,35.28748699880525
57.982037,632,4713.214174,synthetic_track_0,0.3838861519058558,62.982037035369686
35.62119,411,4719.975246,synthetic_track_0,0.24759301251641064,40.621189919431046
54.554798,597,4729.912724,synthetic_track_0,0.3629965541212677,59.55479847833635
48.532013,509,4738.391402,synthetic_track_0,0.3262866583812334,53.53201281236523
47.403784,565,4747.803541,synthetic_track_0,0.3194099123378825,52.403783852203695
49.700241,542,4756.686947,synthetic_track_0,0.3334072045323843,54.70024068194941
63.684221,723,4769.286431,synthetic_track_0,0.41864192511586706,68.68422083293127
26.113445,347,4775.413277,synthetic_track_0,0.18964169989587562,31.113444720510916
53.226828,524,4784.319815,synthetic_track_0,0.35490235031476725,58.226828085599024
40.513034,429,4791.680946,synthetic_track_0,0.2774096281684892,45.513033977742204
41.865125,446,4799.638772,synthetic_track_0,0.28565085048234184,46.865124868259855
53.609591,583,4809.90977,synthetic_track_0,0.3572353548289872,58.60959098545565
27.892259,371,4816.325264,synthetic_track_0,0.20048387069691145,32.892258568169865
