time/fps,time/episodes,train/actor_loss,time/total_timesteps,rollout/ep_rew_mean,time/time_elapsed,train/learning_rate,train/ent_coef,train/critic_loss,rollout/ep_len_mean,train/n_updates,train/ent_coef_loss
47,4,-4.976961612701416,662,2.67421925,13,0.0003,0.8452867269515991,0.08865787088871002,165.5,561,-0.5654410123825073
45,8,-7.101999759674072,1202,1.48005,26,0.0003,0.7189362049102783,0.08224218338727951,150.25,1101,-1.1094462871551514
44,12,-8.995627403259277,1859,1.6050057500000001,41,0.0003,0.5903122425079346,0.05396521836519241,154.91666666666666,1758,-1.7686183452606201
44,16,-10.425682067871094,2401,1.3471095625,53,0.0003,0.5016915798187256,0.06809951364994049,150.0625,2300,-2.306558132171631
43,20,-12.126981735229492,3108,1.7174409000000002,70,0.0003,0.40580251812934875,0.059275317937135696,155.4,3007,-3.049752950668335
43,24,-12.892117500305176,3696,1.5511416666666669,84,0.0003,0.3402107059955597,0.0527162030339241,154.0,3595,-3.6179728507995605
42,28,-13.729488372802734,4332,1.5686618571428572,101,0.0003,0.28119534254074097,0.052322760224342346,154.71428571428572,4231,-4.258614540100098
42,32,-14.428544044494629,4999,1.6342266874999998,118,0.0003,0.2302842140197754,0.03133278340101242,156.21875,4898,-4.888301849365234
42,36,-14.575959205627441,5604,1.5713816666666665,133,0.0003,0.19218792021274567,0.056821323931217194,155.66666666666666,5503,-5.461812973022461
42,40,-14.195687294006348,6208,1.570048075,147,0.0003,0.16059163212776184,0.04017871618270874,155.2,6107,-5.973067283630371
42,44,-13.949033737182617,6974,1.8252593409090911,165,0.0003,0.12811848521232605,0.08478409796953201,158.5,6873,-6.586708068847656
41,48,-14.143335342407227,7619,1.8986437708333332,181,0.0003,0.10603898763656616,0.10346589982509613,158.72916666666666,7518,-7.161341667175293
42,52,-14.41555404663086,8246,1.955556480769231,196,0.0003,0.08832826465368271,0.1435922384262085,158.57692307692307,8145,-7.4678635597229
42,56,-13.644079208374023,8794,1.9297383928571428,208,0.0003,0.07533881068229675,0.0853433907032013,157.03571428571428,8693,-7.886758804321289
42,60,-13.878339767456055,9384,1.9040579499999999,223,0.0003,0.06350041180849075,0.10272622853517532,156.4,9283,-7.984221458435059
42,64,-13.047860145568848,10018,2.01140553125,238,0.0003,0.05284702405333519,0.1133590117096901,156.53125,9917,-8.398396492004395
42,68,-12.52928352355957,10770,2.00373,256,0.0003,0.04263497516512871,0.11747400462627411,158.38235294117646,10669,-8.737570762634277
42,72,-12.985003471374512,12250,2.075099194444445,288,0.0003,0.028349939733743668,0.11838474869728088,170.13888888888889,12149,-8.31997299194336
42,76,-12.298408508300781,14706,2.239106078947369,342,0.0003,0.015273399651050568,0.16693639755249023,193.5,14605,-4.344052791595459
43,80,-10.838903427124023,16329,2.6296769875,378,0.0003,0.01077035628259182,0.2373877465724945,204.1125,16228,-3.3924269676208496
43,84,-11.411918640136719,17206,2.8621021190476186,397,0.0003,0.009167649783194065,0.1580413579940796,204.83333333333334,17105,-3.4522876739501953
43,88,-10.299737930297852,18062,3.148847886363636,416,0.0003,0.008027427829802036,0.1723373979330063,205.25,17961,-3.132436752319336
43,92,-10.294320106506348,19369,3.9268422826086953,445,0.0003,0.007388547994196415,0.2104160189628601,210.5326086956522,19268,-1.561489224433899
43,96,-8.689603805541992,20536,4.081392,472,0.0003,0.00767299672588706,0.17090868949890137,213.91666666666666,20435,-1.8678630590438843
43,100,-8.491317749023438,22641,4.39109488,522,0.0003,0.008629079908132553,0.1559430956840515,226.41,22540,0.30200693011283875
43,104,-6.69877815246582,29832,4.5683811,684,0.0003,0.008116234093904495,0.09382803738117218,291.7,29731,-0.6937614679336548
43,108,-5.545538902282715,34490,4.91139451,788,0.0003,0.009250432252883911,0.08811774104833603,332.88,34389,-0.509714663028717
43,112,-4.795892715454102,46490,4.99317814,1062,0.0003,0.0106422184035182,0.04976970702409744,446.31,46389,-0.0955776572227478
44,116,-3.963581085205078,58490,5.118284460000001,1306,0.0003,0.008897733874619007,0.029688354581594467,560.89,58389,0.8861777782440186
46,120,-2.7889957427978516,69918,5.5628918,1519,0.0003,0.007137298118323088,0.023877646774053574,668.1,69817,1.7918956279754639
45,124,-2.793163776397705,78672,7.17774469,1717,0.0003,0.005310782231390476,0.034649558365345,749.76,78571,0.07053780555725098
46,128,-3.213672637939453,83742,8.609550989999999,1820,0.0003,0.004350418224930763,0.029271826148033142,794.1,83641,0.6504242420196533
46,132,-3.599731683731079,85318,9.198137260000001,1852,0.0003,0.004033417906612158,0.0246921144425869,803.19,85217,1.5301541090011597
46,136,-3.497311592102051,86424,9.868538590000002,1875,0.0003,0.0040320660918951035,0.04855385422706604,808.2,86323,1.4587700366973877
46,140,-3.7355737686157227,87456,10.30510644,1896,0.0003,0.003971205558627844,0.01900959201157093,812.48,87355,-0.16611534357070923
46,144,-3.63364839553833,88312,10.64421028,1913,0.0003,0.004041444044560194,0.03049072064459324,813.38,88211,-2.4296329021453857
46,148,-3.7016139030456543,89174,11.086558320000002,1929,0.0003,0.0037869918160140514,0.041862837970256805,815.55,89073,-0.8122250437736511
46,152,-4.318130016326904,90675,12.483170590000002,1956,0.0003,0.004153987858444452,0.0499720498919487,824.29,90574,-0.8602354526519775
46,156,-4.242819786071777,92085,13.736567839999998,1981,0.0003,0.0038259790744632483,0.055796340107917786,832.91,91984,-1.0028204917907715
46,160,-4.293853759765625,93043,14.355602410000001,1998,0.0003,0.003725487971678376,0.04585373401641846,836.59,92942,0.06574945151805878
46,164,-3.9152493476867676,94559,15.682366780000002,2026,0.0003,0.0035654923412948847,0.04180879890918732,845.41,94458,-0.5920354127883911
46,168,-4.395134925842285,95897,16.703673910000006,2051,0.0003,0.0033491586800664663,0.06891827285289764,851.27,95796,1.3508236408233643
46,172,-4.48905086517334,97148,17.64013234,2076,0.0003,0.003273708513006568,0.03842227905988693,848.98,97047,-0.14253567159175873
46,176,-4.507725238800049,98720,19.01939095,2108,0.0003,0.0032532857730984688,0.06117973476648331,840.14,98619,-0.5249347686767578
46,180,-4.541633605957031,100553,20.46555925,2145,0.0003,0.002909222152084112,0.04237537086009979,842.24,100452,1.1712197065353394
46,184,-4.444777965545654,101570,20.820863419999995,2165,0.0003,0.002898337785154581,0.04898238554596901,843.64,101469,2.215264320373535
46,188,-4.57620906829834,103069,21.766751009999997,2195,0.0003,0.002910790266469121,0.03295986354351044,850.07,102968,-0.15273705124855042
46,192,-4.602899551391602,104196,21.748989549999997,2218,0.0003,0.0028245728462934494,0.04883599281311035,848.27,104095,1.1928730010986328
46,196,-4.8181633949279785,105490,22.468121970000002,2244,0.0003,0.0028226166032254696,0.037321314215660095,849.54,105389,0.10189377516508102
47,200,-4.4191484451293945,106708,22.997821240000004,2269,0.0003,0.0029212478548288345,0.06573691964149475,840.67,106607,0.5449000000953674
47,204,-4.765353202819824,107884,23.647917690000003,2292,0.0003,0.002798554953187704,0.025830579921603203,780.52,107783,1.7525460720062256
47,208,-4.757888317108154,109462,24.751193940000004,2324,0.0003,0.0027057763654738665,0.057707615196704865,749.72,109361,2.0098376274108887
47,212,-4.844505310058594,110883,25.82978766,2353,0.0003,0.0028456784784793854,0.04155052453279495,643.93,110782,-0.8904107809066772
47,216,-4.750818729400635,112245,26.889665239999996,2381,0.0003,0.0029988011810928583,0.049055106937885284,537.55,112144,-0.9020368456840515
47,220,-4.976174354553223,113748,27.73125222,2411,0.0003,0.003312733955681324,0.0441504642367363,438.3,113647,0.796754002571106
47,224,-5.033128261566162,114565,26.51326023,2428,0.0003,0.003396836342290044,0.06292366981506348,358.93,114464,1.0597712993621826
47,228,-5.136096477508545,115526,25.615812389999995,2447,0.0003,0.00333656114526093,0.06091965734958649,317.84,115425,-0.24888497591018677
47,232,-5.37449312210083,116451,25.47222972,2467,0.0003,0.0034611301962286234,0.04832778126001358,311.33,116350,-0.9629878997802734
47,236,-5.3460540771484375,117230,25.144588709999997,2482,0.0003,0.0034534872975200415,0.04461343586444855,308.06,117129,-1.116863489151001
47,240,-5.542744159698486,118377,25.474207879999994,2506,0.0003,0.0035800361074507236,0.11778093874454498,309.21,118276,-1.8951956033706665
47,244,-6.018372535705566,119331,25.54912582,2525,0.0003,0.0034974447917193174,0.029315248131752014,310.19,119230,-0.681195855140686
47,248,-5.347034454345703,120296,25.583201069999994,2544,0.0003,0.0034355842508375645,0.07886959612369537,311.22,120195,-0.017536967992782593
47,252,-5.435611724853516,121834,25.45125247,2575,0.0003,0.003351666731759906,0.044425707310438156,311.59,121733,0.1896987408399582
47,256,-5.726744651794434,123237,25.289486039999996,2603,0.0003,0.0031843974720686674,0.07710102200508118,311.52,123136,-2.4025421142578125
47,260,-5.686345100402832,124628,25.714399139999998,2635,0.0003,0.003371143015101552,0.07588283717632294,315.85,124527,-0.7626038789749146
47,264,-6.06221342086792,125917,25.249401829999996,2670,0.0003,0.0035372006241232157,0.05199599266052246,313.58,125816,0.5897942781448364
47,268,-5.603118896484375,127405,25.388845369999995,2702,0.0003,0.003682767739519477,0.07752422988414764,315.08,127304,-0.38346654176712036
47,272,-5.9389567375183105,128710,25.31910786,2730,0.0003,0.0037341422867029905,0.04548155516386032,315.62,128609,0.18132942914962769
47,276,-6.2101874351501465,130034,24.78757169,2758,0.0003,0.003740037092939019,0.08746875822544098,313.14,129933,-0.28279998898506165
47,280,-5.910778999328613,131317,23.906092840000007,2784,0.0003,0.003806063439697027,0.05252242833375931,307.64,131216,-1.1493531465530396
47,284,-6.276923179626465,132688,24.400796649999993,2812,0.0003,0.003916715271770954,0.04859236627817154,311.18,132587,-1.506846308708191
47,288,-6.58864164352417,134021,24.11702315,2841,0.0003,0.003942158073186874,0.05020885542035103,309.52,133920,-2.307664155960083
47,292,-6.536912441253662,135312,24.25640363,2871,0.0003,0.00403229845687747,0.11057638376951218,311.16,135211,-0.5912691950798035
47,296,-6.15068244934082,136647,24.23657404,2898,0.0003,0.003998727537691593,0.12410612404346466,311.57,136546,-0.703310489654541
47,300,-6.415347099304199,137923,24.196294299999998,2925,0.0003,0.0041146352887153625,0.07456222176551819,312.15,137822,-1.0219430923461914
47,304,-6.824990749359131,139399,24.46879733,2956,0.0003,0.004123947583138943,0.07597807049751282,315.15,139298,-1.2254247665405273
47,308,-6.788834095001221,140852,24.190520409999998,2986,0.0003,0.003937821835279465,0.07272350788116455,313.9,140751,0.3716790974140167
47,312,-6.329252243041992,142434,24.365348559999997,3018,0.0003,0.00413598632439971,0.07732952386140823,315.51,142333,0.08764077723026276
47,316,-6.431678771972656,143881,24.370260400000003,3047,0.0003,0.004158066585659981,0.05457709729671478,316.36,143780,0.5301546454429626
47,320,-6.678471565246582,145781,24.755099079999994,3086,0.0003,0.003922252915799618,0.07331675291061401,320.33,145680,0.8143519759178162
47,324,-6.66432523727417,147564,26.01468147,3122,0.0003,0.004066236782819033,0.04890679568052292,329.99,147463,-0.2831619381904602
47,328,-6.053299427032471,148865,26.48879821,3149,0.0003,0.003980379551649094,0.06349509954452515,333.39,148764,-0.6108198761940002
47,332,-6.035719871520996,150661,27.784178890000003,3185,0.0003,0.004037350881844759,0.08441032469272614,342.1,150560,1.9656765460968018
47,336,-6.613223075866699,152352,28.965696110000003,3220,0.0003,0.004034354817122221,0.0642489492893219,351.22,152251,-0.14760854840278625
47,340,-6.9308977127075195,153784,29.321497989999997,3251,0.0003,0.004212821833789349,0.05913429334759712,354.07,153683,0.27662983536720276
47,344,-6.2106146812438965,155260,30.055613859999998,3283,0.0003,0.004244727548211813,0.10328200459480286,359.29,155159,0.3396450877189636
47,348,-6.623734951019287,156820,30.898847959999998,3315,0.0003,0.004290434066206217,0.07576291263103485,365.24,156719,0.5791363716125488
47,352,-7.131414413452148,158171,30.654067559999998,3344,0.0003,0.00425319466739893,0.06368692219257355,363.37,158070,-0.5437878370285034
47,356,-6.8379034996032715,159397,30.429837800000005,3369,0.0003,0.004202989861369133,0.05303676798939705,361.6,159296,-0.6620066165924072
47,360,-6.90662956237793,160934,30.623302239999997,3401,0.0003,0.00416857423260808,0.06965629011392593,363.06,160833,0.3719678819179535
47,364,-6.878961086273193,162760,31.404674199999995,3440,0.0003,0.004302673507481813,0.06948848068714142,368.43,162659,-0.25814709067344666
47,368,-7.050464153289795,164157,31.301053769999996,3468,0.0003,0.004273301921784878,0.07616075873374939,367.52,164056,0.09242279827594757
47,372,-7.140230178833008,165723,31.620771610000006,3500,0.0003,0.004251065663993359,0.04742749407887459,370.13,165622,-1.0260688066482544
47,376,-7.185490608215332,167325,31.83886716,3534,0.0003,0.004317355342209339,0.06662451475858688,372.91,167224,-1.6143693923950195
47,380,-8.040727615356445,168820,32.028746999999996,3564,0.0003,0.004197732545435429,0.03331815451383591,375.03,168719,-0.6226766109466553
47,384,-6.979648113250732,170339,32.04262224,3596,0.0003,0.0043296837247908115,0.0629282295703888,376.51,170238,0.8243388533592224
47,388,-7.4763875007629395,171423,31.726255169999998,3619,0.0003,0.0042778910137712955,0.059709332883358,374.02,171322,1.5926790237426758
47,392,-7.130617618560791,173472,32.52438517,3665,0.0003,0.004239608068019152,0.06275216490030289,381.6,173371,0.6046396493911743
47,396,-7.088183403015137,175562,33.33691672,3708,0.0003,0.004218993242830038,0.07603264600038528,389.15,175461,-0.6325401067733765
47,400,-8.158568382263184,177319,33.905104359999996,3745,0.0003,0.004085534252226353,0.0569443553686142,393.96,177218,-1.3059782981872559
47,404,-7.997005939483643,179042,34.22876517999999,3781,0.0003,0.0038980869576334953,0.053007546812295914,396.43,178941,-0.31289297342300415
47,408,-7.197811126708984,181346,35.03685041999999,3828,0.0003,0.004026686307042837,0.09218742698431015,404.94,181245,1.0616369247436523
47,412,-6.931115627288818,183962,35.98161155,3883,0.0003,0.0040412223897874355,0.107822485268116,415.28,183861,0.5011060237884521
47,416,-7.2899041175842285,185935,36.35906022,3923,0.0003,0.00403446052223444,0.0737750381231308,420.54,185834,-0.394115149974823
47,420,-6.911043167114258,187994,36.430773310000006,3966,0.0003,0.004135154187679291,0.11405090987682343,422.13,187893,1.4530346393585205
47,424,-7.133315563201904,190101,36.566528760000004,4010,0.0003,0.004249265883117914,0.05559376999735832,425.37,190000,0.9578298926353455
47,428,-7.17432975769043,192176,37.43507953,4053,0.0003,0.004222221672534943,0.1331351399421692,433.11,192075,0.677064836025238
47,432,-6.618735313415527,194065,37.28603885,4092,0.0003,0.004157638177275658,0.06834343075752258,434.04,193964,-0.4201226234436035
47,436,-6.977762699127197,196052,37.41777688,4133,0.0003,0.004092514514923096,0.0858900398015976,437.0,195951,1.2483124732971191
47,440,-6.863804340362549,198225,38.078580609999996,4177,0.0003,0.004234813153743744,0.058242421597242355,444.41,198124,-1.1677393913269043
47,444,-7.187747955322266,200031,38.36820909,4213,0.0003,0.004258261527866125,0.06713830679655075,447.71,199930,1.0841985940933228
47,448,-6.788384437561035,202084,38.64825841,4254,0.0003,0.004095421172678471,0.057659249752759933,452.64,201983,2.156229257583618
47,452,-7.037695407867432,204045,39.27048576,4293,0.0003,0.004175389651209116,0.07872647047042847,458.74,203944,0.20455318689346313
47,456,-6.775087356567383,206006,40.013002269999994,4332,0.0003,0.004418857861310244,0.05792819708585739,466.09,205905,0.6482263207435608
47,460,-7.267519474029541,207667,40.18338036000001,4365,0.0003,0.004311940632760525,0.06192367523908615,467.33,207566,-0.6676180362701416
47,464,-7.165866851806641,209593,40.19373254,4403,0.0003,0.004450666252523661,0.06594499945640564,468.33,209492,-1.9241609573364258
47,468,-7.249147415161133,211193,40.428801220000004,4436,0.0003,0.004621369298547506,0.0754799172282219,470.36,211092,-0.2347327470779419
47,472,-6.975213527679443,212761,40.42230599,4462,0.0003,0.00472736731171608,0.07907772809267044,470.38,212660,0.47366705536842346
47,476,-7.363130569458008,214399,40.50182929,4490,0.0003,0.00466676102951169,0.06705252826213837,470.74,214298,0.4704793691635132
47,480,-7.244738578796387,216367,41.084659970000004,4525,0.0003,0.004633821081370115,0.059579893946647644,475.47,216266,0.6016426086425781
47,484,-7.5432820320129395,218381,41.65809248000001,4559,0.0003,0.00473567470908165,0.08607766032218933,480.42,218280,0.4536522626876831
47,488,-7.778001308441162,220595,42.94550459,4596,0.0003,0.0046575660817325115,0.052544236183166504,491.72,220494,-0.7510479688644409
48,492,-7.505650043487549,222354,42.72639066,4628,0.0003,0.004724480677396059,0.06641027331352234,488.82,222253,0.5778771042823792
48,496,-7.399006366729736,224279,42.58646913999999,4662,0.0003,0.004642468877136707,0.07702204585075378,487.17,224178,0.3100982904434204
48,500,-6.677903175354004,226444,42.930795419999995,4699,0.0003,0.004657337442040443,0.07506522536277771,491.25,226343,1.0262337923049927
48,504,-6.80402946472168,228593,43.367180510000004,4734,0.0003,0.004429792053997517,0.06326298415660858,495.51,228492,0.6035677194595337
48,508,-7.06314754486084,230770,43.24866421000001,4771,0.0003,0.004528043791651726,0.1473623812198639,494.24,230669,-0.2012435495853424
48,512,-7.163521766662598,232752,42.78664667,4806,0.0003,0.004490075632929802,0.098127081990242,487.9,232651,1.9306488037109375
