rollout/ep_rew_mean,rollout/ep_len_mean,time/iterations,time/total_timesteps,time/time_elapsed,time/fps,train/learning_rate,train/std,train/n_updates,train/explained_variance,train/value_loss,train/loss,train/entropy_loss,train/clip_range,train/approx_kl,train/clip_fraction,train/policy_gradient_loss
1.0517384693877552,166.30612244897958,1,8192,11,685,,,,,,,,,,,
1.4439711578947367,171.89473684210526,2,16384,28,573,0.0003,1.0326285362243652,10,-0.3426964282989502,0.16629964795138222,-0.008765216916799545,-2.8821685476228596,0.2,0.00675872,0.05657958984375,-0.007665665462991455
2.16706578,180.49,3,24576,45,542,0.0003,1.042728066444397,20,0.7212938070297241,0.07708700958610279,0.006178081035614014,-2.9069072835147383,0.2,0.008321157,0.08375244140625,-0.011567881256269175
3.5797806399999996,194.52,4,32768,62,520,0.0003,1.0399329662322998,30,0.8410409688949585,0.16959268831415103,0.040988754481077194,-2.914288640208542,0.2,0.0090475585,0.10140380859375,-0.01370630221317697
7.272288950000001,236.49,5,40960,82,499,0.0003,1.021261215209961,40,0.8130147457122803,0.2735378800018225,0.09412437677383423,-2.891472582705319,0.2,0.010831201,0.11002197265625,-0.013908116765014711
10.501688309999999,270.73,6,49152,102,480,0.0003,1.0132228136062622,50,0.7639605402946472,0.2780064436985413,0.06612285226583481,-2.8706364914774896,0.2,0.010241846,0.10067138671875,-0.013443377325529582
13.56819814,300.36,7,57344,124,460,0.0003,0.9992798566818237,60,0.8088005185127258,0.3227812540892046,0.08501651138067245,-2.844561083056033,0.2,0.010435445,0.105029296875,-0.014140028241672552
18.237976600000003,345.45,8,65536,144,453,0.0003,0.9805905818939209,70,0.7934192419052124,0.47482045567594466,0.46257203817367554,-2.80978226903826,0.2,0.011711154,0.120849609375,-0.01484269493375905
22.09679646,379.28,9,73728,163,451,0.0003,0.9676995277404785,80,0.7981724143028259,0.376532106770901,0.15215609967708588,-2.7792042698711157,0.2,0.010480948,0.11038818359375,-0.012126005301615806
24.602258849999995,395.59,10,81920,183,445,0.0003,0.945712685585022,90,0.7996776700019836,0.44868688761489467,0.09834981709718704,-2.738298169337213,0.2,0.012706162,0.114892578125,-0.013366040411710856
28.344766079999996,426.9,11,90112,204,440,0.0003,0.934178352355957,100,0.8287619352340698,0.413614506169688,0.14160096645355225,-2.709563277103007,0.2,0.010268768,0.11043701171875,-0.012061577207350637
32.89827290000001,462.25,12,98304,224,438,0.0003,0.912803053855896,110,0.8165030479431152,0.43776909735170194,0.2070498764514923,-2.673642419464886,0.2,0.014240472,0.1305419921875,-0.01410145499103237
35.76270847,481.4,13,106496,243,437,0.0003,0.8986528515815735,120,0.8615185022354126,0.3494655103480909,0.050044186413288116,-2.6382449040189386,0.2,0.01050425,0.11033935546875,-0.013983770714366984
39.2486272,507.48,14,114688,266,430,0.0003,0.9044944047927856,130,0.86045241355896,0.38709426936111413,0.07069604098796844,-2.6388473941013215,0.2,0.014203644,0.1357177734375,-0.017150905808193784
40.738818130000006,508.15,15,122880,287,427,0.0003,0.8837650418281555,140,0.8972295522689819,0.3374164856853895,0.03492310270667076,-2.6057207129895685,0.2,0.013317164,0.13489990234375,-0.015454565562868084
43.953995830000004,527.75,16,131072,307,426,0.0003,0.8795986175537109,150,0.8915925621986389,0.2808034054993186,0.01803392544388771,-2.5863185301423073,0.2,0.012434596,0.119775390625,-0.017095863619761075
46.517831070000014,541.57,17,139264,328,424,0.0003,0.8640546798706055,160,0.9021294116973877,0.3124574369459879,0.02034337818622589,-2.5601977800950406,0.2,0.01304711,0.13214111328125,-0.016536291138618254
47.784146199999995,542.74,18,147456,348,423,0.0003,0.8544817566871643,170,0.907721996307373,0.37802364843082614,0.07110363990068436,-2.534108629822731,0.2,0.013989368,0.127734375,-0.01536462651893089
50.5739396,558.92,19,155648,371,419,0.0003,0.8418214917182922,180,0.8884974122047424,0.42702144173090345,0.03724703565239906,-2.507078824751079,0.2,0.0153491665,0.1241455078125,-0.013272740227694157
52.73525726,567.61,20,163840,398,411,0.0003,0.832687497138977,190,0.8986168503761292,0.39225186976545956,0.03688552975654602,-2.4832667531445622,0.2,0.014920018,0.13060302734375,-0.015982341414201073
52.728103850000004,557.25,21,172032,421,407,0.0003,0.8268868923187256,200,0.8952822089195251,0.3979661324294284,0.10244306176900864,-2.463426101952791,0.2,0.014077948,0.13880615234375,-0.01336578501814074
52.479930960000004,548.25,22,180224,444,405,0.0003,0.8297806978225708,210,0.8891191482543945,0.5311111540650018,0.15121494233608246,-2.460307435132563,0.2,0.013444516,0.1312255859375,-0.014003624851648055
53.60198393000002,551.93,23,188416,464,406,0.0003,0.8220519423484802,220,0.8859649300575256,0.6059176246752032,0.34095290303230286,-2.4549606243148445,0.2,0.013214776,0.12225341796875,-0.011279564591677626
53.77974419,549.55,24,196608,484,405,0.0003,0.8055925369262695,230,0.9147843718528748,0.4666027659201063,0.10557466000318527,-2.4203605452552437,0.2,0.01525661,0.140185546875,-0.01284753987511067
53.29044534999999,539.28,25,204800,504,405,0.0003,0.788962721824646,240,0.923160970211029,0.4915975270618219,0.04275832697749138,-2.377344939485192,0.2,0.016243093,0.1480712890625,-0.015035115503815177
54.01693858000001,539.79,26,212992,524,405,0.0003,0.7667149901390076,250,0.9065709114074707,0.5762061069486663,0.2801274359226227,-2.329280533455312,0.2,0.016774938,0.151171875,-0.014989557284934563
54.16787055999999,539.56,27,221184,545,405,0.0003,0.7468969821929932,260,0.8902203440666199,0.570782331895316,0.1058463305234909,-2.276468923687935,0.2,0.017555308,0.1612548828125,-0.015176492749378667
54.94970711,543.21,28,229376,565,405,0.0003,0.7383787631988525,270,0.9154737591743469,0.465181248052977,0.07613619416952133,-2.241830606944859,0.2,0.017894052,0.15623779296875,-0.014298206878629571
55.72362314000001,548.22,29,237568,585,405,0.0003,0.7241897583007812,280,0.932979166507721,0.433099445226253,0.05282691493630409,-2.20737500526011,0.2,0.018361248,0.15618896484375,-0.01738730674424005
55.84235955000001,546.53,30,245760,606,405,0.0003,0.7051045894622803,290,0.9429376721382141,0.3818342835904332,0.04230157285928726,-2.164211123622954,0.2,0.019141983,0.16412353515625,-0.014470271969366877
56.713314219999994,550.66,31,253952,626,405,0.0003,0.6917842626571655,300,0.9087997674942017,0.652070052199997,0.16351214051246643,-2.120334249921143,0.2,0.017721632,0.16854248046875,-0.01578444454989949
56.75242883999999,546.72,32,262144,646,405,0.0003,0.6799752116203308,310,0.9404140710830688,0.36610521416005215,0.20499734580516815,-2.083109937235713,0.2,0.021523494,0.182763671875,-0.01699547416956193
55.55048812999999,535.4,33,270336,667,405,0.0003,0.6718811988830566,320,0.9386285543441772,0.32431969058816323,0.07521441578865051,-2.0607048662379386,0.2,0.021088358,0.1779296875,-0.01830859838937613
55.14480686000001,527.93,34,278528,687,405,0.0003,0.6769556403160095,330,0.8701010942459106,0.8350819497718476,0.17738153040409088,-2.050471176020801,0.2,0.017306497,0.16492919921875,-0.014334469261848426
55.919345469999996,532.77,35,286720,707,405,0.0003,0.6652703881263733,340,0.9152870774269104,0.5635298012115527,0.18250533938407898,-2.039556327462196,0.2,0.019884657,0.1775390625,-0.013363632425534889
55.37858363,527.47,36,294912,727,405,0.0003,0.6506993770599365,350,0.927961528301239,0.5111504721164237,0.06915822625160217,-1.9910766671411693,0.2,0.021471169,0.18895263671875,-0.01182044687175221
55.48226069,526.11,37,303104,747,405,0.0003,0.6401674747467041,360,0.921296238899231,0.4526537358004134,0.05992741882801056,-1.9625943996012212,0.2,0.021848312,0.1917236328125,-0.015659442499600117
55.44498896000001,527.71,38,311296,768,405,0.0003,0.6302283406257629,370,0.9033010005950928,0.48158324554387943,0.18867534399032593,-1.9325660344213247,0.2,0.01883059,0.16573486328125,-0.015797755803396284
56.00798153999999,532.3,39,319488,787,405,0.0003,0.6220923662185669,380,0.9272751808166504,0.40611825624946507,-0.0028175413608551025,-1.9036071746610106,0.2,0.019583438,0.194580078125,-0.01149112516141031
57.82927013999999,544.43,40,327680,807,405,0.0003,0.6187390089035034,390,0.9467889666557312,0.2913578737236094,0.06570151448249817,-1.8881471033208073,0.2,0.020104421,0.186865234375,-0.013697145804508181
58.4665563,549.43,41,335872,827,405,0.0003,0.609032392501831,400,0.9541030526161194,0.32825378368725067,0.026085752993822098,-1.8630149656906725,0.2,0.01991688,0.1937744140625,-0.019496114837056665
58.71914473000001,547.76,42,344064,848,405,0.0003,0.6039674282073975,410,0.9501141905784607,0.32244218323612583,0.027391254901885986,-1.8398785946890712,0.2,0.020704234,0.18385009765625,-0.016137723505562463
59.03735699000001,548.08,43,352256,867,405,0.0003,0.5872510671615601,420,0.957504153251648,0.30490911719971336,0.22911812365055084,-1.801170491427183,0.2,0.023117226,0.1900146484375,-0.017380036185568316
59.439117579999994,547.09,44,360448,887,405,0.0003,0.586286187171936,430,0.9244951605796814,0.518644020910142,0.12363919615745544,-1.7781055103056134,0.2,0.020962182,0.1732421875,-0.01587545535476238
60.048580300000005,547.28,45,368640,908,405,0.0003,0.5758355855941772,440,0.947471022605896,0.32423523177567404,0.031235016882419586,-1.7530310578644275,0.2,0.02639443,0.20087890625,-0.016319739834216307
59.63722772,542.33,46,376832,929,405,0.0003,0.5572124123573303,450,0.953555703163147,0.4113026000908576,0.31467559933662415,-1.6939061217941345,0.2,0.024645224,0.1931640625,-0.019419635142003244
60.00502334,542.38,47,385024,949,405,0.0003,0.5517028570175171,460,0.9243618249893188,0.5105775866075419,0.042704418301582336,-1.664207217656076,0.2,0.02391975,0.1983642578125,-0.014630602506076684
58.77365586,528.3,48,393216,969,405,0.0003,0.5423935651779175,470,0.9410139322280884,0.4593006892624544,0.2043149471282959,-1.63067665444687,0.2,0.026518978,0.2068359375,-0.014243554917629807
59.17749999000001,530.44,49,401408,989,405,0.0003,0.5456537008285522,480,0.9028233885765076,0.617961796693271,0.08627966791391373,-1.6284127036109566,0.2,0.022086553,0.18349609375,-0.013707645223712461
58.03481167999999,518.96,50,409600,1010,405,0.0003,0.5307748317718506,490,0.9578566551208496,0.28261039886856454,0.0373820886015892,-1.5916862786747514,0.2,0.0271708,0.22471923828125,-0.018292862786984186
57.61210911999999,514.22,51,417792,1030,405,0.0003,0.522381067276001,500,0.9446936249732971,0.5053647968394216,0.06181883066892624,-1.5546207735314965,0.2,0.022740845,0.19337158203125,-0.01610230305304867
58.494288989999994,522.57,52,425984,1050,405,0.0003,0.518639087677002,510,0.9628325700759888,0.30233002183231295,0.06175905466079712,-1.538944630138576,0.2,0.024252597,0.20478515625,-0.01244605912552288
57.42519490000001,510.29,53,434176,1069,405,0.0003,0.5046689510345459,520,0.9575364589691162,0.3263517597108148,0.013247396796941757,-1.4972777523100376,0.2,0.029339619,0.2208740234375,-0.017428835173541303
58.13251617,514.76,54,442368,1089,406,0.0003,0.4983835220336914,530,0.9368676543235779,0.317201769532403,0.010392021387815475,-1.4606235996820032,0.2,0.026441555,0.20357666015625,-0.01335358486539917
58.875831670000004,519.59,55,450560,1109,405,0.0003,0.49241170287132263,540,0.9433467388153076,0.576874082282302,0.11188685894012451,-1.434502004738897,0.2,0.024723105,0.206689453125,-0.014403846708864876
59.827080929999994,525.19,56,458752,1130,405,0.0003,0.47915738821029663,550,0.9563541412353516,0.28157212234364126,0.07407286763191223,-1.3902767715975641,0.2,0.02825159,0.227880859375,-0.014457779055555875
61.03210481999999,532.28,57,466944,1149,406,0.0003,0.470406711101532,560,0.9528306126594543,0.384397661514231,0.12016675621271133,-1.3415735928341745,0.2,0.02652991,0.21417236328125,-0.013012328585318755
60.6144095,528.0,58,475136,1169,406,0.0003,0.4645956754684448,570,0.964532732963562,0.17897574203379918,0.019494131207466125,-1.3265168345533311,0.2,0.033848215,0.233642578125,-0.015094406522257487
61.43364883,536.81,59,483328,1189,406,0.0003,0.46688112616539,580,0.9415583610534668,0.35602112404594666,-0.002691272646188736,-1.3136344293132425,0.2,0.024659384,0.20506591796875,-0.015409449134494935
61.740843950000006,538.72,60,491520,1209,406,0.0003,0.4610764682292938,590,0.9656121730804443,0.3292797752190381,0.05002725124359131,-1.3026561840437352,0.2,0.03168716,0.24638671875,-0.01319857904491073
61.25721576,536.92,61,499712,1229,406,0.0003,0.4554821252822876,600,0.9599026441574097,0.2972219575603958,0.06499402225017548,-1.2847313165664673,0.2,0.029317692,0.22982177734375,-0.015547111507112276
60.079640900000015,527.72,62,507904,1248,406,0.0003,0.4572475850582123,610,0.9485885500907898,0.43118496822426094,0.06716638803482056,-1.2765280739404261,0.2,0.024627127,0.21268310546875,-0.01088852698685514
59.5324034,526.74,63,516096,1269,406,0.0003,0.45966655015945435,620,0.9359334111213684,0.5042674105148762,0.04376544803380966,-1.2835018555633724,0.2,0.027080715,0.212109375,-0.012853141399318702
58.68237366,520.06,64,524288,1288,406,0.0003,0.45276063680648804,630,0.9356266856193542,0.5286560162785463,0.5159580111503601,-1.2762492048554122,0.2,0.02693869,0.238427734375,-0.012045454440612956
58.85336764999999,517.88,65,532480,1308,406,0.0003,0.4504093527793884,640,0.9500194787979126,0.42205334870377553,0.019933469593524933,-1.2551994727924467,0.2,0.029757703,0.2278564453125,-0.018706929227118963
58.376790169999985,513.41,66,540672,1328,406,0.0003,0.44609326124191284,650,0.9483323097229004,0.409682281804271,0.25505223870277405,-1.2347006411291659,0.2,0.029342739,0.217822265625,-0.01310352955806593
59.31861588000001,517.8,67,548864,1349,406,0.0003,0.43875688314437866,660,0.948750376701355,0.452490462642163,0.0700383111834526,-1.2114958910271525,0.2,0.031073224,0.23121337890625,-0.017494205419825447
58.34040816999999,508.29,68,557056,1371,406,0.0003,0.43087267875671387,670,0.9649301767349243,0.3101723522937391,0.057441167533397675,-1.1760538988746703,0.2,0.028997518,0.2422607421875,-0.019043305442028213
58.52333627999999,505.71,69,565248,1392,405,0.0003,0.43175917863845825,680,0.9350894689559937,0.49351436813012695,0.11868467181921005,-1.1651737361215055,0.2,0.02464135,0.20118408203125,-0.01631743600755726
58.316104799999984,501.99,70,573440,1413,405,0.0003,0.4257408678531647,690,0.9631881713867188,0.3826034075289499,0.11214475333690643,-1.1491287504322827,0.2,0.02870115,0.21907958984375,-0.014502315876416105
58.52126537000001,503.06,71,581632,1434,405,0.0003,0.4146924614906311,700,0.9377556443214417,0.48835664068465123,0.0536227747797966,-1.1001621925272047,0.2,0.030722635,0.23465576171875,-0.015677135607438684
57.833456299999995,496.01,72,589824,1456,404,0.0003,0.4035205841064453,710,0.9538109302520752,0.3626022569776978,0.08568285405635834,-1.049245998263359,0.2,0.036196448,0.2562255859375,-0.018609873833702294
58.37092391000001,499.22,73,598016,1478,404,0.0003,0.3990570902824402,720,0.9563290476799011,0.38041206042689735,0.10562293976545334,-1.016130000539124,0.2,0.033460967,0.24949951171875,-0.017191310162525043
59.21345285000001,502.63,74,606208,1499,404,0.0003,0.38625863194465637,730,0.9714322090148926,0.30671507539809684,0.023911066353321075,-0.9630801321938633,0.2,0.035636768,0.2492919921875,-0.018438855084423268
59.3436355,501.89,75,614400,1520,403,0.0003,0.37647080421447754,740,0.9599410891532898,0.2892203597497428,0.142014279961586,-0.9125003332737833,0.2,0.038672842,0.265869140625,-0.01806958063516504
59.99965768,504.3,76,622592,1542,403,0.0003,0.3702450692653656,750,0.9687537550926208,0.3222088718554005,0.08242537081241608,-0.8707465437240899,0.2,0.028875085,0.25701904296875,-0.011581077475784695
60.718175660000014,506.3,77,630784,1563,403,0.0003,0.3629833459854126,760,0.9544491767883301,0.38137198518088555,0.0663815438747406,-0.8364137467928231,0.2,0.038554434,0.25794677734375,-0.0139687011776914
60.227219780000006,501.33,78,638976,1585,403,0.0003,0.35683196783065796,770,0.9514238834381104,0.36421268632111603,0.08938150107860565,-0.8011681272182614,0.2,0.040298454,0.2517578125,-0.015939253240139804
59.42192932,491.95,79,647168,1606,402,0.0003,0.3543507158756256,780,0.9393617510795593,0.5858007621602155,0.11949388682842255,-0.7822420640848577,0.2,0.034234755,0.24395751953125,-0.01348564858053578
59.60563883999999,492.25,80,655360,1628,402,0.0003,0.3536372780799866,790,0.938064694404602,0.6221096068213228,0.25960811972618103,-0.7650610995944589,0.2,0.041418426,0.2522216796875,-0.014440108391318063
59.76697805,492.63,81,663552,1649,402,0.0003,0.3390587866306305,800,0.9452157616615295,0.4765317033044994,0.03860846161842346,-0.7126043572090566,0.2,0.046447605,0.2899658203125,-0.013383167056599633
60.32476676999999,495.98,82,671744,1669,402,0.0003,0.3322187662124634,810,0.9594604969024658,0.44248474016203543,0.18205653131008148,-0.6594863753765822,0.2,0.03977579,0.27652587890625,-0.011621285009277926
60.12177488,494.53,83,679936,1689,402,0.0003,0.3270592987537384,820,0.9662762880325317,0.33334037084423473,0.012766588479280472,-0.6230144863948226,0.2,0.044026442,0.279541015625,-0.011748577174239471
61.20247755,501.22,84,688128,1709,402,0.0003,0.32754290103912354,830,0.9663105010986328,0.41014350942277816,0.08189688622951508,-0.6130701780319214,0.2,0.036290146,0.26141357421875,-0.010634106117504417
61.57511867,503.38,85,696320,1729,402,0.0003,0.3238566815853119,840,0.9533504247665405,0.4711910580197582,0.010465841740369797,-0.6039778479374945,0.2,0.03904195,0.2850341796875,-0.010814284628395399
61.26870792,503.75,86,704512,1748,403,0.0003,0.32051312923431396,850,0.9364155530929565,0.5199586315255147,0.04931037127971649,-0.5816311715170741,0.2,0.04250577,0.25767822265625,-0.010115662997850449
54.91044728,463.13,87,712704,1765,403,0.0003,0.3189272880554199,860,0.946546733379364,0.6601308264245744,0.16248191893100739,-0.5629686254542321,0.2,0.040737264,0.28565673828125,-0.013199427722975087
43.62848683,390.02,88,720896,1782,404,0.0003,0.3248577117919922,870,0.8266329765319824,1.8561695896903985,2.058488368988037,-0.5808102652896195,0.2,0.026987724,0.21561279296875,-0.001290623582281114
38.07859718,355.12,89,729088,1800,404,0.0003,0.3241296112537384,880,0.8484905958175659,2.1776648701168595,0.8046746253967285,-0.5918456377461553,0.2,0.021934584,0.207861328125,-0.0028152849952675753
37.08619485999999,348.32,90,737280,1817,405,0.0003,0.3216449022293091,890,0.8934704065322876,2.0075052037020216,0.47992825508117676,-0.5747955746948719,0.2,0.033830494,0.249560546875,-0.0015293780787033028
39.94517646999999,367.18,91,745472,1833,406,0.0003,0.31942713260650635,900,0.9258158206939697,1.1836421160958708,0.17696501314640045,-0.565284486208111,0.2,0.041299656,0.2849609375,-0.006692633183774888
44.46492019,394.71,92,753664,1851,407,0.0003,0.3165919780731201,910,0.9531542062759399,0.39072488928504756,0.026141416281461716,-0.5496409804560244,0.2,0.037569225,0.30283203125,-0.00913026379312214
49.5959878,426.81,93,761856,1868,407,0.0003,0.3152928948402405,920,0.9468878507614136,0.5353169640875421,0.1459193229675293,-0.5393505990970879,0.2,0.04181781,0.26160888671875,-0.012302462410480075
54.37548296999999,456.45,94,770048,1885,408,0.0003,0.31397372484207153,930,0.9416919350624084,0.6795675027067773,0.05392978712916374,-0.5259834392927587,0.2,0.041660167,0.276708984375,-0.00923600678852381
57.85441997000001,479.69,95,778240,1901,409,0.0003,0.31051790714263916,940,0.9568862318992615,0.4588304969802266,0.09201274812221527,-0.5192726264242082,0.2,0.044417538,0.274609375,-0.0153534897445752
56.92312852,472.9,96,786432,1918,409,0.0003,0.30726832151412964,950,0.933799147605896,0.7094826069544069,0.4122251868247986,-0.495107857324183,0.2,0.048711706,0.294677734375,-0.008617408011741646
55.76717229,463.38,97,794624,1934,410,0.0003,0.3044852018356323,960,0.9428415298461914,0.6030168514000251,0.13432364165782928,-0.47549141342751683,0.2,0.0428862,0.27783203125,-0.01247027580266149
55.87505397999999,464.95,98,802816,1951,411,0.0003,0.30428534746170044,970,0.9618436098098755,0.35438350538897795,0.07364638894796371,-0.4679031002800912,0.2,0.047996778,0.2829833984375,-0.014444593097505277
56.11396182000001,465.98,99,811008,1967,412,0.0003,0.30154985189437866,980,0.9541707038879395,0.5204321612720377,0.027654364705085754,-0.4512553736101836,0.2,0.037666716,0.26453857421875,-0.013647951912753342
54.54790785,453.45,100,819200,1983,412,0.0003,0.29763996601104736,990,0.9666793942451477,0.28650749899097716,0.05695376172661781,-0.43507258919999003,0.2,0.040120967,0.26715087890625,-0.014164044078370353
54.816357180000004,451.47,101,827392,2000,413,0.0003,0.2961464524269104,1000,0.9576839208602905,0.29917919427971357,0.016889125108718872,-0.42244350821711124,0.2,0.046998672,0.24312744140625,-0.01429170403707758
54.66488209999999,449.35,102,835584,2017,414,0.0003,0.29497087001800537,1010,0.9794228076934814,0.2213631511098356,-0.003048427402973175,-0.41403040760196747,0.2,0.041102253,0.245849609375,-0.01125042282155846
54.370814259999996,446.4,103,843776,2033,414,0.0003,0.2904732823371887,1020,0.9689415097236633,0.256944319185277,0.13068611919879913,-0.38304553311318157,0.2,0.039148882,0.263671875,-0.011658202420767339
53.32667881,436.34,104,851968,2050,415,0.0003,0.28906184434890747,1030,0.9531318545341492,0.3202787636430003,0.1628466695547104,-0.3716242759488523,0.2,0.042477235,0.26473388671875,-0.015684182262157266
54.64974658,444.23,105,860160,2066,416,0.0003,0.28610843420028687,1040,0.9699503183364868,0.26310550339112526,0.013814667239785194,-0.34632332203909755,0.2,0.04466313,0.274462890625,-0.012694994664707337
54.53944793999999,443.67,106,868352,2082,416,0.0003,0.27624261379241943,1050,0.9647404551506042,0.32582112508825956,0.12825725972652435,-0.29080567304044963,0.2,0.040145725,0.27276611328125,-0.013261690035324136
54.83810224999999,446.7,107,876544,2099,417,0.0003,0.2709425091743469,1060,0.9453046917915344,0.5330000374349766,0.052849993109703064,-0.2522837015800178,0.2,0.049315155,0.28001708984375,-0.014584865258075296
56.22840835,455.34,108,884736,2115,418,0.0003,0.2653807997703552,1070,0.9603090882301331,0.3944659314263845,0.05251069739460945,-0.20961091667413712,0.2,0.049676035,0.29942626953125,-0.013891375912862713
57.19149774000002,461.69,109,892928,2132,418,0.0003,0.2622782588005066,1080,0.9676979184150696,0.3266895964377909,0.09473741799592972,-0.1760023024864495,0.2,0.04081704,0.2813720703125,-0.009562087016274746
57.38872469000001,462.56,110,901120,2150,418,0.0003,0.2608155310153961,1090,0.9617566466331482,0.33606452772801276,0.1985544115304947,-0.16401296211406588,0.2,0.043137938,0.28641357421875,-0.008926679661999514
57.77645935,465.63,111,909312,2171,418,0.0003,0.25804194808006287,1100,0.949852705001831,0.5501074502011761,0.2375742793083191,-0.1446005892008543,0.2,0.043954503,0.27515869140625,-0.009125857061007991
59.518387579999995,475.82,112,917504,2190,418,0.0003,0.25284361839294434,1110,0.9513708353042603,0.42890711852523966,0.14012490212917328,-0.11538950949907303,0.2,0.052926786,0.28890380859375,-0.010253570508211851
59.86834494000001,477.37,113,925696,2209,418,0.0003,0.2486024796962738,1120,0.9662052392959595,0.36557557388150597,0.11799410730600357,-0.08095606956630945,0.2,0.051956248,0.29654541015625,-0.008031514867434452
59.50176528,474.82,114,933888,2228,419,0.0003,0.24892593920230865,1130,0.9654812216758728,0.3497750961512793,0.12326475232839584,-0.06864134706556797,0.2,0.046232738,0.29322509765625,-0.009908119299780083
59.38366663999998,473.32,115,942080,2248,419,0.0003,0.24687246978282928,1140,0.958518922328949,0.4856050155474804,0.4440748393535614,-0.05489240530878305,0.2,0.046579346,0.27166748046875,-0.009890478054421692
60.02609105,477.83,116,950272,2266,419,0.0003,0.24476000666618347,1150,0.9576960802078247,0.4906238867144566,0.18131403625011444,-0.04023445351049304,0.2,0.045364946,0.30262451171875,-0.009723738632783353
59.724615370000016,475.61,117,958464,2283,419,0.0003,0.23902606964111328,1160,0.9650593996047974,0.32235836345353164,0.036831170320510864,-0.006308174971491098,0.2,0.056647528,0.32684326171875,-0.009193839083673083
59.443334639999996,474.35,118,966656,2298,420,0.0003,0.2336629033088684,1170,0.9701375365257263,0.3608525610849028,0.3879707455635071,0.039321068581193684,0.2,0.0581686,0.327294921875,-0.013572005744026682
59.96820124,477.38,119,974848,2315,421,0.0003,0.23085223138332367,1180,0.9649621248245239,0.3944645376614062,-0.013850994408130646,0.07556522795930505,0.2,0.05647663,0.3123291015625,-0.012663973518829152
59.708223829999994,474.95,120,983040,2331,421,0.0003,0.22717523574829102,1190,0.9640774726867676,0.43163250731886366,0.10394243896007538,0.10323871681466698,0.2,0.052484743,0.30047607421875,-0.011609169811708852
60.07806281999999,477.42,121,991232,2348,421,0.0003,0.2268683761358261,1200,0.9629158973693848,0.3613798552978551,0.059907011687755585,0.11208975175395608,0.2,0.05360639,0.2773193359375,-0.01043232195024757
60.07081298,476.93,122,999424,2365,422,0.0003,0.22794324159622192,1210,0.9681237936019897,0.4501603925629752,0.01258690282702446,0.11465549673885107,0.2,0.056355327,0.3100341796875,-0.001593825716190622
59.55827573,471.88,123,1007616,2381,423,0.0003,0.22616201639175415,1220,0.9672470092773438,0.37457648685085587,0.12764722108840942,0.11520784571766854,0.2,0.064978346,0.3189697265625,-0.009084345900919288
60.050543680000004,473.18,124,1015808,2398,423,0.0003,0.22488242387771606,1230,0.9595619440078735,0.5149524540873245,0.06663540750741959,0.12971711987629533,0.2,0.054666422,0.28846435546875,-0.008098906502527824
60.47150318999999,476.41,125,1024000,2414,424,0.0003,0.2217319905757904,1240,0.9659357666969299,0.32300915610394443,0.06201876699924469,0.1633716688491404,0.2,0.06652813,0.31915283203125,-0.008938015346575411
60.75877912999999,478.19,126,1032192,2431,424,0.0003,0.21905019879341125,1250,0.9737372398376465,0.28707855554384876,0.14271800220012665,0.18268968285992743,0.2,0.057287425,0.33616943359375,-0.010208852241521526
60.12796025999999,473.83,127,1040384,2446,425,0.0003,0.22058504819869995,1260,0.9584437608718872,0.40386860247235745,0.22145333886146545,0.17925977967679502,0.2,0.05621154,0.3248046875,-0.0073715152135264365
60.09761143000001,473.09,128,1048576,2463,425,0.0003,0.21873581409454346,1270,0.966981828212738,0.4241022132075159,0.057183146476745605,0.18703283462673426,0.2,0.054715503,0.30933837890625,-0.005801002020734814
60.79480012000001,478.07,129,1056768,2479,426,0.0003,0.2145799845457077,1280,0.9728115200996399,0.32673719157464803,0.04374554008245468,0.21556929433718325,0.2,0.052240625,0.3171630859375,-0.007646669735186152
59.99071347000001,473.65,130,1064960,2494,426,0.0003,0.21555697917938232,1290,0.9645919799804688,0.40021228458499536,0.19559794664382935,0.2217480719089508,0.2,0.05665457,0.31134033203125,-0.006858404095419246
59.17135275999999,467.87,131,1073152,2510,427,0.0003,0.21198245882987976,1300,0.9544634819030762,0.4818097450741334,0.6100569367408752,0.2403943174518645,0.2,0.056239143,0.299609375,-0.007620306462104054
60.29580244999999,475.14,132,1081344,2526,427,0.0003,0.20905619859695435,1310,0.9683913588523865,0.3813475798422587,0.22432741522789001,0.27405759897083043,0.2,0.060608774,0.3090087890625,-0.005434477369817614
60.00200835999999,474.13,133,1089536,2543,428,0.0003,0.2066039741039276,1320,0.9596598148345947,0.3595435994066065,0.08056807518005371,0.29712164122611284,0.2,0.060713045,0.324658203125,-0.006118942397915816
60.28835032,475.4,134,1097728,2560,428,0.0003,0.20343655347824097,1330,0.9715077877044678,0.32579088902275544,0.17058338224887848,0.3241721080616117,0.2,0.059505187,0.31497802734375,-0.012248123291374213
60.5547628,478.79,135,1105920,2576,429,0.0003,0.20082122087478638,1340,0.9731965065002441,0.31715036659152246,0.006768256425857544,0.3552636570297182,0.2,0.06746,0.3258056640625,-0.009818192284728865
61.77546116999999,486.79,136,1114112,2593,429,0.0003,0.19882825016975403,1350,0.9737058281898499,0.3609912203217391,0.15758611261844635,0.3702603539451957,0.2,0.062194455,0.327734375,-0.008499274262703693
63.36719960000001,496.61,137,1122304,2612,429,0.0003,0.19558000564575195,1360,0.9678983688354492,0.34969817265809977,0.07820344716310501,0.4023567685391754,0.2,0.06108888,0.3361083984375,-0.006405239619380154
62.73338838000001,492.59,138,1130496,2629,429,0.0003,0.19385647773742676,1370,0.9833419322967529,0.18355723407294136,0.04917600005865097,0.42482466604560615,0.2,0.061637726,0.33662109375,-0.0055618838539885475
62.92909221,494.03,139,1138688,2645,430,0.0003,0.19453004002571106,1380,0.9748748540878296,0.3187172387100873,0.1502976417541504,0.42787329498678445,0.2,0.0554047,0.3151123046875,-0.007566966166086786
63.10285307000001,495.48,140,1146880,2662,430,0.0003,0.19122764468193054,1390,0.9654453992843628,0.4319687404626166,0.44143053889274597,0.4450302424374968,0.2,0.06511903,0.33709716796875,-0.009074730773318152
62.926435760000004,493.29,141,1155072,2679,431,0.0003,0.18895283341407776,1400,0.9606622457504272,0.4603241766715655,0.09677711129188538,0.4755539099220186,0.2,0.061382566,0.34871826171875,-0.005144945439178627
60.98470438,481.05,142,1163264,2696,431,0.0003,0.1886175274848938,1410,0.9713287353515625,0.35122735451441256,0.28802406787872314,0.4894913785159588,0.2,0.07449933,0.34178466796875,-0.01055528268116177
59.91175548999999,473.11,143,1171456,2714,431,0.0003,0.18791159987449646,1420,0.9495271444320679,0.47353538339957596,0.07604696601629257,0.4934543600305915,0.2,0.07116049,0.326953125,-0.008803817586885998
59.456497969999994,470.25,144,1179648,2730,431,0.0003,0.18652449548244476,1430,0.9685584902763367,0.3339688821753953,0.10132241249084473,0.5067025610245764,0.2,0.06244622,0.33468017578125,-0.003823708846084628
58.84906353999999,465.86,145,1187840,2747,432,0.0003,0.18485009670257568,1440,0.9728900194168091,0.43967964862822556,0.01690046861767769,0.5234836211893708,0.2,0.0518767,0.31363525390625,-0.0029305257861778956
58.67350247000001,465.22,146,1196032,2764,432,0.0003,0.18366381525993347,1450,0.9655058979988098,0.384134064646787,0.016923382878303528,0.5376935052219778,0.2,0.063633755,0.351806640625,-0.005202999442280998
58.39837045,463.24,147,1204224,2781,432,0.0003,0.18130351603031158,1460,0.9563959240913391,0.4918813984200824,0.16813986003398895,0.5604522195644677,0.2,0.072073266,0.371484375,-0.008649933416290879
58.671842819999995,464.68,148,1212416,2802,432,0.0003,0.1808532327413559,1470,0.9440897703170776,0.601709558319999,0.20224995911121368,0.5758024784736335,0.2,0.07498649,0.35478515625,-0.00045243789081723663
58.39500966,462.5,149,1220608,2821,432,0.0003,0.17863455414772034,1480,0.94277423620224,0.6427038440713659,0.3942517936229706,0.589611241640523,0.2,0.07740702,0.3349853515625,-0.004729446587043639
57.86359598000002,459.02,150,1228800,2839,432,0.0003,0.1779366433620453,1490,0.9572253823280334,0.5541438861953794,0.32348740100860596,0.5969910934567452,0.2,0.080128245,0.34493408203125,-0.010305217809673195
58.353622939999994,463.26,151,1236992,2856,432,0.0003,0.17584431171417236,1500,0.9556654095649719,0.4575331160798669,0.2155788540840149,0.6146211011335254,0.2,0.062952146,0.32353515625,-0.005182503262221872
57.99412969,460.93,152,1245184,2874,433,0.0003,0.1737769991159439,1510,0.9583030939102173,0.4826679385441821,0.05341165512800217,0.6425795825198293,0.2,0.07448286,0.32940673828125,-0.006290211303439719
58.88685317,467.12,153,1253376,2891,433,0.0003,0.17083877325057983,1520,0.9684691429138184,0.4089283440640429,0.14492955803871155,0.6675695709884166,0.2,0.08069805,0.34622802734375,-0.01154568377387477
59.340700260000006,471.12,154,1261568,2909,433,0.0003,0.16747432947158813,1530,0.9725939631462097,0.3623825778398896,0.05054114758968353,0.711203578254208,0.2,0.078405485,0.35693359375,-0.0054736897654947825
60.50149566,479.91,155,1269760,2926,433,0.0003,0.16410310566425323,1540,0.966425895690918,0.417978767718887,0.042852215468883514,0.7537605137098581,0.2,0.075014725,0.34830322265625,-0.008238184459514741
61.309930750000014,486.25,156,1277952,2944,433,0.0003,0.16289640963077545,1550,0.9787793755531311,0.2752751070016529,0.13425159454345703,0.7774090950377286,0.2,0.08741944,0.3638916015625,-0.0006628264061873778
62.258640250000006,493.67,157,1286144,2962,434,0.0003,0.160684734582901,1560,0.9764355421066284,0.29382135828054745,0.061613135039806366,0.7944091868586838,0.2,0.077618815,0.34619140625,-0.005721783039734874
62.648184840000006,496.81,158,1294336,2979,434,0.0003,0.1606539487838745,1570,0.9826495051383972,0.23476731409464263,0.004860283806920052,0.8063525315374136,0.2,0.07698019,0.3686279296875,-0.0012346337292910904
62.94678368000001,499.64,159,1302528,2997,434,0.0003,0.16172853112220764,1580,0.975103497505188,0.3861591619730461,0.08215063810348511,0.8000224159099162,0.2,0.085223496,0.33599853515625,0.002298428879294079
63.02310233,499.67,160,1310720,3017,434,0.0003,0.1599830687046051,1590,0.9799559116363525,0.22491165320025175,0.08950440585613251,0.8067279077600688,0.2,0.068802975,0.3515869140625,0.0031824416835661397
63.175054679999995,500.4,161,1318912,3037,434,0.0003,0.1587505042552948,1600,0.9710976481437683,0.3757130608835723,0.09011843055486679,0.8232102795969695,0.2,0.075201444,0.3447509765625,-0.007398422554979333
61.39950889,489.03,162,1327104,3053,434,0.0003,0.15438248217105865,1610,0.9716435074806213,0.2781248225554009,0.013273727148771286,0.8652314668521285,0.2,0.07425301,0.36563720703125,-0.004737396620112122
60.98780600999999,484.33,163,1335296,3070,434,0.0003,0.15513905882835388,1620,0.9337042570114136,0.7140742339368444,0.18213367462158203,0.8850644597318024,0.2,0.07388896,0.381298828125,0.005279713819709287
60.58727859999998,482.7,164,1343488,3089,434,0.0003,0.15387460589408875,1630,0.9708775877952576,0.39780181156820615,0.032687023282051086,0.8841724567115307,0.2,0.09438895,0.36697998046875,-0.001627914136270192
60.68809459999999,484.07,165,1351680,3107,434,0.0003,0.15542325377464294,1640,0.9559163451194763,0.5402861659706104,0.10668165236711502,0.8925933085381985,0.2,0.08920969,0.37901611328125,0.002943944265553
60.441389640000004,482.96,166,1359872,3125,435,0.0003,0.15493756532669067,1650,0.9754647016525269,0.2812480519132805,0.026921454817056656,0.8818316594697535,0.2,0.07464471,0.3792724609375,2.3076030083757358e-05
60.500581919999995,484.55,167,1368064,3142,435,0.0003,0.15492881834506989,1660,0.9593138694763184,0.38549007127585355,0.1252155900001526,0.8827666729222983,0.2,0.07823094,0.38331298828125,0.001480356359752477
61.07997087,487.72,168,1376256,3159,435,0.0003,0.1542140543460846,1670,0.9750005602836609,0.32690002584131433,0.03989959508180618,0.8859139382373542,0.2,0.070182905,0.36383056640625,-0.006000688268977683
61.35501962999999,490.7,169,1384448,3177,435,0.0003,0.15398886799812317,1680,0.9454416036605835,0.5040939012251329,0.11691398918628693,0.8936503870412708,0.2,0.08447887,0.363134765625,-0.00436611929526407
62.05800652,495.42,170,1392640,3196,435,0.0003,0.1510453224182129,1690,0.970583975315094,0.30963739902654197,0.0778147429227829,0.9206652492750436,0.2,0.09152314,0.378662109375,-0.006299370279702998
61.6899425,491.98,171,1400832,3213,435,0.0003,0.14992152154445648,1700,0.9752603769302368,0.3034549510659417,0.4005381762981415,0.944002933986485,0.2,0.076099955,0.355322265625,-0.006305809237801441
62.92921154,500.79,172,1409024,3231,435,0.0003,0.14918506145477295,1710,0.9712876081466675,0.2829505289439112,0.02074279449880123,0.9611820125486702,0.2,0.08254597,0.3796630859375,-0.0010697378125769318
63.262312429999994,503.63,173,1417216,3249,436,0.0003,0.1446673572063446,1720,0.979104220867157,0.20871475202438888,-0.00983816385269165,1.004246716434136,0.2,0.0807967,0.37706298828125,-0.00538770893454057
64.34962016000001,511.48,174,1425408,3267,436,0.0003,0.14217568933963776,1730,0.981268584728241,0.26499350551166573,0.032746028155088425,1.0426181940361858,0.2,0.08248222,0.36544189453125,-0.006888768998760497
64.92331462,516.36,175,1433600,3285,436,0.0003,0.14112159609794617,1740,0.9777565598487854,0.20681063752708723,0.08342543244361877,1.066373414732516,0.2,0.10172191,0.3998779296875,0.0028691962927041457
65.23069577999999,517.48,176,1441792,3303,436,0.0003,0.13815438747406006,1750,0.9814430475234985,0.21454766978276893,0.03904256224632263,1.099195926450193,0.2,0.08662921,0.3865966796875,-0.007407441759642097
65.6264431,521.14,177,1449984,3320,436,0.0003,0.13732868432998657,1760,0.9739614725112915,0.24362787347345147,0.06485222280025482,1.1250135901384055,0.2,0.0873887,0.3948974609375,-0.0018312924394194852
64.97339245,517.54,178,1458176,3338,436,0.0003,0.13433796167373657,1770,0.9857561588287354,0.24340540201228578,0.043153975158929825,1.1498445687815546,0.2,0.08474363,0.3943115234375,-0.00398392956067255
63.870395020000004,511.5,179,1466368,3356,436,0.0003,0.1354067474603653,1780,0.9671853184700012,0.5430564014735865,0.7852009534835815,1.1583779880777,0.2,0.10290752,0.3689208984375,0.00361330408595677
63.654728649999996,509.41,180,1474560,3373,437,0.0003,0.13595503568649292,1790,0.9592527747154236,0.47661266378709116,0.07738509029150009,1.1493636740371584,0.2,0.14802118,0.39473876953125,-0.0019888439430360448
62.50907317,499.64,181,1482752,3391,437,0.0003,0.1350249946117401,1800,0.969406247138977,0.32514945469156376,0.07522551715373993,1.1498656693845988,0.2,0.11188647,0.36927490234375,-0.007848404114884033
62.77895267999998,500.39,182,1490944,3409,437,0.0003,0.13395263254642487,1810,0.9709483981132507,0.3425406681810273,0.10124741494655609,1.1734147841110825,0.2,0.082370296,0.355859375,-0.0024626659604109593
62.46369710000001,496.59,183,1499136,3427,437,0.0003,0.13300016522407532,1820,0.9779344201087952,0.2597949087197776,0.10633078217506409,1.189624855853617,0.2,0.09099812,0.40126953125,0.0014157184702526138
62.888482409999995,496.97,184,1507328,3444,437,0.0003,0.13221710920333862,1830,0.9793861508369446,0.3372827795392368,0.3669351041316986,1.1961797658354043,0.2,0.0930267,0.37056884765625,0.0008282926919491729
62.938318210000006,493.74,185,1515520,3461,437,0.0003,0.1295197606086731,1840,0.9654206037521362,0.3958141492912546,0.18357376754283905,1.2247270751744508,0.2,0.10257043,0.39085693359375,-0.00658053647584893
62.68026198,490.49,186,1523712,3479,437,0.0003,0.12841220200061798,1850,0.9683096408843994,0.32133575404877773,0.2734810709953308,1.2473948531784118,0.2,0.09861095,0.38175048828125,-0.007726106362497376
62.118707449999995,485.45,187,1531904,3497,438,0.0003,0.12808814644813538,1860,0.966821014881134,0.3657054363487987,0.11233097314834595,1.260775004234165,0.2,0.11873091,0.37318115234375,-0.006238284422761353
61.489252640000004,479.29,188,1540096,3513,438,0.0003,0.12739796936511993,1870,0.9527388215065002,0.562185444071656,0.04672933369874954,1.279262313246727,0.2,0.106899515,0.37877197265625,0.0005687944052624516
60.85943988,475.01,189,1548288,3528,438,0.0003,0.12628033757209778,1880,0.9653884768486023,0.39794170642271637,0.008554846048355103,1.2883175808936358,0.2,0.09031153,0.393115234375,-0.0006156269435450667
60.89166881999999,474.98,190,1556480,3545,439,0.0003,0.12602993845939636,1890,0.9663553237915039,0.4485364679538179,0.12689344584941864,1.295046911202371,0.2,0.10757538,0.40137939453125,-0.003369928853953752
61.313048910000006,476.71,191,1564672,3560,439,0.0003,0.12414970993995667,1900,0.9827627539634705,0.2071972017554799,0.019776221364736557,1.3124820832163095,0.2,0.10828003,0.38741455078125,-0.0016552380200664629
61.28740210000001,477.53,192,1572864,3576,439,0.0003,0.12384890764951706,1910,0.9758908152580261,0.334496469781152,0.1680430769920349,1.333761335350573,0.2,0.103749074,0.39708251953125,0.002847131011003512
61.52517117,478.28,193,1581056,3592,440,0.0003,0.12303875386714935,1920,0.9738011956214905,0.31449154367292065,0.6849824786186218,1.3342363110743463,0.2,0.10348351,0.368115234375,-0.000596546625274641
61.28363563999999,477.07,194,1589248,3608,440,0.0003,0.12177771329879761,1930,0.9735096096992493,0.3762162509505288,0.01762983575463295,1.3592765029519795,0.2,0.10294138,0.38480224609375,-0.004012663903995417
60.964765160000006,475.01,195,1597440,3624,440,0.0003,0.1206502765417099,1940,0.9645064473152161,0.44174319807207213,0.1930442750453949,1.3763778859749436,0.2,0.12154609,0.378271484375,0.0017366662208587514
60.51788793000001,472.83,196,1605632,3640,441,0.0003,0.11989451944828033,1950,0.960598349571228,0.46332056976971214,0.4548221826553345,1.3923029977828265,0.2,0.100764394,0.39163818359375,0.001528609909109946
60.54457057,474.05,197,1613824,3656,441,0.0003,0.11985374987125397,1960,0.9778213500976562,0.30287706294911915,0.11074551939964294,1.4028170604258776,0.2,0.082070455,0.39622802734375,0.00547693923690531
60.35324004000001,472.86,198,1622016,3672,441,0.0003,0.12094523012638092,1970,0.9799808859825134,0.3095312166871736,0.0376439243555069,1.394952688831836,0.2,0.08432004,0.3777099609375,0.0019056931235354568
60.366868409999995,474.99,199,1630208,3688,441,0.0003,0.11990253627300262,1980,0.9672353863716125,0.32228138244827276,0.12184881418943405,1.3965337053872644,0.2,0.10231846,0.3912353515625,-0.0052008285776992125
60.90199873000002,478.94,200,1638400,3703,442,0.0003,0.11919745057821274,1990,0.9632466435432434,0.37049321295344273,0.08274790644645691,1.401471664197743,0.2,0.08841945,0.40528564453125,0.002181230423047964
61.04301801000001,479.05,201,1646592,3719,442,0.0003,0.1163143664598465,2000,0.9694006443023682,0.38911242741451135,0.15602056682109833,1.448130833543837,0.2,0.10094996,0.39925537109375,0.003937776611564914
60.22394322000001,472.33,202,1654784,3738,442,0.0003,0.11754344403743744,2010,0.9531809687614441,0.5450510410810239,0.5519469976425171,1.4488061047159135,0.2,0.09414099,0.40511474609375,0.006950660496659111
60.20304958999999,472.7,203,1662976,3756,442,0.0003,0.11658694595098495,2020,0.9547950029373169,0.789290835900465,0.17596617341041565,1.4512276998721063,0.2,0.094650984,0.42117919921875,0.003328173956469982
59.77065861,469.53,204,1671168,3773,442,0.0003,0.11644786596298218,2030,0.9688164591789246,0.44035078175365927,0.14473536610603333,1.456371915433556,0.2,0.09739262,0.38876953125,0.002327154795966635
59.72831101999999,468.16,205,1679360,3790,442,0.0003,0.11481986939907074,2040,0.9663441777229309,0.4213294722925639,0.153786301612854,1.4696471251547336,0.2,0.12642625,0.41187744140625,0.0007660043194846367
60.39434183,472.72,206,1687552,3808,443,0.0003,0.11527738720178604,2050,0.9724302887916565,0.3096827378933085,0.06263536959886551,1.4775173930451273,0.2,0.08859323,0.4072998046875,0.0009821176159675814
60.996809379999995,476.68,207,1695744,3826,443,0.0003,0.11504468321800232,2060,0.9752167463302612,0.31237942033912985,0.09781280159950256,1.4790261848829687,0.2,0.096941054,0.408251953125,-0.0012229806116010877
62.26511732,485.4,208,1703936,3843,443,0.0003,0.11677103489637375,2070,0.9719035625457764,0.3531894012587145,0.06420400738716125,1.470107289776206,0.2,0.09089513,0.3925048828125,-0.0002524199997424148
63.06286975,489.31,209,1712128,3860,443,0.0003,0.11650917679071426,2080,0.9861568808555603,0.1858244232906145,0.03586708381772041,1.4597541310824453,0.2,0.07901604,0.388330078125,0.0012429557802533964
63.73668258000001,494.02,210,1720320,3878,443,0.0003,0.1150331199169159,2090,0.979938805103302,0.2628827435131825,0.08185496926307678,1.470995964296162,0.2,0.09236567,0.38306884765625,-0.00025600031858630246
64.26956366,497.58,211,1728512,3896,443,0.0003,0.11410492658615112,2100,0.9799067974090576,0.28203829978156136,0.030548997223377228,1.4943231489509343,0.2,0.092901886,0.37821044921875,-0.00269964054114098
64.08713466,496.31,212,1736704,3916,443,0.0003,0.11449810117483139,2110,0.9839354753494263,0.21959085647104076,0.028321493417024612,1.4914790896698833,0.2,0.10042831,0.3931884765625,-0.0002866610956516524
63.57048387999999,493.23,213,1744896,3935,443,0.0003,0.11375913769006729,2120,0.9674694538116455,0.2754019404514111,0.001980576664209366,1.5005167327821254,0.2,0.08550373,0.38778076171875,7.764382862660569e-05
63.29104468,491.89,214,1753088,3952,443,0.0003,0.11422857642173767,2130,0.9568893313407898,0.551910929393489,0.389095276594162,1.5048759939149021,0.2,0.10951026,0.40908203125,0.0058674416270150685
63.59023529999999,494.38,215,1761280,3968,443,0.0003,0.11398938298225403,2140,0.9821316003799438,0.24153468527947553,0.05874922499060631,1.5025382624939083,0.2,0.11447172,0.4207275390625,0.007367140987935272
64.15826947,497.36,216,1769472,3985,443,0.0003,0.111949622631073,2150,0.9794961810112,0.23258234850509324,0.08314652740955353,1.523921528365463,0.2,0.11425543,0.402734375,-0.0024269654455565614
64.25049069999999,497.63,217,1777664,4003,444,0.0003,0.1118558943271637,2160,0.9886202216148376,0.15615024588041707,0.08035281300544739,1.5350042257457972,0.2,0.09912668,0.40206298828125,0.0051197547629271865
65.05667651,503.78,218,1785856,4020,444,0.0003,0.1101963073015213,2170,0.9822737574577332,0.20158739166945452,-0.004300246015191078,1.5532894908450543,0.2,0.11290443,0.3835693359375,-0.0004897748331131879
65.99174191000002,510.08,219,1794048,4036,444,0.0003,0.11040657758712769,2180,0.9845125675201416,0.2367927551342291,0.09022755920886993,1.563248109165579,0.2,0.09262324,0.38922119140625,0.001092903988865146
66.56179697000002,514.54,220,1802240,4054,444,0.0003,0.10985264182090759,2190,0.9855963587760925,0.19749381636065663,0.027656996622681618,1.5724176826886833,0.2,0.097812034,0.40369873046875,-0.0010378822205893811
66.02362151,511.31,221,1810432,4071,444,0.0003,0.10903613269329071,2200,0.9818785190582275,0.26242634502996226,0.1293613314628601,1.5837651173584164,0.2,0.1057401,0.3970703125,0.001327757708804711
65.65873098999998,510.27,222,1818624,4089,444,0.0003,0.10799641162157059,2210,0.9822455048561096,0.2570139725416084,0.03501300513744354,1.6022622991353273,0.2,0.10220988,0.4017822265625,-0.0002058755009784363
65.92502458,512.62,223,1826816,4106,444,0.0003,0.10726253688335419,2220,0.9813308715820312,0.2893374970240984,0.09507229924201965,1.6190339180640876,0.2,0.10839677,0.394580078125,0.0004273949311027536
65.67742254000001,510.95,224,1835008,4122,445,0.0003,0.10542191565036774,2230,0.9771227836608887,0.2151489603704249,0.13774541020393372,1.6491763131693005,0.2,0.1163407,0.42291259765625,0.003381756484031939
66.01757822,513.13,225,1843200,4140,445,0.0003,0.10475927591323853,2240,0.9788138270378113,0.2653805463196477,0.0008315891027450562,1.6735886457376181,0.2,0.09396906,0.4046875,-0.0017544918240673724
66.22613987,514.67,226,1851392,4157,445,0.0003,0.10378120839595795,2250,0.9910171627998352,0.07201020927313947,0.01734294183552265,1.6884819049388171,0.2,0.09060136,0.41202392578125,0.0009675625060481252
65.99328638,512.85,227,1859584,4174,445,0.0003,0.10311605036258698,2260,0.9887722730636597,0.08250560211090488,-0.005441093817353249,1.6926990176551044,0.2,0.1410601,0.4218017578125,0.0055329853557395834
65.82714206,511.93,228,1867776,4192,445,0.0003,0.10203845053911209,2270,0.9647403955459595,0.3093147773164674,0.06506290286779404,1.7173078160732984,0.2,0.16383764,0.3975830078125,-0.0036910994684149047
64.48437638,503.38,229,1875968,4208,445,0.0003,0.09950010478496552,2280,0.9760844707489014,0.32365726448915666,0.04765687882900238,1.755466647259891,0.2,0.17458951,0.42869873046875,-0.0002631999888762948
63.815648689999996,500.25,230,1884160,4222,446,0.0003,0.09972915798425674,2290,0.9717099666595459,0.3598035933289793,0.1302458643913269,1.7730515395291149,0.2,0.13277897,0.40850830078125,0.0062209391620854145
62.54600099999999,492.68,231,1892352,4236,446,0.0003,0.10094209015369415,2300,0.9770379066467285,0.25160343633469895,0.10767261683940887,1.7641702382825315,0.2,0.11686661,0.4295654296875,0.002201085853721452
62.03956961000001,488.76,232,1900544,4249,447,0.0003,0.10048028826713562,2310,0.9804588556289673,0.26491846773278666,0.05836694687604904,1.7579782706685365,0.2,0.10222989,0.42366943359375,0.006078364672521275
61.48399550999999,486.55,233,1908736,4263,447,0.0003,0.10062771290540695,2320,0.9795830845832825,0.3223123053117888,0.11593146622180939,1.7579549476504326,0.2,0.10417187,0.41800537109375,0.00444405167545483
61.724792699999995,487.91,234,1916928,4276,448,0.0003,0.09942445158958435,2330,0.9631907343864441,0.3431649453516002,0.14770755171775818,1.7635797847993673,0.2,0.12556309,0.4086181640625,-0.005013917757605668
62.74931971,496.55,235,1925120,4290,448,0.0003,0.09941919147968292,2340,0.9820324778556824,0.2258563091090764,0.04630180075764656,1.7776338091120123,0.2,0.09600567,0.41641845703125,0.010207265417739109
62.83975689,496.63,236,1933312,4303,449,0.0003,0.09867936372756958,2350,0.9754759669303894,0.3044273466250161,0.08854053914546967,1.7824030743911863,0.2,0.12421624,0.4381591796875,0.0057712583293323405
62.74084563,496.36,237,1941504,4316,449,0.0003,0.09693741798400879,2360,0.9770171642303467,0.13166473657765893,-0.026231396943330765,1.8089879089035095,0.2,0.13118032,0.45496826171875,0.0026110893557415695
61.76998062999999,491.23,238,1949696,4330,450,0.0003,0.09682011604309082,2370,0.9718657732009888,0.30859864737140014,0.10361262410879135,1.8310732441954314,0.2,0.16294724,0.4443603515625,0.002828618209605338
62.77953092,497.69,239,1957888,4344,450,0.0003,0.09711958467960358,2380,0.9675887227058411,0.48892700183787385,0.2118212729692459,1.8206286067143083,0.2,0.12848525,0.45042724609375,0.00011876491571456426
63.02776460000001,499.58,240,1966080,4359,451,0.0003,0.09683680534362793,2390,0.975617527961731,0.255868748264038,0.15987612307071686,1.8301372349262237,0.2,0.12251739,0.4759033203125,0.007630332463122613
62.71450310000001,495.3,241,1974272,4373,451,0.0003,0.09528034925460815,2400,0.9772379994392395,0.21264381602668436,0.0688667744398117,1.8475447994656862,0.2,0.12339336,0.44500732421875,-0.00253441643781116
63.5664294,500.35,242,1982464,4389,451,0.0003,0.09468372166156769,2410,0.9804317951202393,0.17278001951344776,0.024525649845600128,1.8695366539992393,0.2,0.12860247,0.44151611328125,0.002471868147404166
63.08457764999999,495.82,243,1990656,4403,452,0.0003,0.09432615339756012,2420,0.9840548634529114,0.20495055312785554,-0.004138203337788582,1.8762573874555528,0.2,0.17244892,0.44376220703125,0.000500687894418661
62.945945959999996,493.62,244,1998848,4419,452,0.0003,0.09411320835351944,2430,0.9597234725952148,0.37208342731755695,0.18034547567367554,1.8823574215173722,0.2,0.14140536,0.4135009765625,0.0028724894056722404
63.383867120000005,494.95,245,2007040,4434,452,0.0003,0.09332168847322464,2440,0.9738930463790894,0.46724200775206554,0.028172258287668228,1.8942473768256605,0.2,0.16703048,0.430615234375,0.011796667376074765
