run,algo,seed,diversity,n_steps,batch_size,n_epochs,gamma,gae_lambda,ent_coef,target_kl,log_std_init,learning_rate,crash_penalty,action_repeat,status_in_config,decisions_logged,physics_steps_logged,last200k_mean_m,last200k_lap_rate,max_laps,wall_hours
PPO_1tracks_s0_G999L99_full,PPO,0,1,8192.0,64,10.0,0.999,0.99,0.0,,,0.0003,5.0,1,completed,2006496,2006496,156.8,0.594,1.678,1.27
PPO_1tracks_s0_G999_gamma,PPO,0,1,8192.0,64,10.0,0.999,0.95,0.0,,,0.0003,5.0,1,completed,2006343,2006343,234.8,0.646,1.999,1.27
PPO_1tracks_s0_G999_ns2048,PPO,0,1,2048.0,64,10.0,0.999,0.95,0.0,,,0.0003,5.0,1,completed,2000742,2000742,40.5,0.0,1.682,1.15
PPO_1tracks_s0_P40_penalty40,PPO,0,1,8192.0,64,10.0,0.99,0.95,0.0,,,0.0003,40.0,1,completed,2006677,2006677,71.7,0.0,1.998,1.28
PPO_1tracks_s0_R1_repeat10_alone,PPO,0,1,2048.0,64,10.0,0.99,0.95,0.0,,,0.0003,5.0,10,running,1680404,16804040,70.4,0.0,0.692,0.0
PPO_1tracks_s0_R2_repeat10_v6,PPO,0,1,2048.0,256,4.0,0.99,0.95,0.0,,,0.0003,5.0,10,running,1040740,10407400,54.0,0.0,0.46,0.0
PPO_1tracks_s0_R3_repeat10_v4,PPO,0,1,8192.0,64,10.0,0.99,0.95,0.0,,,0.0003,5.0,10,running,950243,9502430,58.4,0.0,0.473,0.0
PPO_1tracks_s0_R4_repeat25,PPO,0,1,2048.0,64,10.0,0.99,0.95,0.0,,,0.0003,5.0,25,running,481623,12040575,58.8,0.0,0.426,0.0
PPO_1tracks_s0_V0_baseline,PPO,0,1,2048.0,64,10.0,0.99,0.95,0.0,,,0.0003,5.0,1,completed,2000684,2000684,36.4,0.0,0.773,1.25
PPO_1tracks_s0_V1_ent,PPO,0,1,2048.0,64,10.0,0.99,0.95,0.01,,,0.0003,5.0,1,completed,2000649,2000649,41.9,0.0,0.452,1.25
PPO_1tracks_s0_V2_kl,PPO,0,1,2048.0,64,10.0,0.99,0.95,0.0,0.03,,0.0003,5.0,1,completed,2000660,2000660,48.0,0.0,0.773,1.03
PPO_1tracks_s0_V3_ent_kl,PPO,0,1,2048.0,64,10.0,0.99,0.95,0.01,0.03,,0.0003,5.0,1,completed,2000895,2000895,54.3,0.0,0.452,1.09
PPO_1tracks_s0_V4_nsteps,PPO,0,1,8192.0,64,10.0,0.99,0.95,0.0,,,0.0003,5.0,1,completed,2006964,2006964,68.4,0.0,0.494,1.23
PPO_1tracks_s0_V5_logstd,PPO,0,1,2048.0,64,10.0,0.99,0.95,0.0,,-1.0,0.0003,5.0,1,completed,2000773,2000773,37.9,0.0,0.811,1.24
PPO_1tracks_s0_V6_updates,PPO,0,1,2048.0,256,4.0,0.99,0.95,0.0,,,0.0003,5.0,1,completed,2000890,2000890,53.3,0.0,0.451,0.97
PPO_1tracks_s0_V7_lr,PPO,0,1,2048.0,64,10.0,0.99,0.95,0.0,,,0.0001,5.0,1,completed,2000826,2000826,50.4,0.0,0.457,1.24
PPO_1tracks_s0_X1_v4_5M,PPO,0,1,8192.0,64,10.0,0.99,0.95,0.0,,,0.0003,5.0,1,running,2539384,2539384,66.9,0.0,0.494,0.0
PPO_1tracks_s1_G999_s1,PPO,1,1,8192.0,64,10.0,0.999,0.95,0.0,,,0.0003,5.0,1,completed,2004134,2004134,265.1,0.825,1.998,1.15
PPO_1tracks_s2_G999_s2,PPO,2,1,8192.0,64,10.0,0.999,0.95,0.0,,,0.0003,5.0,1,completed,2005144,2005144,70.3,0.032,1.865,1.14
SAC_1tracks_s0_G999_SAC,SAC,0,1,,256,,0.999,,auto,,,0.0003,5.0,1,running,233123,233123,36.7,0.0,0.47,0.0
