time/iterations,time/time_elapsed,rollout/ep_rew_mean,time/fps,time/total_timesteps,rollout/ep_len_mean,train/clip_range,train/explained_variance,train/entropy_loss,train/value_loss,train/loss,train/learning_rate,train/std,train/n_updates,train/clip_fraction,train/approx_kl,train/policy_gradient_loss
1,36,-0.39341271999999994,225,8192,15.15,,,,,,,,,,,
2,78,-0.22063621999999994,208,16384,15.14,0.2,-0.1379868984222412,-2.807128918543458,3.04117978066206,1.2813631296157837,0.0003,0.9815678596496582,10,0.19140625,0.01773667,-0.02184382429877587
3,122,1.59980317,200,24576,18.37,0.2,0.46807026863098145,-2.7423908384516835,3.1794657941907642,1.618333101272583,0.0003,0.943190336227417,20,0.2042724609375,0.018633388,-0.026361500472557964
4,170,2.4461640200000003,192,32768,18.74,0.2,0.42337846755981445,-2.6590782700106503,4.745765897631645,2.6472010612487793,0.0003,0.9056283831596375,30,0.16759033203125,0.017333653,-0.022658911500002432
5,216,3.25028416,188,40960,19.25,0.2,0.378235399723053,-2.586087503284216,7.153533645533026,3.9249300956726074,0.0003,0.8740943670272827,40,0.14862060546875,0.015962424,-0.021391419372230304
6,261,5.57532057,187,49152,22.21,0.2,0.39212679862976074,-2.511680009961128,8.351943222992123,2.9769387245178223,0.0003,0.8457050323486328,50,0.15345458984375,0.015342484,-0.020981672102607263
7,308,7.077390380000001,186,57344,23.37,0.2,0.3850199580192566,-2.436110378243029,9.820841859653592,4.181992530822754,0.0003,0.8152668476104736,60,0.16192626953125,0.015705176,-0.021476493307272904
8,353,6.699395709999999,185,65536,24.73,0.2,0.36749088764190674,-2.3554567582905293,12.098933102935552,5.8008246421813965,0.0003,0.7834222316741943,70,0.14058837890625,0.015036776,-0.020255218336933466
9,401,9.43604825,183,73728,26.03,0.2,0.4140511751174927,-2.2780632631853224,12.943979636579751,6.975381374359131,0.0003,0.7564433813095093,80,0.13975830078125,0.015737645,-0.019260148411194677
10,452,9.28399511,181,81920,25.34,0.2,0.4096829295158386,-2.211450269818306,15.814450953900813,7.254565715789795,0.0003,0.7328142523765564,90,0.1408447265625,0.014334187,-0.017069981244640077
11,504,10.64491216,178,90112,27.23,0.2,0.39793550968170166,-2.1311333037912847,18.592907655239106,8.670626640319824,0.0003,0.7023154497146606,100,0.17701416015625,0.017833449,-0.021175456522178136
12,555,12.033613369999998,176,98304,29.13,0.2,0.3731227517127991,-2.0348609942942857,19.50910835713148,11.368322372436523,0.0003,0.6683444976806641,110,0.1731201171875,0.01955189,-0.01911875622063235
13,602,13.21215052,176,106496,28.11,0.2,0.382063627243042,-1.9496492745354772,21.740788611769677,9.002028465270996,0.0003,0.6442866325378418,120,0.160302734375,0.018036297,-0.016262299042136875
14,650,14.629308029999999,176,114688,29.54,0.2,0.3656201958656311,-1.8756614306010306,23.347634329646827,10.28076457977295,0.0003,0.6214960813522339,130,0.16820068359375,0.01697161,-0.01760627118892444
15,697,15.848753049999997,176,122880,30.87,0.2,0.3979937434196472,-1.8043111789040267,23.833530803769825,11.801984786987305,0.0003,0.6018224954605103,140,0.1736572265625,0.01728265,-0.017993800982003448
16,746,18.42379021,175,131072,31.47,0.2,0.4447539448738098,-1.7252691905945539,24.015506900846958,9.923935890197754,0.0003,0.5783759355545044,150,0.17559814453125,0.017967697,-0.017729087530460673
17,793,19.98594336,175,139264,34.28,0.2,0.41487395763397217,-1.6484571352601052,27.959424443542957,13.033097267150879,0.0003,0.5568144917488098,160,0.18133544921875,0.018669516,-0.01636369750776794
18,841,22.83065017,175,147456,35.36,0.2,0.4175635576248169,-1.5750519099645317,28.744383638352154,17.373414993286133,0.0003,0.5384237766265869,170,0.17767333984375,0.018102057,-0.01754903845321678
19,888,23.854195169999997,175,155648,35.49,0.2,0.47898876667022705,-1.5219017422758043,29.7165326833725,15.045865058898926,0.0003,0.5270541906356812,180,0.17938232421875,0.019494072,-0.01685401841714338
20,934,21.851146370000002,175,163840,32.93,0.2,0.515135645866394,-1.4634244771674276,29.792587780952452,13.751473426818848,0.0003,0.5102853775024414,190,0.17672119140625,0.018795371,-0.015443918694654713
21,976,25.213378239999994,176,172032,37.55,0.2,0.5081220865249634,-1.393697989359498,33.66248253583908,15.083809852600098,0.0003,0.4957506060600281,200,0.18599853515625,0.02015596,-0.016596672384184784
22,1019,26.862597729999997,176,180224,36.21,0.2,0.5110352039337158,-1.3461133046075702,33.01236884444952,20.89912223815918,0.0003,0.4842989146709442,210,0.19786376953125,0.020478318,-0.014520207383975503
23,1063,26.078006619999996,177,188416,34.2,0.2,0.541555643081665,-1.2851473212242126,32.687429283559325,13.735530853271484,0.0003,0.4689122438430786,220,0.18673095703125,0.020793092,-0.0151905476970569
24,1107,27.154839169999995,177,196608,35.37,0.2,0.5479106903076172,-1.234930084645748,35.00123688578606,14.88292121887207,0.0003,0.45842432975769043,230,0.1952880859375,0.021061951,-0.015014516790961352
25,1156,27.250706599999997,177,204800,34.79,0.2,0.5839444398880005,-1.1859949276782573,33.77273052334785,19.147838592529297,0.0003,0.44756972789764404,240,0.20128173828125,0.021262076,-0.017139724470325746
26,1203,26.428827669999997,176,212992,33.98,0.2,0.5731877088546753,-1.1285334754735232,35.4611039981246,30.01066780090332,0.0003,0.4360160827636719,250,0.20013427734375,0.021853134,-0.014042412022536154
27,1246,31.14244653,177,221184,39.6,0.2,0.5829780101776123,-1.0748441017232835,36.286618895828724,11.219343185424805,0.0003,0.4245966672897339,260,0.21099853515625,0.020472087,-0.014783174667172716
28,1295,29.238679799999996,177,229376,36.84,0.2,0.6537103056907654,-1.0313521517440676,30.685856699943542,20.96514320373535,0.0003,0.414171040058136,270,0.21702880859375,0.022154074,-0.015359391728634365
29,1342,32.37145039000001,177,237568,39.97,0.2,0.65115886926651,-0.9854324791580439,31.960855153948067,11.099688529968262,0.0003,0.4059778153896332,280,0.21124267578125,0.02115937,-0.014212465033779154
30,1386,33.44976725000001,177,245760,38.7,0.2,0.6937599182128906,-0.9368702013976872,27.871202462166547,10.339234352111816,0.0003,0.39554810523986816,290,0.21995849609375,0.025024014,-0.01268763914322335
31,1429,31.465098050000005,177,253952,36.2,0.2,0.7312595844268799,-0.8797385115176439,26.352341823279858,12.388627052307129,0.0003,0.385755717754364,300,0.22156982421875,0.025882326,-0.014350560411185143
32,1475,31.480313140000003,177,262144,35.6,0.2,0.665908932685852,-0.8360443696379661,35.808086808025834,20.101863861083984,0.0003,0.3798496425151825,310,0.217138671875,0.022741068,-0.014994067688894575
33,1522,35.78560350000001,177,270336,39.27,0.2,0.6922688484191895,-0.7888012949377299,32.11821662634611,17.97439193725586,0.0003,0.37068143486976624,320,0.239111328125,0.024236653,-0.015888358602751396
34,1566,36.16499409000001,177,278528,39.72,0.2,0.771844744682312,-0.7326920340768993,23.256899932771923,7.802602767944336,0.0003,0.36132216453552246,330,0.25347900390625,0.02846938,-0.013460525710252113
35,1610,38.29568141,178,286720,40.35,0.2,0.7699687480926514,-0.6861646454315633,25.489075401052833,12.876652717590332,0.0003,0.35264089703559875,340,0.24249267578125,0.025084043,-0.014955631432712835
36,1654,40.12405281,178,294912,43.73,0.2,0.80939781665802,-0.6441865345928818,21.404965457692743,6.601361274719238,0.0003,0.3450540602207184,350,0.25037841796875,0.03236525,-0.013513422020696452
37,1697,39.40700547,178,303104,43.0,0.2,0.8321205973625183,-0.594686501706019,19.790279654040933,10.31557559967041,0.0003,0.3376813232898712,360,0.25074462890625,0.03042319,-0.011709657001119922
38,1742,42.51634192,178,311296,42.75,0.2,0.8675670027732849,-0.5389732016250491,17.405918143317102,11.713762283325195,0.0003,0.3277880847454071,370,0.24803466796875,0.028918516,-0.012315757532269345
39,1784,41.96535664,178,319488,42.72,0.2,0.8843109011650085,-0.48123271341901275,14.881011432223023,4.699513912200928,0.0003,0.3197168707847595,380,0.26617431640625,0.03344155,-0.01146007273309806
40,1830,41.62440959,179,327680,41.84,0.2,0.832560122013092,-0.4274909788509831,20.676878630369902,14.821940422058105,0.0003,0.3100832998752594,390,0.24970703125,0.030588463,-0.01058771691587026
41,1880,43.7959203,178,335872,44.49,0.2,0.8663972020149231,-0.3822688583983108,17.78928978256881,4.761758327484131,0.0003,0.30549824237823486,400,0.2646240234375,0.030416748,-0.010579360996052856
42,1930,41.667979470000006,178,344064,42.71,0.2,0.8891577124595642,-0.36064497209154067,15.792176949046553,2.258507490158081,0.0003,0.3010435104370117,410,0.2851806640625,0.033301905,-0.010927714199533511
43,1972,42.09457979,178,352256,42.95,0.2,0.8905637860298157,-0.32935770563781264,16.252502323500813,8.28777027130127,0.0003,0.2974048852920532,420,0.2678955078125,0.034903176,-0.012916457587380137
44,2014,42.51828805,178,360448,44.12,0.2,0.8910622000694275,-0.29409805764444175,15.407017059996724,13.339065551757812,0.0003,0.2912079691886902,430,0.28055419921875,0.030932633,-0.009674819222163933
45,2058,44.92060650000001,179,368640,46.03,0.2,0.8804511427879333,-0.25676572320517155,15.700896331854164,5.832234859466553,0.0003,0.2867273688316345,440,0.2798828125,0.030117888,-0.00940466137290059
46,2101,41.721321589999995,179,376832,43.49,0.2,0.914981484413147,-0.20769440694712102,11.684849584661425,1.696708083152771,0.0003,0.27876561880111694,450,0.3044677734375,0.03676894,-0.00977579617210722
47,2144,45.1661465,179,385024,46.2,0.2,0.9028541445732117,-0.17468490479514004,13.565473653189837,1.5885697603225708,0.0003,0.27661558985710144,460,0.26568603515625,0.03259801,-0.009082247209880734
48,2190,44.37800115,179,393216,45.4,0.2,0.9171172380447388,-0.14611091678962113,12.161294459551574,4.104443550109863,0.0003,0.27150651812553406,470,0.2756103515625,0.036034435,-0.01387585168940859
49,2240,46.68693815999999,179,401408,47.53,0.2,0.9280376434326172,-0.11633747853338719,10.14020206676796,2.444610357284546,0.0003,0.2670126259326935,480,0.29908447265625,0.035715505,-0.008938687358386233
50,2292,46.89238651000001,178,409600,46.94,0.2,0.9447802901268005,-0.06777834882959724,8.257294214889408,1.9267109632492065,0.0003,0.2593124508857727,490,0.28470458984375,0.040561542,-0.012970652198055177
51,2342,45.236063320000014,178,417792,46.84,0.2,0.941798746585846,-0.025058927293866873,8.495152137987315,2.217777729034424,0.0003,0.2568400502204895,500,0.2916748046875,0.036454853,-0.010336573615495582
52,2394,46.41783275000001,177,425984,47.15,0.2,0.9305909276008606,0.01489530960097909,10.519441897328942,11.504137992858887,0.0003,0.24987828731536865,510,0.2827392578125,0.039894745,-0.01093352781908834
53,2443,47.76920125999999,177,434176,47.55,0.2,0.9350408911705017,0.06745468843728304,9.35897586941719,1.5961397886276245,0.0003,0.24336902797222137,520,0.2846435546875,0.03557127,-0.008991806456833729
54,2491,46.78643115,177,442368,47.33,0.2,0.940815269947052,0.1183078734204173,8.759442357625812,7.938665390014648,0.0003,0.23790429532527924,530,0.30028076171875,0.037591897,-0.00827971133221581
55,2542,47.46769741000001,177,450560,47.25,0.2,0.947174608707428,0.16731322472915053,7.760001937393099,1.2201025485992432,0.0003,0.23180373013019562,540,0.29754638671875,0.041220993,-0.011349698510821326
56,2591,46.950486379999994,177,458752,46.02,0.2,0.9414950013160706,0.22162692798301578,8.714784003514797,3.770153284072876,0.0003,0.22552472352981567,550,0.288134765625,0.03945759,-0.01269123477741232
57,2640,48.312268530000004,176,466944,47.1,0.2,0.9178240299224854,0.27223327811807396,11.75092085134238,2.8532137870788574,0.0003,0.21986046433448792,560,0.3095703125,0.043957222,-0.008718281345863943
58,2688,49.13716507,176,475136,48.14,0.2,0.9494047164916992,0.32893839767202737,7.5348638064228,1.9371604919433594,0.0003,0.21332551538944244,570,0.307275390625,0.048605293,-0.008719032012595562
59,2738,48.136774669999994,176,483328,47.28,0.2,0.9641287326812744,0.39750705007463694,5.289777051564306,1.9530004262924194,0.0003,0.20754477381706238,580,0.3078369140625,0.045083057,-0.010929757718622568
60,2787,50.25814433000001,176,491520,48.58,0.2,0.9540892839431763,0.4451363489497453,6.943084379099309,6.744128227233887,0.0003,0.20192576944828033,590,0.28919677734375,0.039138712,-0.00910179924158001
61,2838,49.31978343000001,176,499712,48.47,0.2,0.9475725889205933,0.4852217372972518,7.868355519138277,3.0640647411346436,0.0003,0.19852715730667114,600,0.296337890625,0.04622937,-0.010095274294508272
62,2891,49.48912181,175,507904,47.68,0.2,0.9630430936813354,0.5226438497193158,5.9211066422984,2.2417967319488525,0.0003,0.1953733116388321,610,0.31287841796875,0.0458227,-0.01034902667379356
63,2946,48.64784651,175,516096,47.14,0.2,0.9527751207351685,0.55392980822362,7.878411142900586,1.6144872903823853,0.0003,0.19171008467674255,620,0.2864501953125,0.046223067,-0.008328559745405074
64,3007,50.82066715999999,174,524288,48.26,0.2,0.9433654546737671,0.5989783348981291,8.974294871650637,5.861527919769287,0.0003,0.18690617382526398,630,0.3037353515625,0.046481986,-0.008776634196510712
65,3062,51.03096093999999,173,532480,48.98,0.2,0.9703406691551208,0.6465029196813703,4.56890798099339,3.776658773422241,0.0003,0.18356437981128693,640,0.31617431640625,0.047050875,-0.011044913965270098
66,3120,49.746542850000004,173,540672,47.56,0.2,0.966457724571228,0.672360708238557,5.7069943995215,0.7550235390663147,0.0003,0.18091054260730743,650,0.30093994140625,0.040622614,-0.00840186014011124
67,3178,49.41360098999999,172,548864,46.38,0.2,0.9651151299476624,0.6876840522512794,5.579664934054017,2.0058131217956543,0.0003,0.1798783838748932,660,0.29798583984375,0.041452754,-0.012309393073883257
68,3234,49.28562141,172,557056,46.83,0.2,0.9703477025032043,0.725781963719055,5.009732967568562,1.1126288175582886,0.0003,0.17557285726070404,670,0.29930419921875,0.050955698,-0.009032111802480359
69,3290,50.2877514,171,565248,47.06,0.2,0.9571338295936584,0.7667728515341878,7.062339322920889,2.0217647552490234,0.0003,0.17254489660263062,680,0.312158203125,0.047757972,-0.009570678930504072
70,3349,50.41655722,171,573440,47.61,0.2,0.9531952738761902,0.8045229353941977,7.924451620224863,2.7094130516052246,0.0003,0.16964329779148102,690,0.31986083984375,0.049578443,-0.00948335036428034
71,3407,50.26817114000001,170,581632,47.58,0.2,0.9637642502784729,0.8292411067057401,6.252042040135711,2.5416488647460938,0.0003,0.1680292934179306,700,0.31224365234375,0.045632124,-0.008353982262451608
72,3466,51.25984967,170,589824,48.45,0.2,0.946607232093811,0.8679753604345024,9.028364436328411,2.472604751586914,0.0003,0.16530130803585052,710,0.31343994140625,0.047039025,-0.00950446530005138
73,3525,51.37031315000001,169,598016,47.73,0.2,0.9721882343292236,0.9146707476116717,4.678807174507528,2.185546398162842,0.0003,0.16085205972194672,720,0.30477294921875,0.05173085,-0.005779601942776935
74,3584,52.09240783,169,606208,47.63,0.2,0.9685362577438354,0.9620576066430658,5.303574706055224,2.524726390838623,0.0003,0.15740838646888733,730,0.3007568359375,0.04403041,-0.005851566477576853
75,3641,49.853369470000004,168,614400,47.18,0.2,0.9611433148384094,0.9948144390713424,6.535999270528555,2.437816858291626,0.0003,0.1552663892507553,740,0.30037841796875,0.04708761,-0.006756030739597918
76,3700,52.78132125,168,622592,47.94,0.2,0.9667102694511414,1.0259920120239259,5.588843259494752,2.9918062686920166,0.0003,0.15304145216941833,750,0.3028076171875,0.0454026,-0.006236874657770386
77,3759,51.94781577999999,167,630784,47.89,0.2,0.9608400464057922,1.0700831782072782,6.564287181943655,4.058828353881836,0.0003,0.14921076595783234,760,0.31224365234375,0.050184544,-0.007731676101866469
78,3816,50.22714711,167,638976,46.52,0.2,0.9629842638969421,1.1025829539634286,6.3753991859965025,1.8817757368087769,0.0003,0.148125559091568,770,0.323095703125,0.05518552,-0.00798175082400121
79,3875,51.87456493000001,166,647168,47.33,0.2,0.9428770542144775,1.1286667079664767,10.233597914874554,1.82405686378479,0.0003,0.14524519443511963,780,0.344580078125,0.050109632,-0.006958433973704814
80,3934,52.172478670000004,166,655360,48.0,0.2,0.9611330032348633,1.1612212423235178,6.772832708805799,4.177324295043945,0.0003,0.14280056953430176,790,0.32906494140625,0.048903883,-0.006882301056793949
81,3988,51.813291320000005,166,663552,47.93,0.2,0.9705694317817688,1.2077798624522984,4.860483263805508,2.0284881591796875,0.0003,0.140029177069664,800,0.33387451171875,0.060958147,-0.007508671585674165
82,4043,53.43740336,166,671744,48.7,0.2,0.9531582593917847,1.2359390722587704,8.19793560039252,4.1212382316589355,0.0003,0.13905243575572968,810,0.34036865234375,0.053444445,-0.005025298571854364
83,4098,52.14703535000002,165,679936,47.34,0.2,0.9593394994735718,1.261673773545772,6.82831625752151,4.048898696899414,0.0003,0.13671278953552246,820,0.326708984375,0.06136438,-0.006329476807513857
84,4155,52.503821800000004,165,688128,47.48,0.2,0.9432453513145447,1.285653980076313,9.83825842384249,2.4962708950042725,0.0003,0.1347670704126358,830,0.34869384765625,0.059942998,-0.004208944163838169
85,4211,52.30077971000001,165,696320,47.12,0.2,0.9579769968986511,1.323148539941758,7.083519435487688,1.4970438480377197,0.0003,0.1322886049747467,840,0.33515625,0.05792184,-0.006261728602112271
86,4266,51.93170771999999,165,704512,47.0,0.2,0.9505327343940735,1.3319388592615724,8.877137865312397,3.350139617919922,0.0003,0.1328640878200531,850,0.33973388671875,0.06563419,-0.006301900326798204
87,4322,51.657475409999996,164,712704,47.24,0.2,0.961422860622406,1.3672776453197002,6.796744518075139,1.2204985618591309,0.0003,0.13012783229351044,860,0.36392822265625,0.06664433,-0.006218610251016799
88,4378,52.47525345,164,720896,47.53,0.2,0.9707411527633667,1.4013259801082314,5.103449590690434,2.778745174407959,0.0003,0.1285761147737503,870,0.35887451171875,0.0745047,-0.00502107292504661
89,4434,52.16612552999999,164,729088,46.51,0.2,0.9626960754394531,1.4330545310862361,6.718262417055667,1.8363566398620605,0.0003,0.12650322914123535,880,0.34268798828125,0.06687322,-0.0040045953064691275
90,4490,52.06065794999999,164,737280,47.52,0.2,0.9688634872436523,1.4645063754171133,5.5824802976101635,2.595170021057129,0.0003,0.12438072264194489,890,0.33004150390625,0.059529155,-0.004563132598923403
91,4545,52.36249093000001,163,745472,47.72,0.2,0.9703435897827148,1.485232104640454,5.4597571878694,2.4604783058166504,0.0003,0.12313203513622284,900,0.334912109375,0.06225156,-0.006623276076061302
92,4601,53.55502298,163,753664,48.27,0.2,0.9550852179527283,1.5036520739085972,8.41498665297404,2.599994421005249,0.0003,0.1223708838224411,910,0.3463134765625,0.06791285,-0.0054832771382280045
93,4658,51.20331701,163,761856,46.37,0.2,0.945132315158844,1.5320012955926359,10.471656539849937,5.870681285858154,0.0003,0.12047132849693298,920,0.375439453125,0.06837945,-0.00439061888573633
94,4712,54.01891127000001,163,770048,47.96,0.2,0.9651005268096924,1.5501319816336037,6.235321916546672,1.5555317401885986,0.0003,0.12024587392807007,930,0.37530517578125,0.0791181,0.002501807869703043
95,4760,52.96437858,163,778240,46.89,0.2,0.9595090746879578,1.5748519866727293,7.367886661551893,2.3807907104492188,0.0003,0.1180097907781601,940,0.35841064453125,0.06758068,-0.007618678963990533
96,4801,54.28103193999999,163,786432,47.75,0.2,0.9662055969238281,1.606866943370551,6.105226706154644,2.2014198303222656,0.0003,0.11626768112182617,950,0.34659423828125,0.06274021,-0.004659007507143542
97,4843,53.22064014000001,164,794624,47.09,0.2,0.9583271741867065,1.6178674121387302,7.943646297045052,1.911986231803894,0.0003,0.1162521168589592,960,0.3515380859375,0.06985228,-0.0014783450364120655
98,4896,52.62641371000001,163,802816,46.48,0.2,0.9614579081535339,1.6275568244047462,7.15202926043421,1.8605347871780396,0.0003,0.11509174853563309,970,0.3560791015625,0.07905072,-0.001391773746945546
99,4949,53.33995255,163,811008,47.21,0.2,0.9561934471130371,1.631649323925376,8.060029105190187,3.3310625553131104,0.0003,0.11561667919158936,980,0.369970703125,0.07251178,-0.00025918228238879236
100,5006,54.00794668000001,163,819200,47.69,0.2,0.9689196944236755,1.6447431028820574,6.09965272769332,3.2956604957580566,0.0003,0.11355699598789215,990,0.3474853515625,0.06782587,-0.004749326471392123
101,5061,54.54515955000001,163,827392,47.64,0.2,0.9718555212020874,1.6648942739702761,5.370001334697008,2.0286035537719727,0.0003,0.11332129687070847,1000,0.3459716796875,0.06139659,-0.002303072350696311
102,5115,53.01851776,163,835584,46.5,0.2,0.9691186547279358,1.694234881363809,6.023176337778568,2.3558812141418457,0.0003,0.1115674376487732,1010,0.34564208984375,0.06391401,-0.0019426258108069306
103,5166,53.423015480000004,163,843776,47.07,0.2,0.9560115337371826,1.700431540608406,8.508432302065193,5.044614315032959,0.0003,0.11108808219432831,1020,0.381103515625,0.07924167,-0.000911494207502983
104,5215,53.667497059999995,163,851968,47.3,0.2,0.964595377445221,1.722816521115601,6.8172868678346275,6.1930832862854,0.0003,0.10940089076757431,1030,0.37366943359375,0.07534899,-0.0020206912198773353
105,5264,53.006228740000005,163,860160,46.76,0.2,0.9651099443435669,1.7481188935227692,6.831287829671055,3.385878324508667,0.0003,0.10823279619216919,1040,0.3812744140625,0.08352147,-0.0019720720416444236
106,5314,53.89624621000001,163,868352,47.61,0.2,0.9638015031814575,1.759536917321384,6.690259231161326,7.6222615242004395,0.0003,0.10833771526813507,1050,0.37239990234375,0.07621731,-0.0010656441660103154
107,5367,52.604857380000006,163,876544,46.01,0.2,0.960348904132843,1.773807925079018,7.269616521894932,9.369709968566895,0.0003,0.10667265951633453,1060,0.37757568359375,0.07301973,-0.0020809932433621726
108,5422,52.93439713000001,163,884736,46.5,0.2,0.9530102014541626,1.7868143785744905,8.879625668935478,2.3665037155151367,0.0003,0.10672153532505035,1070,0.37303466796875,0.06835239,-0.0009944222796548275
109,5471,53.09708527,163,892928,46.45,0.2,0.9525334239006042,1.798212573118508,8.918568584881722,2.698122501373291,0.0003,0.1065044105052948,1080,0.37918701171875,0.07868957,0.0007795272904331796
110,5523,53.16848161,163,901120,46.66,0.2,0.9615139961242676,1.80489768628031,7.1210566107183695,3.3462491035461426,0.0003,0.10667572915554047,1090,0.3833740234375,0.08055386,0.0019097643546047039
111,5573,51.911050169999996,163,909312,46.09,0.2,0.9633607864379883,1.8177343317307533,6.815224422886968,3.8044919967651367,0.0003,0.10581006109714508,1100,0.35728759765625,0.080494136,0.0013669843650859549
112,5624,53.35858432,163,917504,46.31,0.2,0.956854522228241,1.8293392180465162,8.066792070120574,3.493854522705078,0.0003,0.10453986376523972,1110,0.3583251953125,0.07634027,-0.0027061074097218807
113,5675,54.5208756,163,925696,47.54,0.2,0.9653183817863464,1.8633961885236203,6.300501600652933,3.3523571491241455,0.0003,0.10261498391628265,1120,0.370263671875,0.08043739,0.0009188287554934505
114,5727,52.67784494000001,163,933888,46.08,0.2,0.9661818742752075,1.8755285805091262,6.369560283236206,3.284247398376465,0.0003,0.10205475986003876,1130,0.3700927734375,0.081603944,0.0018700844246268388
115,5778,53.64523343,163,942080,46.34,0.2,0.9437592625617981,1.9004048476926982,10.742097572609783,8.729037284851074,0.0003,0.10065248608589172,1140,0.39317626953125,0.07457009,0.0013717374171392295
